kappa,bits,mode,seed,step,rel_gap
10.0,fp32,-,0,0,0.21875085337052066
10.0,fp32,-,0,25,5.3912215838886e-07
10.0,fp32,-,0,50,1.172803034768804e-11
10.0,fp32,-,0,75,2.968925472317386e-14
10.0,fp32,-,0,100,3.0268893628865175e-14
10.0,fp32,-,0,125,3.1437367257395314e-14
10.0,fp32,-,0,150,2.928749666804263e-14
10.0,fp32,-,0,175,3.111748080596227e-14
10.0,fp32,-,0,200,3.0938275712929206e-14
10.0,fp32,-,0,225,2.9533265377204527e-14
10.0,fp32,-,0,250,3.270757875015776e-14
10.0,fp32,-,0,275,2.985595867163203e-14
10.0,fp32,-,0,300,3.27015667606713e-14
10.0,fp32,-,0,325,3.3013634554839195e-14
10.0,fp32,-,0,350,3.4405003568644324e-14
10.0,fp32,-,0,375,3.017835044294743e-14
10.0,fp32,-,0,400,3.303578728251514e-14
10.0,fp32,-,0,425,3.42432117716966e-14
10.0,fp32,-,0,450,3.175137889961754e-14
10.0,fp32,-,0,475,3.2219971008343213e-14
10.0,fp32,-,0,500,3.093598441171743e-14
10.0,fp32,-,0,525,3.1079823427336326e-14
10.0,fp32,-,0,550,3.240229704680323e-14
10.0,fp32,-,0,575,3.099355386637586e-14
10.0,fp32,-,0,600,3.147348527487265e-14
10.0,fp32,-,0,625,3.035897483766922e-14
10.0,fp32,-,0,650,3.214724115577485e-14
10.0,fp32,-,0,675,3.2141402332355085e-14
10.0,fp32,-,0,700,3.078945801901387e-14
10.0,fp32,-,0,725,3.0935313287312535e-14
10.0,fp32,-,0,750,3.13896617095796e-14
10.0,fp32,-,0,775,3.131690218295411e-14
10.0,fp32,-,0,800,3.2856229088711715e-14
10.0,fp32,-,0,825,3.068026244647501e-14
10.0,fp32,-,0,850,3.2503805992092423e-14
10.0,fp32,-,0,875,3.419277243040656e-14
10.0,fp32,-,0,900,3.079183482318015e-14
10.0,fp32,-,0,925,3.1597310447207637e-14
10.0,fp32,-,0,950,3.1199613253048765e-14
10.0,fp32,-,0,975,3.049249140321132e-14
10.0,fp32,-,0,1000,2.8048924747594776e-14
10.0,fp32,-,0,1025,3.086069904605426e-14
10.0,fp32,-,0,1050,3.3289683974458794e-14
10.0,fp32,-,0,1075,2.964975874486837e-14
10.0,fp32,-,0,1100,2.934275762536064e-14
10.0,fp32,-,0,1125,3.251082044932965e-14
10.0,fp32,-,0,1150,3.038795460764684e-14
10.0,fp32,-,0,1175,3.046315176386189e-14
10.0,fp32,-,0,1200,3.146734678786913e-14
10.0,fp32,-,0,1225,3.134460845590061e-14
10.0,fp32,-,0,1250,3.117727640018178e-14
10.0,fp32,-,0,1275,3.155767905252392e-14
10.0,fp32,-,0,1300,3.311713085415914e-14
10.0,fp32,-,0,1325,3.1191246540343e-14
10.0,fp32,-,0,1350,2.932909071409898e-14
10.0,fp32,-,0,1375,3.092925167404123e-14
10.0,fp32,-,0,1400,3.169518480200666e-14
10.0,fp32,-,0,1425,3.005255981028692e-14
10.0,fp32,-,0,1450,3.0423096199603944e-14
10.0,fp32,-,0,1475,3.062105421162405e-14
10.0,fp32,-,0,1500,3.1759452883372134e-14
10.0,fp32,-,0,1525,3.2140303840735747e-14
10.0,fp32,-,0,1550,3.078813638461193e-14
10.0,fp32,-,0,1575,3.186795296586696e-14
10.0,fp32,-,0,1600,3.128185665095061e-14
10.0,fp32,-,0,1625,3.19353454447871e-14
10.0,fp32,-,0,1650,3.273996905223584e-14
10.0,fp32,-,0,1675,3.470738735834905e-14
10.0,fp32,-,0,1700,3.19432519643268e-14
10.0,fp32,-,0,1725,3.456543681213984e-14
10.0,fp32,-,0,1750,3.1732515717499225e-14
10.0,fp32,-,0,1775,3.125289264785783e-14
10.0,fp32,-,0,1800,3.370280138878462e-14
10.0,fp32,-,0,1825,3.1601962857514806e-14
10.0,fp32,-,0,1850,3.4099373264894526e-14
10.0,fp32,-,0,1875,3.3157974538916524e-14
10.0,fp32,-,0,1900,2.997118292035612e-14
10.0,fp32,-,0,1925,3.2279391648647024e-14
10.0,fp32,-,0,1950,3.175716761643668e-14
10.0,fp32,-,0,1975,3.3709880885994306e-14
10.0,fp32,-,0,2000,3.012347661131382e-14
10.0,fp32,-,0,2025,3.342380395603242e-14
10.0,fp32,-,0,2050,3.023259362416885e-14
10.0,fp32,-,0,2075,3.155160590046132e-14
10.0,fp32,-,0,2100,3.2872241793940314e-14
10.0,fp32,-,0,2125,3.1367562907140835e-14
10.0,fp32,-,0,2150,3.1518978761143326e-14
10.0,fp32,-,0,2175,3.482345072698113e-14
10.0,fp32,-,0,2200,3.0884257061077045e-14
10.0,fp32,-,0,2225,3.3888106722125155e-14
10.0,fp32,-,0,2250,3.350703368163976e-14
10.0,fp32,-,0,2275,3.164571657217676e-14
10.0,fp32,-,0,2300,3.263655443832533e-14
10.0,fp32,-,0,2325,3.1920266907195803e-14
10.0,fp32,-,0,2350,3.296639486077081e-14
10.0,fp32,-,0,2375,3.330523001110766e-14
10.0,fp32,-,0,2400,2.7466610632143813e-14
10.0,fp32,-,0,2425,3.0062256454993284e-14
10.0,fp32,-,0,2450,3.340485934220853e-14
10.0,fp32,-,0,2475,3.012127419524454e-14
10.0,fp32,-,0,2500,3.0390485006970197e-14
10.0,fp32,-,0,2525,3.135878138895061e-14
10.0,fp32,-,0,2550,2.87559543595418e-14
10.0,fp32,-,0,2575,3.1036777160300883e-14
10.0,fp32,-,0,2600,3.109284714213295e-14
10.0,fp32,-,0,2625,3.137306353936911e-14
10.0,fp32,-,0,2650,3.221508920464304e-14
10.0,fp32,-,0,2675,3.1646160901086025e-14
10.0,fp32,-,0,2700,3.162501367759258e-14
10.0,fp32,-,0,2725,3.290243249495613e-14
10.0,fp32,-,0,2750,3.0289847413127995e-14
10.0,fp32,-,0,2775,3.171305859813491e-14
10.0,fp32,-,0,2800,3.0886026044456254e-14
10.0,fp32,-,0,2825,2.982543120783751e-14
10.0,fp32,-,0,2850,3.0694899310829783e-14
10.0,fp32,-,0,2875,3.233334988366283e-14
10.0,fp32,-,0,2900,3.136122883373157e-14
10.0,fp32,-,0,2925,3.125128381568966e-14
10.0,fp32,-,0,2950,3.029112410360677e-14
10.0,fp32,-,0,2975,3.113337540822777e-14
10.0,fp32,-,0,2999,3.186869640681969e-14
10.0,fp32,-,1,0,0.21875085337052066
10.0,fp32,-,1,25,5.3912215838886e-07
10.0,fp32,-,1,50,1.172803034768804e-11
10.0,fp32,-,1,75,2.968925472317386e-14
10.0,fp32,-,1,100,3.0268893628865175e-14
10.0,fp32,-,1,125,3.1437367257395314e-14
10.0,fp32,-,1,150,2.928749666804263e-14
10.0,fp32,-,1,175,3.111748080596227e-14
10.0,fp32,-,1,200,3.0938275712929206e-14
10.0,fp32,-,1,225,2.9533265377204527e-14
10.0,fp32,-,1,250,3.270757875015776e-14
10.0,fp32,-,1,275,2.985595867163203e-14
10.0,fp32,-,1,300,3.27015667606713e-14
10.0,fp32,-,1,325,3.3013634554839195e-14
10.0,fp32,-,1,350,3.4405003568644324e-14
10.0,fp32,-,1,375,3.017835044294743e-14
10.0,fp32,-,1,400,3.303578728251514e-14
10.0,fp32,-,1,425,3.42432117716966e-14
10.0,fp32,-,1,450,3.175137889961754e-14
10.0,fp32,-,1,475,3.2219971008343213e-14
10.0,fp32,-,1,500,3.093598441171743e-14
10.0,fp32,-,1,525,3.1079823427336326e-14
10.0,fp32,-,1,550,3.240229704680323e-14
10.0,fp32,-,1,575,3.099355386637586e-14
10.0,fp32,-,1,600,3.147348527487265e-14
10.0,fp32,-,1,625,3.035897483766922e-14
10.0,fp32,-,1,650,3.214724115577485e-14
10.0,fp32,-,1,675,3.2141402332355085e-14
10.0,fp32,-,1,700,3.078945801901387e-14
10.0,fp32,-,1,725,3.0935313287312535e-14
10.0,fp32,-,1,750,3.13896617095796e-14
10.0,fp32,-,1,775,3.131690218295411e-14
10.0,fp32,-,1,800,3.2856229088711715e-14
10.0,fp32,-,1,825,3.068026244647501e-14
10.0,fp32,-,1,850,3.2503805992092423e-14
10.0,fp32,-,1,875,3.419277243040656e-14
10.0,fp32,-,1,900,3.079183482318015e-14
10.0,fp32,-,1,925,3.1597310447207637e-14
10.0,fp32,-,1,950,3.1199613253048765e-14
10.0,fp32,-,1,975,3.049249140321132e-14
10.0,fp32,-,1,1000,2.8048924747594776e-14
10.0,fp32,-,1,1025,3.086069904605426e-14
10.0,fp32,-,1,1050,3.3289683974458794e-14
10.0,fp32,-,1,1075,2.964975874486837e-14
10.0,fp32,-,1,1100,2.934275762536064e-14
10.0,fp32,-,1,1125,3.251082044932965e-14
10.0,fp32,-,1,1150,3.038795460764684e-14
10.0,fp32,-,1,1175,3.046315176386189e-14
10.0,fp32,-,1,1200,3.146734678786913e-14
10.0,fp32,-,1,1225,3.134460845590061e-14
10.0,fp32,-,1,1250,3.117727640018178e-14
10.0,fp32,-,1,1275,3.155767905252392e-14
10.0,fp32,-,1,1300,3.311713085415914e-14
10.0,fp32,-,1,1325,3.1191246540343e-14
10.0,fp32,-,1,1350,2.932909071409898e-14
10.0,fp32,-,1,1375,3.092925167404123e-14
10.0,fp32,-,1,1400,3.169518480200666e-14
10.0,fp32,-,1,1425,3.005255981028692e-14
10.0,fp32,-,1,1450,3.0423096199603944e-14
10.0,fp32,-,1,1475,3.062105421162405e-14
10.0,fp32,-,1,1500,3.1759452883372134e-14
10.0,fp32,-,1,1525,3.2140303840735747e-14
10.0,fp32,-,1,1550,3.078813638461193e-14
10.0,fp32,-,1,1575,3.186795296586696e-14
10.0,fp32,-,1,1600,3.128185665095061e-14
10.0,fp32,-,1,1625,3.19353454447871e-14
10.0,fp32,-,1,1650,3.273996905223584e-14
10.0,fp32,-,1,1675,3.470738735834905e-14
10.0,fp32,-,1,1700,3.19432519643268e-14
10.0,fp32,-,1,1725,3.456543681213984e-14
10.0,fp32,-,1,1750,3.1732515717499225e-14
10.0,fp32,-,1,1775,3.125289264785783e-14
10.0,fp32,-,1,1800,3.370280138878462e-14
10.0,fp32,-,1,1825,3.1601962857514806e-14
10.0,fp32,-,1,1850,3.4099373264894526e-14
10.0,fp32,-,1,1875,3.3157974538916524e-14
10.0,fp32,-,1,1900,2.997118292035612e-14
10.0,fp32,-,1,1925,3.2279391648647024e-14
10.0,fp32,-,1,1950,3.175716761643668e-14
10.0,fp32,-,1,1975,3.3709880885994306e-14
10.0,fp32,-,1,2000,3.012347661131382e-14
10.0,fp32,-,1,2025,3.342380395603242e-14
10.0,fp32,-,1,2050,3.023259362416885e-14
10.0,fp32,-,1,2075,3.155160590046132e-14
10.0,fp32,-,1,2100,3.2872241793940314e-14
10.0,fp32,-,1,2125,3.1367562907140835e-14
10.0,fp32,-,1,2150,3.1518978761143326e-14
10.0,fp32,-,1,2175,3.482345072698113e-14
10.0,fp32,-,1,2200,3.0884257061077045e-14
10.0,fp32,-,1,2225,3.3888106722125155e-14
10.0,fp32,-,1,2250,3.350703368163976e-14
10.0,fp32,-,1,2275,3.164571657217676e-14
10.0,fp32,-,1,2300,3.263655443832533e-14
10.0,fp32,-,1,2325,3.1920266907195803e-14
10.0,fp32,-,1,2350,3.296639486077081e-14
10.0,fp32,-,1,2375,3.330523001110766e-14
10.0,fp32,-,1,2400,2.7466610632143813e-14
10.0,fp32,-,1,2425,3.0062256454993284e-14
10.0,fp32,-,1,2450,3.340485934220853e-14
10.0,fp32,-,1,2475,3.012127419524454e-14
10.0,fp32,-,1,2500,3.0390485006970197e-14
10.0,fp32,-,1,2525,3.135878138895061e-14
10.0,fp32,-,1,2550,2.87559543595418e-14
10.0,fp32,-,1,2575,3.1036777160300883e-14
10.0,fp32,-,1,2600,3.109284714213295e-14
10.0,fp32,-,1,2625,3.137306353936911e-14
10.0,fp32,-,1,2650,3.221508920464304e-14
10.0,fp32,-,1,2675,3.1646160901086025e-14
10.0,fp32,-,1,2700,3.162501367759258e-14
10.0,fp32,-,1,2725,3.290243249495613e-14
10.0,fp32,-,1,2750,3.0289847413127995e-14
10.0,fp32,-,1,2775,3.171305859813491e-14
10.0,fp32,-,1,2800,3.0886026044456254e-14
10.0,fp32,-,1,2825,2.982543120783751e-14
10.0,fp32,-,1,2850,3.0694899310829783e-14
10.0,fp32,-,1,2875,3.233334988366283e-14
10.0,fp32,-,1,2900,3.136122883373157e-14
10.0,fp32,-,1,2925,3.125128381568966e-14
10.0,fp32,-,1,2950,3.029112410360677e-14
10.0,fp32,-,1,2975,3.113337540822777e-14
10.0,fp32,-,1,2999,3.186869640681969e-14
10.0,fp32,-,2,0,0.21875085337052066
10.0,fp32,-,2,25,5.3912215838886e-07
10.0,fp32,-,2,50,1.172803034768804e-11
10.0,fp32,-,2,75,2.968925472317386e-14
10.0,fp32,-,2,100,3.0268893628865175e-14
10.0,fp32,-,2,125,3.1437367257395314e-14
10.0,fp32,-,2,150,2.928749666804263e-14
10.0,fp32,-,2,175,3.111748080596227e-14
10.0,fp32,-,2,200,3.0938275712929206e-14
10.0,fp32,-,2,225,2.9533265377204527e-14
10.0,fp32,-,2,250,3.270757875015776e-14
10.0,fp32,-,2,275,2.985595867163203e-14
10.0,fp32,-,2,300,3.27015667606713e-14
10.0,fp32,-,2,325,3.3013634554839195e-14
10.0,fp32,-,2,350,3.4405003568644324e-14
10.0,fp32,-,2,375,3.017835044294743e-14
10.0,fp32,-,2,400,3.303578728251514e-14
10.0,fp32,-,2,425,3.42432117716966e-14
10.0,fp32,-,2,450,3.175137889961754e-14
10.0,fp32,-,2,475,3.2219971008343213e-14
10.0,fp32,-,2,500,3.093598441171743e-14
10.0,fp32,-,2,525,3.1079823427336326e-14
10.0,fp32,-,2,550,3.240229704680323e-14
10.0,fp32,-,2,575,3.099355386637586e-14
10.0,fp32,-,2,600,3.147348527487265e-14
10.0,fp32,-,2,625,3.035897483766922e-14
10.0,fp32,-,2,650,3.214724115577485e-14
10.0,fp32,-,2,675,3.2141402332355085e-14
10.0,fp32,-,2,700,3.078945801901387e-14
10.0,fp32,-,2,725,3.0935313287312535e-14
10.0,fp32,-,2,750,3.13896617095796e-14
10.0,fp32,-,2,775,3.131690218295411e-14
10.0,fp32,-,2,800,3.2856229088711715e-14
10.0,fp32,-,2,825,3.068026244647501e-14
10.0,fp32,-,2,850,3.2503805992092423e-14
10.0,fp32,-,2,875,3.419277243040656e-14
10.0,fp32,-,2,900,3.079183482318015e-14
10.0,fp32,-,2,925,3.1597310447207637e-14
10.0,fp32,-,2,950,3.1199613253048765e-14
10.0,fp32,-,2,975,3.049249140321132e-14
10.0,fp32,-,2,1000,2.8048924747594776e-14
10.0,fp32,-,2,1025,3.086069904605426e-14
10.0,fp32,-,2,1050,3.3289683974458794e-14
10.0,fp32,-,2,1075,2.964975874486837e-14
10.0,fp32,-,2,1100,2.934275762536064e-14
10.0,fp32,-,2,1125,3.251082044932965e-14
10.0,fp32,-,2,1150,3.038795460764684e-14
10.0,fp32,-,2,1175,3.046315176386189e-14
10.0,fp32,-,2,1200,3.146734678786913e-14
10.0,fp32,-,2,1225,3.134460845590061e-14
10.0,fp32,-,2,1250,3.117727640018178e-14
10.0,fp32,-,2,1275,3.155767905252392e-14
10.0,fp32,-,2,1300,3.311713085415914e-14
10.0,fp32,-,2,1325,3.1191246540343e-14
10.0,fp32,-,2,1350,2.932909071409898e-14
10.0,fp32,-,2,1375,3.092925167404123e-14
10.0,fp32,-,2,1400,3.169518480200666e-14
10.0,fp32,-,2,1425,3.005255981028692e-14
10.0,fp32,-,2,1450,3.0423096199603944e-14
10.0,fp32,-,2,1475,3.062105421162405e-14
10.0,fp32,-,2,1500,3.1759452883372134e-14
10.0,fp32,-,2,1525,3.2140303840735747e-14
10.0,fp32,-,2,1550,3.078813638461193e-14
10.0,fp32,-,2,1575,3.186795296586696e-14
10.0,fp32,-,2,1600,3.128185665095061e-14
10.0,fp32,-,2,1625,3.19353454447871e-14
10.0,fp32,-,2,1650,3.273996905223584e-14
10.0,fp32,-,2,1675,3.470738735834905e-14
10.0,fp32,-,2,1700,3.19432519643268e-14
10.0,fp32,-,2,1725,3.456543681213984e-14
10.0,fp32,-,2,1750,3.1732515717499225e-14
10.0,fp32,-,2,1775,3.125289264785783e-14
10.0,fp32,-,2,1800,3.370280138878462e-14
10.0,fp32,-,2,1825,3.1601962857514806e-14
10.0,fp32,-,2,1850,3.4099373264894526e-14
10.0,fp32,-,2,1875,3.3157974538916524e-14
10.0,fp32,-,2,1900,2.997118292035612e-14
10.0,fp32,-,2,1925,3.2279391648647024e-14
10.0,fp32,-,2,1950,3.175716761643668e-14
10.0,fp32,-,2,1975,3.3709880885994306e-14
10.0,fp32,-,2,2000,3.012347661131382e-14
10.0,fp32,-,2,2025,3.342380395603242e-14
10.0,fp32,-,2,2050,3.023259362416885e-14
10.0,fp32,-,2,2075,3.155160590046132e-14
10.0,fp32,-,2,2100,3.2872241793940314e-14
10.0,fp32,-,2,2125,3.1367562907140835e-14
10.0,fp32,-,2,2150,3.1518978761143326e-14
10.0,fp32,-,2,2175,3.482345072698113e-14
10.0,fp32,-,2,2200,3.0884257061077045e-14
10.0,fp32,-,2,2225,3.3888106722125155e-14
10.0,fp32,-,2,2250,3.350703368163976e-14
10.0,fp32,-,2,2275,3.164571657217676e-14
10.0,fp32,-,2,2300,3.263655443832533e-14
10.0,fp32,-,2,2325,3.1920266907195803e-14
10.0,fp32,-,2,2350,3.296639486077081e-14
10.0,fp32,-,2,2375,3.330523001110766e-14
10.0,fp32,-,2,2400,2.7466610632143813e-14
10.0,fp32,-,2,2425,3.0062256454993284e-14
10.0,fp32,-,2,2450,3.340485934220853e-14
10.0,fp32,-,2,2475,3.012127419524454e-14
10.0,fp32,-,2,2500,3.0390485006970197e-14
10.0,fp32,-,2,2525,3.135878138895061e-14
10.0,fp32,-,2,2550,2.87559543595418e-14
10.0,fp32,-,2,2575,3.1036777160300883e-14
10.0,fp32,-,2,2600,3.109284714213295e-14
10.0,fp32,-,2,2625,3.137306353936911e-14
10.0,fp32,-,2,2650,3.221508920464304e-14
10.0,fp32,-,2,2675,3.1646160901086025e-14
10.0,fp32,-,2,2700,3.162501367759258e-14
10.0,fp32,-,2,2725,3.290243249495613e-14
10.0,fp32,-,2,2750,3.0289847413127995e-14
10.0,fp32,-,2,2775,3.171305859813491e-14
10.0,fp32,-,2,2800,3.0886026044456254e-14
10.0,fp32,-,2,2825,2.982543120783751e-14
10.0,fp32,-,2,2850,3.0694899310829783e-14
10.0,fp32,-,2,2875,3.233334988366283e-14
10.0,fp32,-,2,2900,3.136122883373157e-14
10.0,fp32,-,2,2925,3.125128381568966e-14
10.0,fp32,-,2,2950,3.029112410360677e-14
10.0,fp32,-,2,2975,3.113337540822777e-14
10.0,fp32,-,2,2999,3.186869640681969e-14
10.0,16,rtn,0,0,0.21875072179474442
10.0,16,rtn,0,25,5.556638700002661e-07
10.0,16,rtn,0,50,6.5734620426221e-09
10.0,16,rtn,0,75,6.5734620426221e-09
10.0,16,rtn,0,100,6.5734620426221e-09
10.0,16,rtn,0,125,6.5734620426221e-09
10.0,16,rtn,0,150,6.5734620426221e-09
10.0,16,rtn,0,175,6.5734620426221e-09
10.0,16,rtn,0,200,6.5734620426221e-09
10.0,16,rtn,0,225,6.5734620426221e-09
10.0,16,rtn,0,250,6.5734620426221e-09
10.0,16,rtn,0,275,6.5734620426221e-09
10.0,16,rtn,0,300,6.5734620426221e-09
10.0,16,rtn,0,325,6.5734620426221e-09
10.0,16,rtn,0,350,6.5734620426221e-09
10.0,16,rtn,0,375,6.5734620426221e-09
10.0,16,rtn,0,400,6.5734620426221e-09
10.0,16,rtn,0,425,6.5734620426221e-09
10.0,16,rtn,0,450,6.5734620426221e-09
10.0,16,rtn,0,475,6.5734620426221e-09
10.0,16,rtn,0,500,6.5734620426221e-09
10.0,16,rtn,0,525,6.5734620426221e-09
10.0,16,rtn,0,550,6.5734620426221e-09
10.0,16,rtn,0,575,6.5734620426221e-09
10.0,16,rtn,0,600,6.5734620426221e-09
10.0,16,rtn,0,625,6.5734620426221e-09
10.0,16,rtn,0,650,6.5734620426221e-09
10.0,16,rtn,0,675,6.5734620426221e-09
10.0,16,rtn,0,700,6.5734620426221e-09
10.0,16,rtn,0,725,6.5734620426221e-09
10.0,16,rtn,0,750,6.5734620426221e-09
10.0,16,rtn,0,775,6.5734620426221e-09
10.0,16,rtn,0,800,6.5734620426221e-09
10.0,16,rtn,0,825,6.5734620426221e-09
10.0,16,rtn,0,850,6.5734620426221e-09
10.0,16,rtn,0,875,6.5734620426221e-09
10.0,16,rtn,0,900,6.5734620426221e-09
10.0,16,rtn,0,925,6.5734620426221e-09
10.0,16,rtn,0,950,6.5734620426221e-09
10.0,16,rtn,0,975,6.5734620426221e-09
10.0,16,rtn,0,1000,6.5734620426221e-09
10.0,16,rtn,0,1025,6.5734620426221e-09
10.0,16,rtn,0,1050,6.5734620426221e-09
10.0,16,rtn,0,1075,6.5734620426221e-09
10.0,16,rtn,0,1100,6.5734620426221e-09
10.0,16,rtn,0,1125,6.5734620426221e-09
10.0,16,rtn,0,1150,6.5734620426221e-09
10.0,16,rtn,0,1175,6.5734620426221e-09
10.0,16,rtn,0,1200,6.5734620426221e-09
10.0,16,rtn,0,1225,6.5734620426221e-09
10.0,16,rtn,0,1250,6.5734620426221e-09
10.0,16,rtn,0,1275,6.5734620426221e-09
10.0,16,rtn,0,1300,6.5734620426221e-09
10.0,16,rtn,0,1325,6.5734620426221e-09
10.0,16,rtn,0,1350,6.5734620426221e-09
10.0,16,rtn,0,1375,6.5734620426221e-09
10.0,16,rtn,0,1400,6.5734620426221e-09
10.0,16,rtn,0,1425,6.5734620426221e-09
10.0,16,rtn,0,1450,6.5734620426221e-09
10.0,16,rtn,0,1475,6.5734620426221e-09
10.0,16,rtn,0,1500,6.5734620426221e-09
10.0,16,rtn,0,1525,6.5734620426221e-09
10.0,16,rtn,0,1550,6.5734620426221e-09
10.0,16,rtn,0,1575,6.5734620426221e-09
10.0,16,rtn,0,1600,6.5734620426221e-09
10.0,16,rtn,0,1625,6.5734620426221e-09
10.0,16,rtn,0,1650,6.5734620426221e-09
10.0,16,rtn,0,1675,6.5734620426221e-09
10.0,16,rtn,0,1700,6.5734620426221e-09
10.0,16,rtn,0,1725,6.5734620426221e-09
10.0,16,rtn,0,1750,6.5734620426221e-09
10.0,16,rtn,0,1775,6.5734620426221e-09
10.0,16,rtn,0,1800,6.5734620426221e-09
10.0,16,rtn,0,1825,6.5734620426221e-09
10.0,16,rtn,0,1850,6.5734620426221e-09
10.0,16,rtn,0,1875,6.5734620426221e-09
10.0,16,rtn,0,1900,6.5734620426221e-09
10.0,16,rtn,0,1925,6.5734620426221e-09
10.0,16,rtn,0,1950,6.5734620426221e-09
10.0,16,rtn,0,1975,6.5734620426221e-09
10.0,16,rtn,0,2000,6.5734620426221e-09
10.0,16,rtn,0,2025,6.5734620426221e-09
10.0,16,rtn,0,2050,6.5734620426221e-09
10.0,16,rtn,0,2075,6.5734620426221e-09
10.0,16,rtn,0,2100,6.5734620426221e-09
10.0,16,rtn,0,2125,6.5734620426221e-09
10.0,16,rtn,0,2150,6.5734620426221e-09
10.0,16,rtn,0,2175,6.5734620426221e-09
10.0,16,rtn,0,2200,6.5734620426221e-09
10.0,16,rtn,0,2225,6.5734620426221e-09
10.0,16,rtn,0,2250,6.5734620426221e-09
10.0,16,rtn,0,2275,6.5734620426221e-09
10.0,16,rtn,0,2300,6.5734620426221e-09
10.0,16,rtn,0,2325,6.5734620426221e-09
10.0,16,rtn,0,2350,6.5734620426221e-09
10.0,16,rtn,0,2375,6.5734620426221e-09
10.0,16,rtn,0,2400,6.5734620426221e-09
10.0,16,rtn,0,2425,6.5734620426221e-09
10.0,16,rtn,0,2450,6.5734620426221e-09
10.0,16,rtn,0,2475,6.5734620426221e-09
10.0,16,rtn,0,2500,6.5734620426221e-09
10.0,16,rtn,0,2525,6.5734620426221e-09
10.0,16,rtn,0,2550,6.5734620426221e-09
10.0,16,rtn,0,2575,6.5734620426221e-09
10.0,16,rtn,0,2600,6.5734620426221e-09
10.0,16,rtn,0,2625,6.5734620426221e-09
10.0,16,rtn,0,2650,6.5734620426221e-09
10.0,16,rtn,0,2675,6.5734620426221e-09
10.0,16,rtn,0,2700,6.5734620426221e-09
10.0,16,rtn,0,2725,6.5734620426221e-09
10.0,16,rtn,0,2750,6.5734620426221e-09
10.0,16,rtn,0,2775,6.5734620426221e-09
10.0,16,rtn,0,2800,6.5734620426221e-09
10.0,16,rtn,0,2825,6.5734620426221e-09
10.0,16,rtn,0,2850,6.5734620426221e-09
10.0,16,rtn,0,2875,6.5734620426221e-09
10.0,16,rtn,0,2900,6.5734620426221e-09
10.0,16,rtn,0,2925,6.5734620426221e-09
10.0,16,rtn,0,2950,6.5734620426221e-09
10.0,16,rtn,0,2975,6.5734620426221e-09
10.0,16,rtn,0,2999,6.5734620426221e-09
10.0,16,rtn,1,0,0.21875072179474442
10.0,16,rtn,1,25,5.556638700002661e-07
10.0,16,rtn,1,50,6.5734620426221e-09
10.0,16,rtn,1,75,6.5734620426221e-09
10.0,16,rtn,1,100,6.5734620426221e-09
10.0,16,rtn,1,125,6.5734620426221e-09
10.0,16,rtn,1,150,6.5734620426221e-09
10.0,16,rtn,1,175,6.5734620426221e-09
10.0,16,rtn,1,200,6.5734620426221e-09
10.0,16,rtn,1,225,6.5734620426221e-09
10.0,16,rtn,1,250,6.5734620426221e-09
10.0,16,rtn,1,275,6.5734620426221e-09
10.0,16,rtn,1,300,6.5734620426221e-09
10.0,16,rtn,1,325,6.5734620426221e-09
10.0,16,rtn,1,350,6.5734620426221e-09
10.0,16,rtn,1,375,6.5734620426221e-09
10.0,16,rtn,1,400,6.5734620426221e-09
10.0,16,rtn,1,425,6.5734620426221e-09
10.0,16,rtn,1,450,6.5734620426221e-09
10.0,16,rtn,1,475,6.5734620426221e-09
10.0,16,rtn,1,500,6.5734620426221e-09
10.0,16,rtn,1,525,6.5734620426221e-09
10.0,16,rtn,1,550,6.5734620426221e-09
10.0,16,rtn,1,575,6.5734620426221e-09
10.0,16,rtn,1,600,6.5734620426221e-09
10.0,16,rtn,1,625,6.5734620426221e-09
10.0,16,rtn,1,650,6.5734620426221e-09
10.0,16,rtn,1,675,6.5734620426221e-09
10.0,16,rtn,1,700,6.5734620426221e-09
10.0,16,rtn,1,725,6.5734620426221e-09
10.0,16,rtn,1,750,6.5734620426221e-09
10.0,16,rtn,1,775,6.5734620426221e-09
10.0,16,rtn,1,800,6.5734620426221e-09
10.0,16,rtn,1,825,6.5734620426221e-09
10.0,16,rtn,1,850,6.5734620426221e-09
10.0,16,rtn,1,875,6.5734620426221e-09
10.0,16,rtn,1,900,6.5734620426221e-09
10.0,16,rtn,1,925,6.5734620426221e-09
10.0,16,rtn,1,950,6.5734620426221e-09
10.0,16,rtn,1,975,6.5734620426221e-09
10.0,16,rtn,1,1000,6.5734620426221e-09
10.0,16,rtn,1,1025,6.5734620426221e-09
10.0,16,rtn,1,1050,6.5734620426221e-09
10.0,16,rtn,1,1075,6.5734620426221e-09
10.0,16,rtn,1,1100,6.5734620426221e-09
10.0,16,rtn,1,1125,6.5734620426221e-09
10.0,16,rtn,1,1150,6.5734620426221e-09
10.0,16,rtn,1,1175,6.5734620426221e-09
10.0,16,rtn,1,1200,6.5734620426221e-09
10.0,16,rtn,1,1225,6.5734620426221e-09
10.0,16,rtn,1,1250,6.5734620426221e-09
10.0,16,rtn,1,1275,6.5734620426221e-09
10.0,16,rtn,1,1300,6.5734620426221e-09
10.0,16,rtn,1,1325,6.5734620426221e-09
10.0,16,rtn,1,1350,6.5734620426221e-09
10.0,16,rtn,1,1375,6.5734620426221e-09
10.0,16,rtn,1,1400,6.5734620426221e-09
10.0,16,rtn,1,1425,6.5734620426221e-09
10.0,16,rtn,1,1450,6.5734620426221e-09
10.0,16,rtn,1,1475,6.5734620426221e-09
10.0,16,rtn,1,1500,6.5734620426221e-09
10.0,16,rtn,1,1525,6.5734620426221e-09
10.0,16,rtn,1,1550,6.5734620426221e-09
10.0,16,rtn,1,1575,6.5734620426221e-09
10.0,16,rtn,1,1600,6.5734620426221e-09
10.0,16,rtn,1,1625,6.5734620426221e-09
10.0,16,rtn,1,1650,6.5734620426221e-09
10.0,16,rtn,1,1675,6.5734620426221e-09
10.0,16,rtn,1,1700,6.5734620426221e-09
10.0,16,rtn,1,1725,6.5734620426221e-09
10.0,16,rtn,1,1750,6.5734620426221e-09
10.0,16,rtn,1,1775,6.5734620426221e-09
10.0,16,rtn,1,1800,6.5734620426221e-09
10.0,16,rtn,1,1825,6.5734620426221e-09
10.0,16,rtn,1,1850,6.5734620426221e-09
10.0,16,rtn,1,1875,6.5734620426221e-09
10.0,16,rtn,1,1900,6.5734620426221e-09
10.0,16,rtn,1,1925,6.5734620426221e-09
10.0,16,rtn,1,1950,6.5734620426221e-09
10.0,16,rtn,1,1975,6.5734620426221e-09
10.0,16,rtn,1,2000,6.5734620426221e-09
10.0,16,rtn,1,2025,6.5734620426221e-09
10.0,16,rtn,1,2050,6.5734620426221e-09
10.0,16,rtn,1,2075,6.5734620426221e-09
10.0,16,rtn,1,2100,6.5734620426221e-09
10.0,16,rtn,1,2125,6.5734620426221e-09
10.0,16,rtn,1,2150,6.5734620426221e-09
10.0,16,rtn,1,2175,6.5734620426221e-09
10.0,16,rtn,1,2200,6.5734620426221e-09
10.0,16,rtn,1,2225,6.5734620426221e-09
10.0,16,rtn,1,2250,6.5734620426221e-09
10.0,16,rtn,1,2275,6.5734620426221e-09
10.0,16,rtn,1,2300,6.5734620426221e-09
10.0,16,rtn,1,2325,6.5734620426221e-09
10.0,16,rtn,1,2350,6.5734620426221e-09
10.0,16,rtn,1,2375,6.5734620426221e-09
10.0,16,rtn,1,2400,6.5734620426221e-09
10.0,16,rtn,1,2425,6.5734620426221e-09
10.0,16,rtn,1,2450,6.5734620426221e-09
10.0,16,rtn,1,2475,6.5734620426221e-09
10.0,16,rtn,1,2500,6.5734620426221e-09
10.0,16,rtn,1,2525,6.5734620426221e-09
10.0,16,rtn,1,2550,6.5734620426221e-09
10.0,16,rtn,1,2575,6.5734620426221e-09
10.0,16,rtn,1,2600,6.5734620426221e-09
10.0,16,rtn,1,2625,6.5734620426221e-09
10.0,16,rtn,1,2650,6.5734620426221e-09
10.0,16,rtn,1,2675,6.5734620426221e-09
10.0,16,rtn,1,2700,6.5734620426221e-09
10.0,16,rtn,1,2725,6.5734620426221e-09
10.0,16,rtn,1,2750,6.5734620426221e-09
10.0,16,rtn,1,2775,6.5734620426221e-09
10.0,16,rtn,1,2800,6.5734620426221e-09
10.0,16,rtn,1,2825,6.5734620426221e-09
10.0,16,rtn,1,2850,6.5734620426221e-09
10.0,16,rtn,1,2875,6.5734620426221e-09
10.0,16,rtn,1,2900,6.5734620426221e-09
10.0,16,rtn,1,2925,6.5734620426221e-09
10.0,16,rtn,1,2950,6.5734620426221e-09
10.0,16,rtn,1,2975,6.5734620426221e-09
10.0,16,rtn,1,2999,6.5734620426221e-09
10.0,16,rtn,2,0,0.21875072179474442
10.0,16,rtn,2,25,5.556638700002661e-07
10.0,16,rtn,2,50,6.5734620426221e-09
10.0,16,rtn,2,75,6.5734620426221e-09
10.0,16,rtn,2,100,6.5734620426221e-09
10.0,16,rtn,2,125,6.5734620426221e-09
10.0,16,rtn,2,150,6.5734620426221e-09
10.0,16,rtn,2,175,6.5734620426221e-09
10.0,16,rtn,2,200,6.5734620426221e-09
10.0,16,rtn,2,225,6.5734620426221e-09
10.0,16,rtn,2,250,6.5734620426221e-09
10.0,16,rtn,2,275,6.5734620426221e-09
10.0,16,rtn,2,300,6.5734620426221e-09
10.0,16,rtn,2,325,6.5734620426221e-09
10.0,16,rtn,2,350,6.5734620426221e-09
10.0,16,rtn,2,375,6.5734620426221e-09
10.0,16,rtn,2,400,6.5734620426221e-09
10.0,16,rtn,2,425,6.5734620426221e-09
10.0,16,rtn,2,450,6.5734620426221e-09
10.0,16,rtn,2,475,6.5734620426221e-09
10.0,16,rtn,2,500,6.5734620426221e-09
10.0,16,rtn,2,525,6.5734620426221e-09
10.0,16,rtn,2,550,6.5734620426221e-09
10.0,16,rtn,2,575,6.5734620426221e-09
10.0,16,rtn,2,600,6.5734620426221e-09
10.0,16,rtn,2,625,6.5734620426221e-09
10.0,16,rtn,2,650,6.5734620426221e-09
10.0,16,rtn,2,675,6.5734620426221e-09
10.0,16,rtn,2,700,6.5734620426221e-09
10.0,16,rtn,2,725,6.5734620426221e-09
10.0,16,rtn,2,750,6.5734620426221e-09
10.0,16,rtn,2,775,6.5734620426221e-09
10.0,16,rtn,2,800,6.5734620426221e-09
10.0,16,rtn,2,825,6.5734620426221e-09
10.0,16,rtn,2,850,6.5734620426221e-09
10.0,16,rtn,2,875,6.5734620426221e-09
10.0,16,rtn,2,900,6.5734620426221e-09
10.0,16,rtn,2,925,6.5734620426221e-09
10.0,16,rtn,2,950,6.5734620426221e-09
10.0,16,rtn,2,975,6.5734620426221e-09
10.0,16,rtn,2,1000,6.5734620426221e-09
10.0,16,rtn,2,1025,6.5734620426221e-09
10.0,16,rtn,2,1050,6.5734620426221e-09
10.0,16,rtn,2,1075,6.5734620426221e-09
10.0,16,rtn,2,1100,6.5734620426221e-09
10.0,16,rtn,2,1125,6.5734620426221e-09
10.0,16,rtn,2,1150,6.5734620426221e-09
10.0,16,rtn,2,1175,6.5734620426221e-09
10.0,16,rtn,2,1200,6.5734620426221e-09
10.0,16,rtn,2,1225,6.5734620426221e-09
10.0,16,rtn,2,1250,6.5734620426221e-09
10.0,16,rtn,2,1275,6.5734620426221e-09
10.0,16,rtn,2,1300,6.5734620426221e-09
10.0,16,rtn,2,1325,6.5734620426221e-09
10.0,16,rtn,2,1350,6.5734620426221e-09
10.0,16,rtn,2,1375,6.5734620426221e-09
10.0,16,rtn,2,1400,6.5734620426221e-09
10.0,16,rtn,2,1425,6.5734620426221e-09
10.0,16,rtn,2,1450,6.5734620426221e-09
10.0,16,rtn,2,1475,6.5734620426221e-09
10.0,16,rtn,2,1500,6.5734620426221e-09
10.0,16,rtn,2,1525,6.5734620426221e-09
10.0,16,rtn,2,1550,6.5734620426221e-09
10.0,16,rtn,2,1575,6.5734620426221e-09
10.0,16,rtn,2,1600,6.5734620426221e-09
10.0,16,rtn,2,1625,6.5734620426221e-09
10.0,16,rtn,2,1650,6.5734620426221e-09
10.0,16,rtn,2,1675,6.5734620426221e-09
10.0,16,rtn,2,1700,6.5734620426221e-09
10.0,16,rtn,2,1725,6.5734620426221e-09
10.0,16,rtn,2,1750,6.5734620426221e-09
10.0,16,rtn,2,1775,6.5734620426221e-09
10.0,16,rtn,2,1800,6.5734620426221e-09
10.0,16,rtn,2,1825,6.5734620426221e-09
10.0,16,rtn,2,1850,6.5734620426221e-09
10.0,16,rtn,2,1875,6.5734620426221e-09
10.0,16,rtn,2,1900,6.5734620426221e-09
10.0,16,rtn,2,1925,6.5734620426221e-09
10.0,16,rtn,2,1950,6.5734620426221e-09
10.0,16,rtn,2,1975,6.5734620426221e-09
10.0,16,rtn,2,2000,6.5734620426221e-09
10.0,16,rtn,2,2025,6.5734620426221e-09
10.0,16,rtn,2,2050,6.5734620426221e-09
10.0,16,rtn,2,2075,6.5734620426221e-09
10.0,16,rtn,2,2100,6.5734620426221e-09
10.0,16,rtn,2,2125,6.5734620426221e-09
10.0,16,rtn,2,2150,6.5734620426221e-09
10.0,16,rtn,2,2175,6.5734620426221e-09
10.0,16,rtn,2,2200,6.5734620426221e-09
10.0,16,rtn,2,2225,6.5734620426221e-09
10.0,16,rtn,2,2250,6.5734620426221e-09
10.0,16,rtn,2,2275,6.5734620426221e-09
10.0,16,rtn,2,2300,6.5734620426221e-09
10.0,16,rtn,2,2325,6.5734620426221e-09
10.0,16,rtn,2,2350,6.5734620426221e-09
10.0,16,rtn,2,2375,6.5734620426221e-09
10.0,16,rtn,2,2400,6.5734620426221e-09
10.0,16,rtn,2,2425,6.5734620426221e-09
10.0,16,rtn,2,2450,6.5734620426221e-09
10.0,16,rtn,2,2475,6.5734620426221e-09
10.0,16,rtn,2,2500,6.5734620426221e-09
10.0,16,rtn,2,2525,6.5734620426221e-09
10.0,16,rtn,2,2550,6.5734620426221e-09
10.0,16,rtn,2,2575,6.5734620426221e-09
10.0,16,rtn,2,2600,6.5734620426221e-09
10.0,16,rtn,2,2625,6.5734620426221e-09
10.0,16,rtn,2,2650,6.5734620426221e-09
10.0,16,rtn,2,2675,6.5734620426221e-09
10.0,16,rtn,2,2700,6.5734620426221e-09
10.0,16,rtn,2,2725,6.5734620426221e-09
10.0,16,rtn,2,2750,6.5734620426221e-09
10.0,16,rtn,2,2775,6.5734620426221e-09
10.0,16,rtn,2,2800,6.5734620426221e-09
10.0,16,rtn,2,2825,6.5734620426221e-09
10.0,16,rtn,2,2850,6.5734620426221e-09
10.0,16,rtn,2,2875,6.5734620426221e-09
10.0,16,rtn,2,2900,6.5734620426221e-09
10.0,16,rtn,2,2925,6.5734620426221e-09
10.0,16,rtn,2,2950,6.5734620426221e-09
10.0,16,rtn,2,2975,6.5734620426221e-09
10.0,16,rtn,2,2999,6.5734620426221e-09
10.0,16,sr,0,0,0.21875413151964415
10.0,16,sr,0,25,5.628240703925903e-07
10.0,16,sr,0,50,1.4840260233000696e-08
10.0,16,sr,0,75,1.4701618021067311e-08
10.0,16,sr,0,100,1.4158600086169884e-08
10.0,16,sr,0,125,1.426534416846425e-08
10.0,16,sr,0,150,1.4264021695901783e-08
10.0,16,sr,0,175,1.5324194785827466e-08
10.0,16,sr,0,200,1.3212828277444842e-08
10.0,16,sr,0,225,1.4639302200755836e-08
10.0,16,sr,0,250,1.5530835213778294e-08
10.0,16,sr,0,275,1.4536025579081147e-08
10.0,16,sr,0,300,1.4601926102939279e-08
10.0,16,sr,0,325,1.5508408876894803e-08
10.0,16,sr,0,350,1.4132305990844542e-08
10.0,16,sr,0,375,1.4399818941621374e-08
10.0,16,sr,0,400,1.513692452881986e-08
10.0,16,sr,0,425,1.5059453668510028e-08
10.0,16,sr,0,450,1.6602476943831857e-08
10.0,16,sr,0,475,1.4416832639774297e-08
10.0,16,sr,0,500,1.5228338719507456e-08
10.0,16,sr,0,525,1.3820272857610815e-08
10.0,16,sr,0,550,1.4485088786607566e-08
10.0,16,sr,0,575,1.3861668309882784e-08
10.0,16,sr,0,600,1.4874308375756291e-08
10.0,16,sr,0,625,1.6274395624955335e-08
10.0,16,sr,0,650,1.4947749230369214e-08
10.0,16,sr,0,675,1.5663801612821945e-08
10.0,16,sr,0,700,1.4303218886336038e-08
10.0,16,sr,0,725,1.6955899781890403e-08
10.0,16,sr,0,750,1.4863231799655441e-08
10.0,16,sr,0,775,1.4432404245872923e-08
10.0,16,sr,0,800,1.2915573608931166e-08
10.0,16,sr,0,825,1.3517181282469587e-08
10.0,16,sr,0,850,1.4101815181774111e-08
10.0,16,sr,0,875,1.4411264775782877e-08
10.0,16,sr,0,900,1.474686042696504e-08
10.0,16,sr,0,925,1.4661282133520467e-08
10.0,16,sr,0,950,1.4970474996102616e-08
10.0,16,sr,0,975,1.4865809702711375e-08
10.0,16,sr,0,1000,1.4259777426946509e-08
10.0,16,sr,0,1025,1.5587329183926172e-08
10.0,16,sr,0,1050,1.6022924286957153e-08
10.0,16,sr,0,1075,1.617663775205115e-08
10.0,16,sr,0,1100,1.4961281140682267e-08
10.0,16,sr,0,1125,1.5201975070270192e-08
10.0,16,sr,0,1150,1.4568365040900275e-08
10.0,16,sr,0,1175,1.5369360810920008e-08
10.0,16,sr,0,1200,1.3106802984207519e-08
10.0,16,sr,0,1225,1.6132849518810874e-08
10.0,16,sr,0,1250,1.4590342669948353e-08
10.0,16,sr,0,1275,1.5120027645571065e-08
10.0,16,sr,0,1300,1.5179787509387098e-08
10.0,16,sr,0,1325,1.3476109984710666e-08
10.0,16,sr,0,1350,1.5141045838454986e-08
10.0,16,sr,0,1375,1.5916279883955906e-08
10.0,16,sr,0,1400,1.5241409021715707e-08
10.0,16,sr,0,1425,1.482397100573358e-08
10.0,16,sr,0,1450,1.50415933947425e-08
10.0,16,sr,0,1475,1.4900199507870991e-08
10.0,16,sr,0,1500,1.4243903064295198e-08
10.0,16,sr,0,1525,1.4815035121452964e-08
10.0,16,sr,0,1550,1.4901952695714245e-08
10.0,16,sr,0,1575,1.4897222503085346e-08
10.0,16,sr,0,1600,1.4074961238811049e-08
10.0,16,sr,0,1625,1.4466505940230802e-08
10.0,16,sr,0,1650,1.3954508592673048e-08
10.0,16,sr,0,1675,1.4164251853193116e-08
10.0,16,sr,0,1700,1.6305989962989157e-08
10.0,16,sr,0,1725,1.492567790731901e-08
10.0,16,sr,0,1750,1.4710468314191782e-08
10.0,16,sr,0,1775,1.4583579409442e-08
10.0,16,sr,0,1800,1.4550793580969927e-08
10.0,16,sr,0,1825,1.3299836173648941e-08
10.0,16,sr,0,1850,1.4391164630787617e-08
10.0,16,sr,0,1875,1.4476039023809407e-08
10.0,16,sr,0,1900,1.4196752302034807e-08
10.0,16,sr,0,1925,1.550963146071305e-08
10.0,16,sr,0,1950,1.5941124528773182e-08
10.0,16,sr,0,1975,1.6257241102064385e-08
10.0,16,sr,0,2000,1.4839951453199936e-08
10.0,16,sr,0,2025,1.4823596945134432e-08
10.0,16,sr,0,2050,1.4265603582477934e-08
10.0,16,sr,0,2075,1.4908300523545403e-08
10.0,16,sr,0,2100,1.4613767234658024e-08
10.0,16,sr,0,2125,1.4490716281675969e-08
10.0,16,sr,0,2150,1.486223506274808e-08
10.0,16,sr,0,2175,1.372115338676659e-08
10.0,16,sr,0,2200,1.3544248546799174e-08
10.0,16,sr,0,2225,1.4340285763475544e-08
10.0,16,sr,0,2250,1.5307440631118003e-08
10.0,16,sr,0,2275,1.5534737993570903e-08
10.0,16,sr,0,2300,1.507630361274299e-08
10.0,16,sr,0,2325,1.4903349374545376e-08
10.0,16,sr,0,2350,1.3486302390655272e-08
10.0,16,sr,0,2375,1.4488014612403378e-08
10.0,16,sr,0,2400,1.5036395795124363e-08
10.0,16,sr,0,2425,1.5937264810509413e-08
10.0,16,sr,0,2450,1.4947192001623924e-08
10.0,16,sr,0,2475,1.4650844601431628e-08
10.0,16,sr,0,2500,1.529260463157369e-08
10.0,16,sr,0,2525,1.3963767349669938e-08
10.0,16,sr,0,2550,1.3423156157484782e-08
10.0,16,sr,0,2575,1.4125043015712818e-08
10.0,16,sr,0,2600,1.3768802238537563e-08
10.0,16,sr,0,2625,1.3974726379991406e-08
10.0,16,sr,0,2650,1.3717041724823877e-08
10.0,16,sr,0,2675,1.4495325448225223e-08
10.0,16,sr,0,2700,1.3694757600085706e-08
10.0,16,sr,0,2725,1.501991817905122e-08
10.0,16,sr,0,2750,1.438389547891304e-08
10.0,16,sr,0,2775,1.4929575646963466e-08
10.0,16,sr,0,2800,1.4430742506612494e-08
10.0,16,sr,0,2825,1.4293013653807748e-08
10.0,16,sr,0,2850,1.4018506651039935e-08
10.0,16,sr,0,2875,1.5302521346065516e-08
10.0,16,sr,0,2900,1.4397532314276461e-08
10.0,16,sr,0,2925,1.3299620835307662e-08
10.0,16,sr,0,2950,1.337829671294379e-08
10.0,16,sr,0,2975,1.439499051132649e-08
10.0,16,sr,0,2999,1.4940200435800166e-08
10.0,16,sr,1,0,0.2187491411934212
10.0,16,sr,1,25,5.636972495729033e-07
10.0,16,sr,1,50,1.5557235792643493e-08
10.0,16,sr,1,75,1.4151295870660187e-08
10.0,16,sr,1,100,1.542903224110928e-08
10.0,16,sr,1,125,1.2197991833118983e-08
10.0,16,sr,1,150,1.3894869800423265e-08
10.0,16,sr,1,175,1.7038460034167504e-08
10.0,16,sr,1,200,1.3902322423653582e-08
10.0,16,sr,1,225,1.2633675603202921e-08
10.0,16,sr,1,250,1.4931519471553588e-08
10.0,16,sr,1,275,1.3625536384796942e-08
10.0,16,sr,1,300,1.4480574105753464e-08
10.0,16,sr,1,325,1.5430872069578062e-08
10.0,16,sr,1,350,1.473545204146279e-08
10.0,16,sr,1,375,1.485500461243706e-08
10.0,16,sr,1,400,1.3919164612977377e-08
10.0,16,sr,1,425,1.3988803195440477e-08
10.0,16,sr,1,450,1.4560046907466345e-08
10.0,16,sr,1,475,1.502025861522142e-08
10.0,16,sr,1,500,1.4698763381734774e-08
10.0,16,sr,1,525,1.4074423137321728e-08
10.0,16,sr,1,550,1.4071240146711875e-08
10.0,16,sr,1,575,1.5175403142367466e-08
10.0,16,sr,1,600,1.4332815160935475e-08
10.0,16,sr,1,625,1.5756734678875614e-08
10.0,16,sr,1,650,1.4279070258493783e-08
10.0,16,sr,1,675,1.4199065416526357e-08
10.0,16,sr,1,700,1.4150495858063801e-08
10.0,16,sr,1,725,1.4719414657084117e-08
10.0,16,sr,1,750,1.4707708007168231e-08
10.0,16,sr,1,775,1.4377618374197182e-08
10.0,16,sr,1,800,1.4884851262987277e-08
10.0,16,sr,1,825,1.506676034447461e-08
10.0,16,sr,1,850,1.510780378203336e-08
10.0,16,sr,1,875,1.5528010194195563e-08
10.0,16,sr,1,900,1.4612176716304528e-08
10.0,16,sr,1,925,1.5788800333057645e-08
10.0,16,sr,1,950,1.2784481813489584e-08
10.0,16,sr,1,975,1.4772084162786966e-08
10.0,16,sr,1,1000,1.520149603718758e-08
10.0,16,sr,1,1025,1.368873678198828e-08
10.0,16,sr,1,1050,1.670746218367543e-08
10.0,16,sr,1,1075,1.5489001746528965e-08
10.0,16,sr,1,1100,1.4261164045964664e-08
10.0,16,sr,1,1125,1.5026528986573375e-08
10.0,16,sr,1,1150,1.4707309629384011e-08
10.0,16,sr,1,1175,1.6107153853220333e-08
10.0,16,sr,1,1200,1.4193025981583709e-08
10.0,16,sr,1,1225,1.516782989290646e-08
10.0,16,sr,1,1250,1.4965263114528096e-08
10.0,16,sr,1,1275,1.543933257593019e-08
10.0,16,sr,1,1300,1.4675553499171595e-08
10.0,16,sr,1,1325,1.474935522466597e-08
10.0,16,sr,1,1350,1.3432325134005925e-08
10.0,16,sr,1,1375,1.3992311409650993e-08
10.0,16,sr,1,1400,1.5367872724522643e-08
10.0,16,sr,1,1425,1.3993163894079707e-08
10.0,16,sr,1,1450,1.545499557363703e-08
10.0,16,sr,1,1475,1.4416689039303683e-08
10.0,16,sr,1,1500,1.4317220005446403e-08
10.0,16,sr,1,1525,1.4412329086512323e-08
10.0,16,sr,1,1550,1.4590231720447855e-08
10.0,16,sr,1,1575,1.538689614234056e-08
10.0,16,sr,1,1600,1.5652300607316485e-08
10.0,16,sr,1,1625,1.498800000127933e-08
10.0,16,sr,1,1650,1.3959063621193618e-08
10.0,16,sr,1,1675,1.4253480814638092e-08
10.0,16,sr,1,1700,1.4129804723517905e-08
10.0,16,sr,1,1725,1.5003512738728257e-08
10.0,16,sr,1,1750,1.3924574399012191e-08
10.0,16,sr,1,1775,1.405926580687413e-08
10.0,16,sr,1,1800,1.507784222175645e-08
10.0,16,sr,1,1825,1.5180558834956405e-08
10.0,16,sr,1,1850,1.5304867495210402e-08
10.0,16,sr,1,1875,1.3953023701461989e-08
10.0,16,sr,1,1900,1.4547544363937183e-08
10.0,16,sr,1,1925,1.514520721527145e-08
10.0,16,sr,1,1950,1.5398753113803686e-08
10.0,16,sr,1,1975,1.3790796371702016e-08
10.0,16,sr,1,2000,1.242238484032128e-08
10.0,16,sr,1,2025,1.4121397824220651e-08
10.0,16,sr,1,2050,1.5080616040727992e-08
10.0,16,sr,1,2075,1.3209625750712669e-08
10.0,16,sr,1,2100,1.6434039098841243e-08
10.0,16,sr,1,2125,1.3605214029919171e-08
10.0,16,sr,1,2150,1.3978486565123381e-08
10.0,16,sr,1,2175,1.4250725592201588e-08
10.0,16,sr,1,2200,1.6696088682322346e-08
10.0,16,sr,1,2225,1.5038355413611624e-08
10.0,16,sr,1,2250,1.3950308734636342e-08
10.0,16,sr,1,2275,1.4793436611461518e-08
10.0,16,sr,1,2300,1.491517064891837e-08
10.0,16,sr,1,2325,1.5067711092864222e-08
10.0,16,sr,1,2350,1.4736310536932443e-08
10.0,16,sr,1,2375,1.5081311912199776e-08
10.0,16,sr,1,2400,1.5361160033133327e-08
10.0,16,sr,1,2425,1.4161492697410463e-08
10.0,16,sr,1,2450,1.5791787421987677e-08
10.0,16,sr,1,2475,1.3954390286244397e-08
10.0,16,sr,1,2500,1.4545808416465459e-08
10.0,16,sr,1,2525,1.426145921876118e-08
10.0,16,sr,1,2550,1.542297487018348e-08
10.0,16,sr,1,2575,1.4584231451886634e-08
10.0,16,sr,1,2600,1.294296679185439e-08
10.0,16,sr,1,2625,1.4352441562276763e-08
10.0,16,sr,1,2650,1.425072586327972e-08
10.0,16,sr,1,2675,1.4431210463928999e-08
10.0,16,sr,1,2700,1.4618870476088528e-08
10.0,16,sr,1,2725,1.4771097959737646e-08
10.0,16,sr,1,2750,1.3864265806030868e-08
10.0,16,sr,1,2775,1.3969643994984264e-08
10.0,16,sr,1,2800,1.5246556190447892e-08
10.0,16,sr,1,2825,1.4326294588145891e-08
10.0,16,sr,1,2850,1.4034143659711468e-08
10.0,16,sr,1,2875,1.5392400369883507e-08
10.0,16,sr,1,2900,1.3919126033607891e-08
10.0,16,sr,1,2925,1.520908702722436e-08
10.0,16,sr,1,2950,1.5592365392310654e-08
10.0,16,sr,1,2975,1.3965029575084725e-08
10.0,16,sr,1,2999,1.587246699908546e-08
10.0,16,sr,2,0,0.21874713160093617
10.0,16,sr,2,25,5.663641915274462e-07
10.0,16,sr,2,50,1.3946696881722707e-08
10.0,16,sr,2,75,1.3789062905484952e-08
10.0,16,sr,2,100,1.5160862297421814e-08
10.0,16,sr,2,125,1.319791540400251e-08
10.0,16,sr,2,150,1.4944606545609317e-08
10.0,16,sr,2,175,1.4043734441300152e-08
10.0,16,sr,2,200,1.4764623658102279e-08
10.0,16,sr,2,225,1.547121730438949e-08
10.0,16,sr,2,250,1.4722235559124761e-08
10.0,16,sr,2,275,1.4264623009687524e-08
10.0,16,sr,2,300,1.4374365527949572e-08
10.0,16,sr,2,325,1.4752169282212068e-08
10.0,16,sr,2,350,1.6025142786880028e-08
10.0,16,sr,2,375,1.4044141823082456e-08
10.0,16,sr,2,400,1.5034636351524756e-08
10.0,16,sr,2,425,1.4272012652324298e-08
10.0,16,sr,2,450,1.3511155476647911e-08
10.0,16,sr,2,475,1.4717268877492852e-08
10.0,16,sr,2,500,1.3632541967301124e-08
10.0,16,sr,2,525,1.4583799131160647e-08
10.0,16,sr,2,550,1.519818569276369e-08
10.0,16,sr,2,575,1.519412292571428e-08
10.0,16,sr,2,600,1.585193611152939e-08
10.0,16,sr,2,625,1.4982145377084703e-08
10.0,16,sr,2,650,1.5045689118358767e-08
10.0,16,sr,2,675,1.3640345017140518e-08
10.0,16,sr,2,700,1.3438619159639054e-08
10.0,16,sr,2,725,1.5715673207180614e-08
10.0,16,sr,2,750,1.3886994269976625e-08
10.0,16,sr,2,775,1.3578027104713136e-08
10.0,16,sr,2,800,1.4414258545387022e-08
10.0,16,sr,2,825,1.509328136782509e-08
10.0,16,sr,2,850,1.4627047694468206e-08
10.0,16,sr,2,875,1.504342567735702e-08
10.0,16,sr,2,900,1.3993011545190108e-08
10.0,16,sr,2,925,1.4397099208948766e-08
10.0,16,sr,2,950,1.3802228426974036e-08
10.0,16,sr,2,975,1.584791595554279e-08
10.0,16,sr,2,1000,1.5405899637485903e-08
10.0,16,sr,2,1025,1.5238046056757903e-08
10.0,16,sr,2,1050,1.4812950708434378e-08
10.0,16,sr,2,1075,1.400248255784782e-08
10.0,16,sr,2,1100,1.3662714313351912e-08
10.0,16,sr,2,1125,1.4343976325441642e-08
10.0,16,sr,2,1150,1.498336784298482e-08
10.0,16,sr,2,1175,1.4258710399013193e-08
10.0,16,sr,2,1200,1.5125922333144187e-08
10.0,16,sr,2,1225,1.4337285366613852e-08
10.0,16,sr,2,1250,1.4075615120662984e-08
10.0,16,sr,2,1275,1.4235869494214211e-08
10.0,16,sr,2,1300,1.5176344333980932e-08
10.0,16,sr,2,1325,1.41813821040132e-08
10.0,16,sr,2,1350,1.5335559148066353e-08
10.0,16,sr,2,1375,1.524540653872164e-08
10.0,16,sr,2,1400,1.5230229870683833e-08
10.0,16,sr,2,1425,1.430208330019286e-08
10.0,16,sr,2,1450,1.4709541265352466e-08
10.0,16,sr,2,1475,1.492695100389866e-08
10.0,16,sr,2,1500,1.4246292001811404e-08
10.0,16,sr,2,1525,1.432674034920054e-08
10.0,16,sr,2,1550,1.4584339026437366e-08
10.0,16,sr,2,1575,1.4481752117018995e-08
10.0,16,sr,2,1600,1.350367064993855e-08
10.0,16,sr,2,1625,1.3694223363610965e-08
10.0,16,sr,2,1650,1.5093490449329702e-08
10.0,16,sr,2,1675,1.3146389546403425e-08
10.0,16,sr,2,1700,1.636585976749108e-08
10.0,16,sr,2,1725,1.4844998121124938e-08
10.0,16,sr,2,1750,1.510947920672526e-08
10.0,16,sr,2,1775,1.3600034833649428e-08
10.0,16,sr,2,1800,1.5915831135288226e-08
10.0,16,sr,2,1825,1.483066295198688e-08
10.0,16,sr,2,1850,1.3690990763721541e-08
10.0,16,sr,2,1875,1.4928946012995613e-08
10.0,16,sr,2,1900,1.5142489733317998e-08
10.0,16,sr,2,1925,1.512012742128611e-08
10.0,16,sr,2,1950,1.4685092505111794e-08
10.0,16,sr,2,1975,1.2959614852834992e-08
10.0,16,sr,2,2000,1.449418780457902e-08
10.0,16,sr,2,2025,1.417956827159276e-08
10.0,16,sr,2,2050,1.3953556719580642e-08
10.0,16,sr,2,2075,1.576001209989541e-08
10.0,16,sr,2,2100,1.4483770176258522e-08
10.0,16,sr,2,2125,1.4864499043913869e-08
10.0,16,sr,2,2150,1.2903484619113701e-08
10.0,16,sr,2,2175,1.4682285215141202e-08
10.0,16,sr,2,2200,1.602185867868509e-08
10.0,16,sr,2,2225,1.504239769727831e-08
10.0,16,sr,2,2250,1.4373065724570275e-08
10.0,16,sr,2,2275,1.4112789108499753e-08
10.0,16,sr,2,2300,1.4049101713081031e-08
10.0,16,sr,2,2325,1.4855857954638398e-08
10.0,16,sr,2,2350,1.5055035735859393e-08
10.0,16,sr,2,2375,1.6103900327315373e-08
10.0,16,sr,2,2400,1.4500758705261628e-08
10.0,16,sr,2,2425,1.4053468320352153e-08
10.0,16,sr,2,2450,1.4774722280364189e-08
10.0,16,sr,2,2475,1.4915984308086173e-08
10.0,16,sr,2,2500,1.5572881025976467e-08
10.0,16,sr,2,2525,1.4717797023985271e-08
10.0,16,sr,2,2550,1.4492047307352926e-08
10.0,16,sr,2,2575,1.534012478417143e-08
10.0,16,sr,2,2600,1.4495597445948178e-08
10.0,16,sr,2,2625,1.5335166233089075e-08
10.0,16,sr,2,2650,1.3966076519071842e-08
10.0,16,sr,2,2675,1.4798079916839118e-08
10.0,16,sr,2,2700,1.3958948057072601e-08
10.0,16,sr,2,2725,1.6777405691561567e-08
10.0,16,sr,2,2750,1.4785837193342842e-08
10.0,16,sr,2,2775,1.4472643528431249e-08
10.0,16,sr,2,2800,1.5225382225734904e-08
10.0,16,sr,2,2825,1.5059807076903685e-08
10.0,16,sr,2,2850,1.515626626707159e-08
10.0,16,sr,2,2875,1.649080559529184e-08
10.0,16,sr,2,2900,1.3014466470352205e-08
10.0,16,sr,2,2925,1.3215157494187417e-08
10.0,16,sr,2,2950,1.3431054659828199e-08
10.0,16,sr,2,2975,1.3976408604129428e-08
10.0,16,sr,2,2999,1.5208817864679878e-08
10.0,16,ef,0,0,0.21875072179474442
10.0,16,ef,0,25,5.45402293250216e-07
10.0,16,ef,0,50,1.6889289684507256e-08
10.0,16,ef,0,75,1.7423037826991177e-08
10.0,16,ef,0,100,1.8832593610847203e-08
10.0,16,ef,0,125,1.91277527314145e-08
10.0,16,ef,0,150,1.7399080288434685e-08
10.0,16,ef,0,175,1.6826914791794777e-08
10.0,16,ef,0,200,1.7038264292305953e-08
10.0,16,ef,0,225,1.774459407977279e-08
10.0,16,ef,0,250,1.6631729571091248e-08
10.0,16,ef,0,275,1.6778054467275033e-08
10.0,16,ef,0,300,1.7401878317306553e-08
10.0,16,ef,0,325,1.6087480695177007e-08
10.0,16,ef,0,350,1.6006238430236483e-08
10.0,16,ef,0,375,1.672183523549116e-08
10.0,16,ef,0,400,1.610703506246365e-08
10.0,16,ef,0,425,1.8770352856667955e-08
10.0,16,ef,0,450,1.736504094750147e-08
10.0,16,ef,0,475,1.829804207982017e-08
10.0,16,ef,0,500,1.7536136570942038e-08
10.0,16,ef,0,525,2.0501017959681892e-08
10.0,16,ef,0,550,1.7653282447619497e-08
10.0,16,ef,0,575,1.775333322238075e-08
10.0,16,ef,0,600,1.6802843983180726e-08
10.0,16,ef,0,625,1.7745915043112744e-08
10.0,16,ef,0,650,1.8194147309893616e-08
10.0,16,ef,0,675,1.6172782592054684e-08
10.0,16,ef,0,700,1.797059543579676e-08
10.0,16,ef,0,725,1.84044911388033e-08
10.0,16,ef,0,750,1.7901938947657223e-08
10.0,16,ef,0,775,1.8091946142059307e-08
10.0,16,ef,0,800,1.6235457664997358e-08
10.0,16,ef,0,825,1.850389676199395e-08
10.0,16,ef,0,850,1.83902246628525e-08
10.0,16,ef,0,875,1.6734014180793416e-08
10.0,16,ef,0,900,1.8371356029487312e-08
10.0,16,ef,0,925,1.7676665351680456e-08
10.0,16,ef,0,950,1.65251182632922e-08
10.0,16,ef,0,975,1.7581371808366015e-08
10.0,16,ef,0,1000,1.6519783388608848e-08
10.0,16,ef,0,1025,1.8075703500532134e-08
10.0,16,ef,0,1050,1.7097531758352325e-08
10.0,16,ef,0,1075,2.1425634315091017e-08
10.0,16,ef,0,1100,1.7795661868955805e-08
10.0,16,ef,0,1125,1.7572734575602095e-08
10.0,16,ef,0,1150,1.848128252303699e-08
10.0,16,ef,0,1175,1.6740049023479977e-08
10.0,16,ef,0,1200,1.77255116398221e-08
10.0,16,ef,0,1225,1.7408198178457063e-08
10.0,16,ef,0,1250,1.8523707132836703e-08
10.0,16,ef,0,1275,1.9416528554163536e-08
10.0,16,ef,0,1300,1.7290656078622014e-08
10.0,16,ef,0,1325,1.7227969840666946e-08
10.0,16,ef,0,1350,1.8270591298831835e-08
10.0,16,ef,0,1375,1.818041531300739e-08
10.0,16,ef,0,1400,1.8445568932319586e-08
10.0,16,ef,0,1425,1.6970578736821045e-08
10.0,16,ef,0,1450,1.6318048057192862e-08
10.0,16,ef,0,1475,2.11127907945043e-08
10.0,16,ef,0,1500,1.8679733790483804e-08
10.0,16,ef,0,1525,1.832338430307474e-08
10.0,16,ef,0,1550,1.7538899802953472e-08
10.0,16,ef,0,1575,1.693355194274119e-08
10.0,16,ef,0,1600,1.6718168538084835e-08
10.0,16,ef,0,1625,1.8319200827140786e-08
10.0,16,ef,0,1650,1.7284234139166348e-08
10.0,16,ef,0,1675,1.9346320708812453e-08
10.0,16,ef,0,1700,1.7644441038154517e-08
10.0,16,ef,0,1725,1.881969676123051e-08
10.0,16,ef,0,1750,1.7348467118342183e-08
10.0,16,ef,0,1775,1.7480835053961233e-08
10.0,16,ef,0,1800,1.7092152538112604e-08
10.0,16,ef,0,1825,1.5044333299127342e-08
10.0,16,ef,0,1850,1.866549897265733e-08
10.0,16,ef,0,1875,1.8431084609977014e-08
10.0,16,ef,0,1900,1.9031783618967574e-08
10.0,16,ef,0,1925,1.86651367085016e-08
10.0,16,ef,0,1950,1.7505480246468543e-08
10.0,16,ef,0,1975,1.658148657064033e-08
10.0,16,ef,0,2000,1.7973133923072505e-08
10.0,16,ef,0,2025,1.7156156173187743e-08
10.0,16,ef,0,2050,2.034599413752689e-08
10.0,16,ef,0,2075,1.6457231988144084e-08
10.0,16,ef,0,2100,1.852403441864393e-08
10.0,16,ef,0,2125,1.7237460507074357e-08
10.0,16,ef,0,2150,1.7490312665246253e-08
10.0,16,ef,0,2175,1.6529930556932865e-08
10.0,16,ef,0,2200,1.9658770031906927e-08
10.0,16,ef,0,2225,1.5980414939204572e-08
10.0,16,ef,0,2250,1.828115630917879e-08
10.0,16,ef,0,2275,1.4517194612749218e-08
10.0,16,ef,0,2300,1.65292049525549e-08
10.0,16,ef,0,2325,1.6980035636955097e-08
10.0,16,ef,0,2350,1.7478348872858437e-08
10.0,16,ef,0,2375,1.7729545258893504e-08
10.0,16,ef,0,2400,1.9237205817927722e-08
10.0,16,ef,0,2425,1.7688927203924612e-08
10.0,16,ef,0,2450,2.0112280703104545e-08
10.0,16,ef,0,2475,1.7237067406751232e-08
10.0,16,ef,0,2500,2.0922289745198676e-08
10.0,16,ef,0,2525,1.717388745852695e-08
10.0,16,ef,0,2550,1.8064915652170062e-08
10.0,16,ef,0,2575,1.8846339645682245e-08
10.0,16,ef,0,2600,1.827477574956762e-08
10.0,16,ef,0,2625,1.7589126940495932e-08
10.0,16,ef,0,2650,1.7184432754753306e-08
10.0,16,ef,0,2675,1.885679846523601e-08
10.0,16,ef,0,2700,1.8991167438516714e-08
10.0,16,ef,0,2725,1.7062025121775464e-08
10.0,16,ef,0,2750,1.8773656915103644e-08
10.0,16,ef,0,2775,1.6241776245910048e-08
10.0,16,ef,0,2800,1.6380283444719587e-08
10.0,16,ef,0,2825,1.714073211526292e-08
10.0,16,ef,0,2850,1.8945617366141747e-08
10.0,16,ef,0,2875,1.895379986109861e-08
10.0,16,ef,0,2900,1.8785361281923113e-08
10.0,16,ef,0,2925,1.8492965994813053e-08
10.0,16,ef,0,2950,1.7226591788896915e-08
10.0,16,ef,0,2975,1.8855847946683387e-08
10.0,16,ef,0,2999,1.704980308363581e-08
10.0,16,ef,1,0,0.21875072179474442
10.0,16,ef,1,25,5.45402293250216e-07
10.0,16,ef,1,50,1.6889289684507256e-08
10.0,16,ef,1,75,1.7423037826991177e-08
10.0,16,ef,1,100,1.8832593610847203e-08
10.0,16,ef,1,125,1.91277527314145e-08
10.0,16,ef,1,150,1.7399080288434685e-08
10.0,16,ef,1,175,1.6826914791794777e-08
10.0,16,ef,1,200,1.7038264292305953e-08
10.0,16,ef,1,225,1.774459407977279e-08
10.0,16,ef,1,250,1.6631729571091248e-08
10.0,16,ef,1,275,1.6778054467275033e-08
10.0,16,ef,1,300,1.7401878317306553e-08
10.0,16,ef,1,325,1.6087480695177007e-08
10.0,16,ef,1,350,1.6006238430236483e-08
10.0,16,ef,1,375,1.672183523549116e-08
10.0,16,ef,1,400,1.610703506246365e-08
10.0,16,ef,1,425,1.8770352856667955e-08
10.0,16,ef,1,450,1.736504094750147e-08
10.0,16,ef,1,475,1.829804207982017e-08
10.0,16,ef,1,500,1.7536136570942038e-08
10.0,16,ef,1,525,2.0501017959681892e-08
10.0,16,ef,1,550,1.7653282447619497e-08
10.0,16,ef,1,575,1.775333322238075e-08
10.0,16,ef,1,600,1.6802843983180726e-08
10.0,16,ef,1,625,1.7745915043112744e-08
10.0,16,ef,1,650,1.8194147309893616e-08
10.0,16,ef,1,675,1.6172782592054684e-08
10.0,16,ef,1,700,1.797059543579676e-08
10.0,16,ef,1,725,1.84044911388033e-08
10.0,16,ef,1,750,1.7901938947657223e-08
10.0,16,ef,1,775,1.8091946142059307e-08
10.0,16,ef,1,800,1.6235457664997358e-08
10.0,16,ef,1,825,1.850389676199395e-08
10.0,16,ef,1,850,1.83902246628525e-08
10.0,16,ef,1,875,1.6734014180793416e-08
10.0,16,ef,1,900,1.8371356029487312e-08
10.0,16,ef,1,925,1.7676665351680456e-08
10.0,16,ef,1,950,1.65251182632922e-08
10.0,16,ef,1,975,1.7581371808366015e-08
10.0,16,ef,1,1000,1.6519783388608848e-08
10.0,16,ef,1,1025,1.8075703500532134e-08
10.0,16,ef,1,1050,1.7097531758352325e-08
10.0,16,ef,1,1075,2.1425634315091017e-08
10.0,16,ef,1,1100,1.7795661868955805e-08
10.0,16,ef,1,1125,1.7572734575602095e-08
10.0,16,ef,1,1150,1.848128252303699e-08
10.0,16,ef,1,1175,1.6740049023479977e-08
10.0,16,ef,1,1200,1.77255116398221e-08
10.0,16,ef,1,1225,1.7408198178457063e-08
10.0,16,ef,1,1250,1.8523707132836703e-08
10.0,16,ef,1,1275,1.9416528554163536e-08
10.0,16,ef,1,1300,1.7290656078622014e-08
10.0,16,ef,1,1325,1.7227969840666946e-08
10.0,16,ef,1,1350,1.8270591298831835e-08
10.0,16,ef,1,1375,1.818041531300739e-08
10.0,16,ef,1,1400,1.8445568932319586e-08
10.0,16,ef,1,1425,1.6970578736821045e-08
10.0,16,ef,1,1450,1.6318048057192862e-08
10.0,16,ef,1,1475,2.11127907945043e-08
10.0,16,ef,1,1500,1.8679733790483804e-08
10.0,16,ef,1,1525,1.832338430307474e-08
10.0,16,ef,1,1550,1.7538899802953472e-08
10.0,16,ef,1,1575,1.693355194274119e-08
10.0,16,ef,1,1600,1.6718168538084835e-08
10.0,16,ef,1,1625,1.8319200827140786e-08
10.0,16,ef,1,1650,1.7284234139166348e-08
10.0,16,ef,1,1675,1.9346320708812453e-08
10.0,16,ef,1,1700,1.7644441038154517e-08
10.0,16,ef,1,1725,1.881969676123051e-08
10.0,16,ef,1,1750,1.7348467118342183e-08
10.0,16,ef,1,1775,1.7480835053961233e-08
10.0,16,ef,1,1800,1.7092152538112604e-08
10.0,16,ef,1,1825,1.5044333299127342e-08
10.0,16,ef,1,1850,1.866549897265733e-08
10.0,16,ef,1,1875,1.8431084609977014e-08
10.0,16,ef,1,1900,1.9031783618967574e-08
10.0,16,ef,1,1925,1.86651367085016e-08
10.0,16,ef,1,1950,1.7505480246468543e-08
10.0,16,ef,1,1975,1.658148657064033e-08
10.0,16,ef,1,2000,1.7973133923072505e-08
10.0,16,ef,1,2025,1.7156156173187743e-08
10.0,16,ef,1,2050,2.034599413752689e-08
10.0,16,ef,1,2075,1.6457231988144084e-08
10.0,16,ef,1,2100,1.852403441864393e-08
10.0,16,ef,1,2125,1.7237460507074357e-08
10.0,16,ef,1,2150,1.7490312665246253e-08
10.0,16,ef,1,2175,1.6529930556932865e-08
10.0,16,ef,1,2200,1.9658770031906927e-08
10.0,16,ef,1,2225,1.5980414939204572e-08
10.0,16,ef,1,2250,1.828115630917879e-08
10.0,16,ef,1,2275,1.4517194612749218e-08
10.0,16,ef,1,2300,1.65292049525549e-08
10.0,16,ef,1,2325,1.6980035636955097e-08
10.0,16,ef,1,2350,1.7478348872858437e-08
10.0,16,ef,1,2375,1.7729545258893504e-08
10.0,16,ef,1,2400,1.9237205817927722e-08
10.0,16,ef,1,2425,1.7688927203924612e-08
10.0,16,ef,1,2450,2.0112280703104545e-08
10.0,16,ef,1,2475,1.7237067406751232e-08
10.0,16,ef,1,2500,2.0922289745198676e-08
10.0,16,ef,1,2525,1.717388745852695e-08
10.0,16,ef,1,2550,1.8064915652170062e-08
10.0,16,ef,1,2575,1.8846339645682245e-08
10.0,16,ef,1,2600,1.827477574956762e-08
10.0,16,ef,1,2625,1.7589126940495932e-08
10.0,16,ef,1,2650,1.7184432754753306e-08
10.0,16,ef,1,2675,1.885679846523601e-08
10.0,16,ef,1,2700,1.8991167438516714e-08
10.0,16,ef,1,2725,1.7062025121775464e-08
10.0,16,ef,1,2750,1.8773656915103644e-08
10.0,16,ef,1,2775,1.6241776245910048e-08
10.0,16,ef,1,2800,1.6380283444719587e-08
10.0,16,ef,1,2825,1.714073211526292e-08
10.0,16,ef,1,2850,1.8945617366141747e-08
10.0,16,ef,1,2875,1.895379986109861e-08
10.0,16,ef,1,2900,1.8785361281923113e-08
10.0,16,ef,1,2925,1.8492965994813053e-08
10.0,16,ef,1,2950,1.7226591788896915e-08
10.0,16,ef,1,2975,1.8855847946683387e-08
10.0,16,ef,1,2999,1.704980308363581e-08
10.0,16,ef,2,0,0.21875072179474442
10.0,16,ef,2,25,5.45402293250216e-07
10.0,16,ef,2,50,1.6889289684507256e-08
10.0,16,ef,2,75,1.7423037826991177e-08
10.0,16,ef,2,100,1.8832593610847203e-08
10.0,16,ef,2,125,1.91277527314145e-08
10.0,16,ef,2,150,1.7399080288434685e-08
10.0,16,ef,2,175,1.6826914791794777e-08
10.0,16,ef,2,200,1.7038264292305953e-08
10.0,16,ef,2,225,1.774459407977279e-08
10.0,16,ef,2,250,1.6631729571091248e-08
10.0,16,ef,2,275,1.6778054467275033e-08
10.0,16,ef,2,300,1.7401878317306553e-08
10.0,16,ef,2,325,1.6087480695177007e-08
10.0,16,ef,2,350,1.6006238430236483e-08
10.0,16,ef,2,375,1.672183523549116e-08
10.0,16,ef,2,400,1.610703506246365e-08
10.0,16,ef,2,425,1.8770352856667955e-08
10.0,16,ef,2,450,1.736504094750147e-08
10.0,16,ef,2,475,1.829804207982017e-08
10.0,16,ef,2,500,1.7536136570942038e-08
10.0,16,ef,2,525,2.0501017959681892e-08
10.0,16,ef,2,550,1.7653282447619497e-08
10.0,16,ef,2,575,1.775333322238075e-08
10.0,16,ef,2,600,1.6802843983180726e-08
10.0,16,ef,2,625,1.7745915043112744e-08
10.0,16,ef,2,650,1.8194147309893616e-08
10.0,16,ef,2,675,1.6172782592054684e-08
10.0,16,ef,2,700,1.797059543579676e-08
10.0,16,ef,2,725,1.84044911388033e-08
10.0,16,ef,2,750,1.7901938947657223e-08
10.0,16,ef,2,775,1.8091946142059307e-08
10.0,16,ef,2,800,1.6235457664997358e-08
10.0,16,ef,2,825,1.850389676199395e-08
10.0,16,ef,2,850,1.83902246628525e-08
10.0,16,ef,2,875,1.6734014180793416e-08
10.0,16,ef,2,900,1.8371356029487312e-08
10.0,16,ef,2,925,1.7676665351680456e-08
10.0,16,ef,2,950,1.65251182632922e-08
10.0,16,ef,2,975,1.7581371808366015e-08
10.0,16,ef,2,1000,1.6519783388608848e-08
10.0,16,ef,2,1025,1.8075703500532134e-08
10.0,16,ef,2,1050,1.7097531758352325e-08
10.0,16,ef,2,1075,2.1425634315091017e-08
10.0,16,ef,2,1100,1.7795661868955805e-08
10.0,16,ef,2,1125,1.7572734575602095e-08
10.0,16,ef,2,1150,1.848128252303699e-08
10.0,16,ef,2,1175,1.6740049023479977e-08
10.0,16,ef,2,1200,1.77255116398221e-08
10.0,16,ef,2,1225,1.7408198178457063e-08
10.0,16,ef,2,1250,1.8523707132836703e-08
10.0,16,ef,2,1275,1.9416528554163536e-08
10.0,16,ef,2,1300,1.7290656078622014e-08
10.0,16,ef,2,1325,1.7227969840666946e-08
10.0,16,ef,2,1350,1.8270591298831835e-08
10.0,16,ef,2,1375,1.818041531300739e-08
10.0,16,ef,2,1400,1.8445568932319586e-08
10.0,16,ef,2,1425,1.6970578736821045e-08
10.0,16,ef,2,1450,1.6318048057192862e-08
10.0,16,ef,2,1475,2.11127907945043e-08
10.0,16,ef,2,1500,1.8679733790483804e-08
10.0,16,ef,2,1525,1.832338430307474e-08
10.0,16,ef,2,1550,1.7538899802953472e-08
10.0,16,ef,2,1575,1.693355194274119e-08
10.0,16,ef,2,1600,1.6718168538084835e-08
10.0,16,ef,2,1625,1.8319200827140786e-08
10.0,16,ef,2,1650,1.7284234139166348e-08
10.0,16,ef,2,1675,1.9346320708812453e-08
10.0,16,ef,2,1700,1.7644441038154517e-08
10.0,16,ef,2,1725,1.881969676123051e-08
10.0,16,ef,2,1750,1.7348467118342183e-08
10.0,16,ef,2,1775,1.7480835053961233e-08
10.0,16,ef,2,1800,1.7092152538112604e-08
10.0,16,ef,2,1825,1.5044333299127342e-08
10.0,16,ef,2,1850,1.866549897265733e-08
10.0,16,ef,2,1875,1.8431084609977014e-08
10.0,16,ef,2,1900,1.9031783618967574e-08
10.0,16,ef,2,1925,1.86651367085016e-08
10.0,16,ef,2,1950,1.7505480246468543e-08
10.0,16,ef,2,1975,1.658148657064033e-08
10.0,16,ef,2,2000,1.7973133923072505e-08
10.0,16,ef,2,2025,1.7156156173187743e-08
10.0,16,ef,2,2050,2.034599413752689e-08
10.0,16,ef,2,2075,1.6457231988144084e-08
10.0,16,ef,2,2100,1.852403441864393e-08
10.0,16,ef,2,2125,1.7237460507074357e-08
10.0,16,ef,2,2150,1.7490312665246253e-08
10.0,16,ef,2,2175,1.6529930556932865e-08
10.0,16,ef,2,2200,1.9658770031906927e-08
10.0,16,ef,2,2225,1.5980414939204572e-08
10.0,16,ef,2,2250,1.828115630917879e-08
10.0,16,ef,2,2275,1.4517194612749218e-08
10.0,16,ef,2,2300,1.65292049525549e-08
10.0,16,ef,2,2325,1.6980035636955097e-08
10.0,16,ef,2,2350,1.7478348872858437e-08
10.0,16,ef,2,2375,1.7729545258893504e-08
10.0,16,ef,2,2400,1.9237205817927722e-08
10.0,16,ef,2,2425,1.7688927203924612e-08
10.0,16,ef,2,2450,2.0112280703104545e-08
10.0,16,ef,2,2475,1.7237067406751232e-08
10.0,16,ef,2,2500,2.0922289745198676e-08
10.0,16,ef,2,2525,1.717388745852695e-08
10.0,16,ef,2,2550,1.8064915652170062e-08
10.0,16,ef,2,2575,1.8846339645682245e-08
10.0,16,ef,2,2600,1.827477574956762e-08
10.0,16,ef,2,2625,1.7589126940495932e-08
10.0,16,ef,2,2650,1.7184432754753306e-08
10.0,16,ef,2,2675,1.885679846523601e-08
10.0,16,ef,2,2700,1.8991167438516714e-08
10.0,16,ef,2,2725,1.7062025121775464e-08
10.0,16,ef,2,2750,1.8773656915103644e-08
10.0,16,ef,2,2775,1.6241776245910048e-08
10.0,16,ef,2,2800,1.6380283444719587e-08
10.0,16,ef,2,2825,1.714073211526292e-08
10.0,16,ef,2,2850,1.8945617366141747e-08
10.0,16,ef,2,2875,1.895379986109861e-08
10.0,16,ef,2,2900,1.8785361281923113e-08
10.0,16,ef,2,2925,1.8492965994813053e-08
10.0,16,ef,2,2950,1.7226591788896915e-08
10.0,16,ef,2,2975,1.8855847946683387e-08
10.0,16,ef,2,2999,1.704980308363581e-08
10.0,12,rtn,0,0,0.2187676890233607
10.0,12,rtn,0,25,2.0806166195237313e-06
10.0,12,rtn,0,50,1.816685831152968e-06
10.0,12,rtn,0,75,1.816685831152968e-06
10.0,12,rtn,0,100,1.816685831152968e-06
10.0,12,rtn,0,125,1.816685831152968e-06
10.0,12,rtn,0,150,1.816685831152968e-06
10.0,12,rtn,0,175,1.816685831152968e-06
10.0,12,rtn,0,200,1.816685831152968e-06
10.0,12,rtn,0,225,1.816685831152968e-06
10.0,12,rtn,0,250,1.816685831152968e-06
10.0,12,rtn,0,275,1.816685831152968e-06
10.0,12,rtn,0,300,1.816685831152968e-06
10.0,12,rtn,0,325,1.816685831152968e-06
10.0,12,rtn,0,350,1.816685831152968e-06
10.0,12,rtn,0,375,1.816685831152968e-06
10.0,12,rtn,0,400,1.816685831152968e-06
10.0,12,rtn,0,425,1.816685831152968e-06
10.0,12,rtn,0,450,1.816685831152968e-06
10.0,12,rtn,0,475,1.816685831152968e-06
10.0,12,rtn,0,500,1.816685831152968e-06
10.0,12,rtn,0,525,1.816685831152968e-06
10.0,12,rtn,0,550,1.816685831152968e-06
10.0,12,rtn,0,575,1.816685831152968e-06
10.0,12,rtn,0,600,1.816685831152968e-06
10.0,12,rtn,0,625,1.816685831152968e-06
10.0,12,rtn,0,650,1.816685831152968e-06
10.0,12,rtn,0,675,1.816685831152968e-06
10.0,12,rtn,0,700,1.816685831152968e-06
10.0,12,rtn,0,725,1.816685831152968e-06
10.0,12,rtn,0,750,1.816685831152968e-06
10.0,12,rtn,0,775,1.816685831152968e-06
10.0,12,rtn,0,800,1.816685831152968e-06
10.0,12,rtn,0,825,1.816685831152968e-06
10.0,12,rtn,0,850,1.816685831152968e-06
10.0,12,rtn,0,875,1.816685831152968e-06
10.0,12,rtn,0,900,1.816685831152968e-06
10.0,12,rtn,0,925,1.816685831152968e-06
10.0,12,rtn,0,950,1.816685831152968e-06
10.0,12,rtn,0,975,1.816685831152968e-06
10.0,12,rtn,0,1000,1.816685831152968e-06
10.0,12,rtn,0,1025,1.816685831152968e-06
10.0,12,rtn,0,1050,1.816685831152968e-06
10.0,12,rtn,0,1075,1.816685831152968e-06
10.0,12,rtn,0,1100,1.816685831152968e-06
10.0,12,rtn,0,1125,1.816685831152968e-06
10.0,12,rtn,0,1150,1.816685831152968e-06
10.0,12,rtn,0,1175,1.816685831152968e-06
10.0,12,rtn,0,1200,1.816685831152968e-06
10.0,12,rtn,0,1225,1.816685831152968e-06
10.0,12,rtn,0,1250,1.816685831152968e-06
10.0,12,rtn,0,1275,1.816685831152968e-06
10.0,12,rtn,0,1300,1.816685831152968e-06
10.0,12,rtn,0,1325,1.816685831152968e-06
10.0,12,rtn,0,1350,1.816685831152968e-06
10.0,12,rtn,0,1375,1.816685831152968e-06
10.0,12,rtn,0,1400,1.816685831152968e-06
10.0,12,rtn,0,1425,1.816685831152968e-06
10.0,12,rtn,0,1450,1.816685831152968e-06
10.0,12,rtn,0,1475,1.816685831152968e-06
10.0,12,rtn,0,1500,1.816685831152968e-06
10.0,12,rtn,0,1525,1.816685831152968e-06
10.0,12,rtn,0,1550,1.816685831152968e-06
10.0,12,rtn,0,1575,1.816685831152968e-06
10.0,12,rtn,0,1600,1.816685831152968e-06
10.0,12,rtn,0,1625,1.816685831152968e-06
10.0,12,rtn,0,1650,1.816685831152968e-06
10.0,12,rtn,0,1675,1.816685831152968e-06
10.0,12,rtn,0,1700,1.816685831152968e-06
10.0,12,rtn,0,1725,1.816685831152968e-06
10.0,12,rtn,0,1750,1.816685831152968e-06
10.0,12,rtn,0,1775,1.816685831152968e-06
10.0,12,rtn,0,1800,1.816685831152968e-06
10.0,12,rtn,0,1825,1.816685831152968e-06
10.0,12,rtn,0,1850,1.816685831152968e-06
10.0,12,rtn,0,1875,1.816685831152968e-06
10.0,12,rtn,0,1900,1.816685831152968e-06
10.0,12,rtn,0,1925,1.816685831152968e-06
10.0,12,rtn,0,1950,1.816685831152968e-06
10.0,12,rtn,0,1975,1.816685831152968e-06
10.0,12,rtn,0,2000,1.816685831152968e-06
10.0,12,rtn,0,2025,1.816685831152968e-06
10.0,12,rtn,0,2050,1.816685831152968e-06
10.0,12,rtn,0,2075,1.816685831152968e-06
10.0,12,rtn,0,2100,1.816685831152968e-06
10.0,12,rtn,0,2125,1.816685831152968e-06
10.0,12,rtn,0,2150,1.816685831152968e-06
10.0,12,rtn,0,2175,1.816685831152968e-06
10.0,12,rtn,0,2200,1.816685831152968e-06
10.0,12,rtn,0,2225,1.816685831152968e-06
10.0,12,rtn,0,2250,1.816685831152968e-06
10.0,12,rtn,0,2275,1.816685831152968e-06
10.0,12,rtn,0,2300,1.816685831152968e-06
10.0,12,rtn,0,2325,1.816685831152968e-06
10.0,12,rtn,0,2350,1.816685831152968e-06
10.0,12,rtn,0,2375,1.816685831152968e-06
10.0,12,rtn,0,2400,1.816685831152968e-06
10.0,12,rtn,0,2425,1.816685831152968e-06
10.0,12,rtn,0,2450,1.816685831152968e-06
10.0,12,rtn,0,2475,1.816685831152968e-06
10.0,12,rtn,0,2500,1.816685831152968e-06
10.0,12,rtn,0,2525,1.816685831152968e-06
10.0,12,rtn,0,2550,1.816685831152968e-06
10.0,12,rtn,0,2575,1.816685831152968e-06
10.0,12,rtn,0,2600,1.816685831152968e-06
10.0,12,rtn,0,2625,1.816685831152968e-06
10.0,12,rtn,0,2650,1.816685831152968e-06
10.0,12,rtn,0,2675,1.816685831152968e-06
10.0,12,rtn,0,2700,1.816685831152968e-06
10.0,12,rtn,0,2725,1.816685831152968e-06
10.0,12,rtn,0,2750,1.816685831152968e-06
10.0,12,rtn,0,2775,1.816685831152968e-06
10.0,12,rtn,0,2800,1.816685831152968e-06
10.0,12,rtn,0,2825,1.816685831152968e-06
10.0,12,rtn,0,2850,1.816685831152968e-06
10.0,12,rtn,0,2875,1.816685831152968e-06
10.0,12,rtn,0,2900,1.816685831152968e-06
10.0,12,rtn,0,2925,1.816685831152968e-06
10.0,12,rtn,0,2950,1.816685831152968e-06
10.0,12,rtn,0,2975,1.816685831152968e-06
10.0,12,rtn,0,2999,1.816685831152968e-06
10.0,12,rtn,1,0,0.2187676890233607
10.0,12,rtn,1,25,2.0806166195237313e-06
10.0,12,rtn,1,50,1.816685831152968e-06
10.0,12,rtn,1,75,1.816685831152968e-06
10.0,12,rtn,1,100,1.816685831152968e-06
10.0,12,rtn,1,125,1.816685831152968e-06
10.0,12,rtn,1,150,1.816685831152968e-06
10.0,12,rtn,1,175,1.816685831152968e-06
10.0,12,rtn,1,200,1.816685831152968e-06
10.0,12,rtn,1,225,1.816685831152968e-06
10.0,12,rtn,1,250,1.816685831152968e-06
10.0,12,rtn,1,275,1.816685831152968e-06
10.0,12,rtn,1,300,1.816685831152968e-06
10.0,12,rtn,1,325,1.816685831152968e-06
10.0,12,rtn,1,350,1.816685831152968e-06
10.0,12,rtn,1,375,1.816685831152968e-06
10.0,12,rtn,1,400,1.816685831152968e-06
10.0,12,rtn,1,425,1.816685831152968e-06
10.0,12,rtn,1,450,1.816685831152968e-06
10.0,12,rtn,1,475,1.816685831152968e-06
10.0,12,rtn,1,500,1.816685831152968e-06
10.0,12,rtn,1,525,1.816685831152968e-06
10.0,12,rtn,1,550,1.816685831152968e-06
10.0,12,rtn,1,575,1.816685831152968e-06
10.0,12,rtn,1,600,1.816685831152968e-06
10.0,12,rtn,1,625,1.816685831152968e-06
10.0,12,rtn,1,650,1.816685831152968e-06
10.0,12,rtn,1,675,1.816685831152968e-06
10.0,12,rtn,1,700,1.816685831152968e-06
10.0,12,rtn,1,725,1.816685831152968e-06
10.0,12,rtn,1,750,1.816685831152968e-06
10.0,12,rtn,1,775,1.816685831152968e-06
10.0,12,rtn,1,800,1.816685831152968e-06
10.0,12,rtn,1,825,1.816685831152968e-06
10.0,12,rtn,1,850,1.816685831152968e-06
10.0,12,rtn,1,875,1.816685831152968e-06
10.0,12,rtn,1,900,1.816685831152968e-06
10.0,12,rtn,1,925,1.816685831152968e-06
10.0,12,rtn,1,950,1.816685831152968e-06
10.0,12,rtn,1,975,1.816685831152968e-06
10.0,12,rtn,1,1000,1.816685831152968e-06
10.0,12,rtn,1,1025,1.816685831152968e-06
10.0,12,rtn,1,1050,1.816685831152968e-06
10.0,12,rtn,1,1075,1.816685831152968e-06
10.0,12,rtn,1,1100,1.816685831152968e-06
10.0,12,rtn,1,1125,1.816685831152968e-06
10.0,12,rtn,1,1150,1.816685831152968e-06
10.0,12,rtn,1,1175,1.816685831152968e-06
10.0,12,rtn,1,1200,1.816685831152968e-06
10.0,12,rtn,1,1225,1.816685831152968e-06
10.0,12,rtn,1,1250,1.816685831152968e-06
10.0,12,rtn,1,1275,1.816685831152968e-06
10.0,12,rtn,1,1300,1.816685831152968e-06
10.0,12,rtn,1,1325,1.816685831152968e-06
10.0,12,rtn,1,1350,1.816685831152968e-06
10.0,12,rtn,1,1375,1.816685831152968e-06
10.0,12,rtn,1,1400,1.816685831152968e-06
10.0,12,rtn,1,1425,1.816685831152968e-06
10.0,12,rtn,1,1450,1.816685831152968e-06
10.0,12,rtn,1,1475,1.816685831152968e-06
10.0,12,rtn,1,1500,1.816685831152968e-06
10.0,12,rtn,1,1525,1.816685831152968e-06
10.0,12,rtn,1,1550,1.816685831152968e-06
10.0,12,rtn,1,1575,1.816685831152968e-06
10.0,12,rtn,1,1600,1.816685831152968e-06
10.0,12,rtn,1,1625,1.816685831152968e-06
10.0,12,rtn,1,1650,1.816685831152968e-06
10.0,12,rtn,1,1675,1.816685831152968e-06
10.0,12,rtn,1,1700,1.816685831152968e-06
10.0,12,rtn,1,1725,1.816685831152968e-06
10.0,12,rtn,1,1750,1.816685831152968e-06
10.0,12,rtn,1,1775,1.816685831152968e-06
10.0,12,rtn,1,1800,1.816685831152968e-06
10.0,12,rtn,1,1825,1.816685831152968e-06
10.0,12,rtn,1,1850,1.816685831152968e-06
10.0,12,rtn,1,1875,1.816685831152968e-06
10.0,12,rtn,1,1900,1.816685831152968e-06
10.0,12,rtn,1,1925,1.816685831152968e-06
10.0,12,rtn,1,1950,1.816685831152968e-06
10.0,12,rtn,1,1975,1.816685831152968e-06
10.0,12,rtn,1,2000,1.816685831152968e-06
10.0,12,rtn,1,2025,1.816685831152968e-06
10.0,12,rtn,1,2050,1.816685831152968e-06
10.0,12,rtn,1,2075,1.816685831152968e-06
10.0,12,rtn,1,2100,1.816685831152968e-06
10.0,12,rtn,1,2125,1.816685831152968e-06
10.0,12,rtn,1,2150,1.816685831152968e-06
10.0,12,rtn,1,2175,1.816685831152968e-06
10.0,12,rtn,1,2200,1.816685831152968e-06
10.0,12,rtn,1,2225,1.816685831152968e-06
10.0,12,rtn,1,2250,1.816685831152968e-06
10.0,12,rtn,1,2275,1.816685831152968e-06
10.0,12,rtn,1,2300,1.816685831152968e-06
10.0,12,rtn,1,2325,1.816685831152968e-06
10.0,12,rtn,1,2350,1.816685831152968e-06
10.0,12,rtn,1,2375,1.816685831152968e-06
10.0,12,rtn,1,2400,1.816685831152968e-06
10.0,12,rtn,1,2425,1.816685831152968e-06
10.0,12,rtn,1,2450,1.816685831152968e-06
10.0,12,rtn,1,2475,1.816685831152968e-06
10.0,12,rtn,1,2500,1.816685831152968e-06
10.0,12,rtn,1,2525,1.816685831152968e-06
10.0,12,rtn,1,2550,1.816685831152968e-06
10.0,12,rtn,1,2575,1.816685831152968e-06
10.0,12,rtn,1,2600,1.816685831152968e-06
10.0,12,rtn,1,2625,1.816685831152968e-06
10.0,12,rtn,1,2650,1.816685831152968e-06
10.0,12,rtn,1,2675,1.816685831152968e-06
10.0,12,rtn,1,2700,1.816685831152968e-06
10.0,12,rtn,1,2725,1.816685831152968e-06
10.0,12,rtn,1,2750,1.816685831152968e-06
10.0,12,rtn,1,2775,1.816685831152968e-06
10.0,12,rtn,1,2800,1.816685831152968e-06
10.0,12,rtn,1,2825,1.816685831152968e-06
10.0,12,rtn,1,2850,1.816685831152968e-06
10.0,12,rtn,1,2875,1.816685831152968e-06
10.0,12,rtn,1,2900,1.816685831152968e-06
10.0,12,rtn,1,2925,1.816685831152968e-06
10.0,12,rtn,1,2950,1.816685831152968e-06
10.0,12,rtn,1,2975,1.816685831152968e-06
10.0,12,rtn,1,2999,1.816685831152968e-06
10.0,12,rtn,2,0,0.2187676890233607
10.0,12,rtn,2,25,2.0806166195237313e-06
10.0,12,rtn,2,50,1.816685831152968e-06
10.0,12,rtn,2,75,1.816685831152968e-06
10.0,12,rtn,2,100,1.816685831152968e-06
10.0,12,rtn,2,125,1.816685831152968e-06
10.0,12,rtn,2,150,1.816685831152968e-06
10.0,12,rtn,2,175,1.816685831152968e-06
10.0,12,rtn,2,200,1.816685831152968e-06
10.0,12,rtn,2,225,1.816685831152968e-06
10.0,12,rtn,2,250,1.816685831152968e-06
10.0,12,rtn,2,275,1.816685831152968e-06
10.0,12,rtn,2,300,1.816685831152968e-06
10.0,12,rtn,2,325,1.816685831152968e-06
10.0,12,rtn,2,350,1.816685831152968e-06
10.0,12,rtn,2,375,1.816685831152968e-06
10.0,12,rtn,2,400,1.816685831152968e-06
10.0,12,rtn,2,425,1.816685831152968e-06
10.0,12,rtn,2,450,1.816685831152968e-06
10.0,12,rtn,2,475,1.816685831152968e-06
10.0,12,rtn,2,500,1.816685831152968e-06
10.0,12,rtn,2,525,1.816685831152968e-06
10.0,12,rtn,2,550,1.816685831152968e-06
10.0,12,rtn,2,575,1.816685831152968e-06
10.0,12,rtn,2,600,1.816685831152968e-06
10.0,12,rtn,2,625,1.816685831152968e-06
10.0,12,rtn,2,650,1.816685831152968e-06
10.0,12,rtn,2,675,1.816685831152968e-06
10.0,12,rtn,2,700,1.816685831152968e-06
10.0,12,rtn,2,725,1.816685831152968e-06
10.0,12,rtn,2,750,1.816685831152968e-06
10.0,12,rtn,2,775,1.816685831152968e-06
10.0,12,rtn,2,800,1.816685831152968e-06
10.0,12,rtn,2,825,1.816685831152968e-06
10.0,12,rtn,2,850,1.816685831152968e-06
10.0,12,rtn,2,875,1.816685831152968e-06
10.0,12,rtn,2,900,1.816685831152968e-06
10.0,12,rtn,2,925,1.816685831152968e-06
10.0,12,rtn,2,950,1.816685831152968e-06
10.0,12,rtn,2,975,1.816685831152968e-06
10.0,12,rtn,2,1000,1.816685831152968e-06
10.0,12,rtn,2,1025,1.816685831152968e-06
10.0,12,rtn,2,1050,1.816685831152968e-06
10.0,12,rtn,2,1075,1.816685831152968e-06
10.0,12,rtn,2,1100,1.816685831152968e-06
10.0,12,rtn,2,1125,1.816685831152968e-06
10.0,12,rtn,2,1150,1.816685831152968e-06
10.0,12,rtn,2,1175,1.816685831152968e-06
10.0,12,rtn,2,1200,1.816685831152968e-06
10.0,12,rtn,2,1225,1.816685831152968e-06
10.0,12,rtn,2,1250,1.816685831152968e-06
10.0,12,rtn,2,1275,1.816685831152968e-06
10.0,12,rtn,2,1300,1.816685831152968e-06
10.0,12,rtn,2,1325,1.816685831152968e-06
10.0,12,rtn,2,1350,1.816685831152968e-06
10.0,12,rtn,2,1375,1.816685831152968e-06
10.0,12,rtn,2,1400,1.816685831152968e-06
10.0,12,rtn,2,1425,1.816685831152968e-06
10.0,12,rtn,2,1450,1.816685831152968e-06
10.0,12,rtn,2,1475,1.816685831152968e-06
10.0,12,rtn,2,1500,1.816685831152968e-06
10.0,12,rtn,2,1525,1.816685831152968e-06
10.0,12,rtn,2,1550,1.816685831152968e-06
10.0,12,rtn,2,1575,1.816685831152968e-06
10.0,12,rtn,2,1600,1.816685831152968e-06
10.0,12,rtn,2,1625,1.816685831152968e-06
10.0,12,rtn,2,1650,1.816685831152968e-06
10.0,12,rtn,2,1675,1.816685831152968e-06
10.0,12,rtn,2,1700,1.816685831152968e-06
10.0,12,rtn,2,1725,1.816685831152968e-06
10.0,12,rtn,2,1750,1.816685831152968e-06
10.0,12,rtn,2,1775,1.816685831152968e-06
10.0,12,rtn,2,1800,1.816685831152968e-06
10.0,12,rtn,2,1825,1.816685831152968e-06
10.0,12,rtn,2,1850,1.816685831152968e-06
10.0,12,rtn,2,1875,1.816685831152968e-06
10.0,12,rtn,2,1900,1.816685831152968e-06
10.0,12,rtn,2,1925,1.816685831152968e-06
10.0,12,rtn,2,1950,1.816685831152968e-06
10.0,12,rtn,2,1975,1.816685831152968e-06
10.0,12,rtn,2,2000,1.816685831152968e-06
10.0,12,rtn,2,2025,1.816685831152968e-06
10.0,12,rtn,2,2050,1.816685831152968e-06
10.0,12,rtn,2,2075,1.816685831152968e-06
10.0,12,rtn,2,2100,1.816685831152968e-06
10.0,12,rtn,2,2125,1.816685831152968e-06
10.0,12,rtn,2,2150,1.816685831152968e-06
10.0,12,rtn,2,2175,1.816685831152968e-06
10.0,12,rtn,2,2200,1.816685831152968e-06
10.0,12,rtn,2,2225,1.816685831152968e-06
10.0,12,rtn,2,2250,1.816685831152968e-06
10.0,12,rtn,2,2275,1.816685831152968e-06
10.0,12,rtn,2,2300,1.816685831152968e-06
10.0,12,rtn,2,2325,1.816685831152968e-06
10.0,12,rtn,2,2350,1.816685831152968e-06
10.0,12,rtn,2,2375,1.816685831152968e-06
10.0,12,rtn,2,2400,1.816685831152968e-06
10.0,12,rtn,2,2425,1.816685831152968e-06
10.0,12,rtn,2,2450,1.816685831152968e-06
10.0,12,rtn,2,2475,1.816685831152968e-06
10.0,12,rtn,2,2500,1.816685831152968e-06
10.0,12,rtn,2,2525,1.816685831152968e-06
10.0,12,rtn,2,2550,1.816685831152968e-06
10.0,12,rtn,2,2575,1.816685831152968e-06
10.0,12,rtn,2,2600,1.816685831152968e-06
10.0,12,rtn,2,2625,1.816685831152968e-06
10.0,12,rtn,2,2650,1.816685831152968e-06
10.0,12,rtn,2,2675,1.816685831152968e-06
10.0,12,rtn,2,2700,1.816685831152968e-06
10.0,12,rtn,2,2725,1.816685831152968e-06
10.0,12,rtn,2,2750,1.816685831152968e-06
10.0,12,rtn,2,2775,1.816685831152968e-06
10.0,12,rtn,2,2800,1.816685831152968e-06
10.0,12,rtn,2,2825,1.816685831152968e-06
10.0,12,rtn,2,2850,1.816685831152968e-06
10.0,12,rtn,2,2875,1.816685831152968e-06
10.0,12,rtn,2,2900,1.816685831152968e-06
10.0,12,rtn,2,2925,1.816685831152968e-06
10.0,12,rtn,2,2950,1.816685831152968e-06
10.0,12,rtn,2,2975,1.816685831152968e-06
10.0,12,rtn,2,2999,1.816685831152968e-06
10.0,12,sr,0,0,0.21881190539422676
10.0,12,sr,0,25,4.3268338393042045e-06
10.0,12,sr,0,50,3.7167392639751574e-06
10.0,12,sr,0,75,3.9883598453012444e-06
10.0,12,sr,0,100,3.691799559318856e-06
10.0,12,sr,0,125,3.5465010594113e-06
10.0,12,sr,0,150,3.857633604973302e-06
10.0,12,sr,0,175,3.855568581663446e-06
10.0,12,sr,0,200,3.780043566738637e-06
10.0,12,sr,0,225,3.61214985805306e-06
10.0,12,sr,0,250,3.924568373443395e-06
10.0,12,sr,0,275,3.828748196917912e-06
10.0,12,sr,0,300,4.1472483258957786e-06
10.0,12,sr,0,325,3.821698372729872e-06
10.0,12,sr,0,350,3.5702799003690187e-06
10.0,12,sr,0,375,3.87225376699366e-06
10.0,12,sr,0,400,3.4407696363813526e-06
10.0,12,sr,0,425,3.5421202341426474e-06
10.0,12,sr,0,450,4.1474764930766004e-06
10.0,12,sr,0,475,3.971910821602526e-06
10.0,12,sr,0,500,3.385823755551284e-06
10.0,12,sr,0,525,4.094671942559737e-06
10.0,12,sr,0,550,3.417102024472817e-06
10.0,12,sr,0,575,3.6141872560266582e-06
10.0,12,sr,0,600,3.587143052153415e-06
10.0,12,sr,0,625,3.795718807436125e-06
10.0,12,sr,0,650,3.7228301776342026e-06
10.0,12,sr,0,675,3.878787964000535e-06
10.0,12,sr,0,700,3.677765021162939e-06
10.0,12,sr,0,725,3.7634188615263323e-06
10.0,12,sr,0,750,3.629939829635051e-06
10.0,12,sr,0,775,3.952472313287431e-06
10.0,12,sr,0,800,4.138269095178911e-06
10.0,12,sr,0,825,3.9643635146817464e-06
10.0,12,sr,0,850,3.7512923621668892e-06
10.0,12,sr,0,875,3.7731347162702942e-06
10.0,12,sr,0,900,3.889945377168076e-06
10.0,12,sr,0,925,3.398912463821808e-06
10.0,12,sr,0,950,3.578710415827648e-06
10.0,12,sr,0,975,3.7125339580475306e-06
10.0,12,sr,0,1000,3.7610224634035713e-06
10.0,12,sr,0,1025,3.9077407346511875e-06
10.0,12,sr,0,1050,3.6926971282812166e-06
10.0,12,sr,0,1075,3.8718259229634845e-06
10.0,12,sr,0,1100,3.4139903933955873e-06
10.0,12,sr,0,1125,3.5882571539606043e-06
10.0,12,sr,0,1150,3.5494336006165178e-06
10.0,12,sr,0,1175,4.202585467785125e-06
10.0,12,sr,0,1200,3.5384006677442725e-06
10.0,12,sr,0,1225,3.794524972899302e-06
10.0,12,sr,0,1250,3.5371214758245976e-06
10.0,12,sr,0,1275,3.3694017982148552e-06
10.0,12,sr,0,1300,3.5945626723027795e-06
10.0,12,sr,0,1325,3.6786063435902838e-06
10.0,12,sr,0,1350,3.6862471169931086e-06
10.0,12,sr,0,1375,3.595670879316039e-06
10.0,12,sr,0,1400,3.7618129431759967e-06
10.0,12,sr,0,1425,3.841632934857369e-06
10.0,12,sr,0,1450,3.148356524394143e-06
10.0,12,sr,0,1475,3.6538550326481824e-06
10.0,12,sr,0,1500,4.081426194849172e-06
10.0,12,sr,0,1525,4.058968662290816e-06
10.0,12,sr,0,1550,3.850141383272132e-06
10.0,12,sr,0,1575,3.6902224665152097e-06
10.0,12,sr,0,1600,3.8631495061878585e-06
10.0,12,sr,0,1625,3.7094316372781194e-06
10.0,12,sr,0,1650,3.426227267499066e-06
10.0,12,sr,0,1675,3.3853213222846243e-06
10.0,12,sr,0,1700,3.4609393788040207e-06
10.0,12,sr,0,1725,3.645717062842003e-06
10.0,12,sr,0,1750,3.672192344799615e-06
10.0,12,sr,0,1775,4.025141838935267e-06
10.0,12,sr,0,1800,4.007598453102287e-06
10.0,12,sr,0,1825,3.9378487745536876e-06
10.0,12,sr,0,1850,3.6130517545218357e-06
10.0,12,sr,0,1875,3.737447626374654e-06
10.0,12,sr,0,1900,3.423599261650266e-06
10.0,12,sr,0,1925,3.7940152411390876e-06
10.0,12,sr,0,1950,3.7942449301385133e-06
10.0,12,sr,0,1975,3.772879674766977e-06
10.0,12,sr,0,2000,3.6876426887663665e-06
10.0,12,sr,0,2025,3.934892986609779e-06
10.0,12,sr,0,2050,3.7762822043481322e-06
10.0,12,sr,0,2075,3.857672159387061e-06
10.0,12,sr,0,2100,3.8871062683937076e-06
10.0,12,sr,0,2125,3.363432609443142e-06
10.0,12,sr,0,2150,4.258514635797722e-06
10.0,12,sr,0,2175,3.858373396092508e-06
10.0,12,sr,0,2200,3.6224763630233675e-06
10.0,12,sr,0,2225,3.795874573579868e-06
10.0,12,sr,0,2250,3.899792869466184e-06
10.0,12,sr,0,2275,3.723603113187158e-06
10.0,12,sr,0,2300,3.512652646883034e-06
10.0,12,sr,0,2325,3.776798573880811e-06
10.0,12,sr,0,2350,3.810263723958003e-06
10.0,12,sr,0,2375,3.944776106374714e-06
10.0,12,sr,0,2400,3.6011540835388967e-06
10.0,12,sr,0,2425,3.6193867249733994e-06
10.0,12,sr,0,2450,3.7730885223350697e-06
10.0,12,sr,0,2475,4.201954998064405e-06
10.0,12,sr,0,2500,3.829764587313097e-06
10.0,12,sr,0,2525,3.6952521354237415e-06
10.0,12,sr,0,2550,3.488301237696027e-06
10.0,12,sr,0,2575,3.840205950161006e-06
10.0,12,sr,0,2600,4.041556493217695e-06
10.0,12,sr,0,2625,3.4736968651209384e-06
10.0,12,sr,0,2650,3.6583368261165413e-06
10.0,12,sr,0,2675,3.574770839453361e-06
10.0,12,sr,0,2700,3.5311819227143317e-06
10.0,12,sr,0,2725,3.846168076976455e-06
10.0,12,sr,0,2750,3.589396489885247e-06
10.0,12,sr,0,2775,3.990830137412879e-06
10.0,12,sr,0,2800,3.840484167586042e-06
10.0,12,sr,0,2825,3.8096821679247443e-06
10.0,12,sr,0,2850,3.7035706469697935e-06
10.0,12,sr,0,2875,3.631066524576158e-06
10.0,12,sr,0,2900,3.5422938757006105e-06
10.0,12,sr,0,2925,3.8442908236411e-06
10.0,12,sr,0,2950,3.5577757047144825e-06
10.0,12,sr,0,2975,3.7657313185325094e-06
10.0,12,sr,0,2999,3.5948823925641025e-06
10.0,12,sr,1,0,0.21880235373114368
10.0,12,sr,1,25,4.397117568755534e-06
10.0,12,sr,1,50,3.738742527406434e-06
10.0,12,sr,1,75,3.7600488015796758e-06
10.0,12,sr,1,100,3.91674817827503e-06
10.0,12,sr,1,125,3.51043775680719e-06
10.0,12,sr,1,150,3.7878574822179372e-06
10.0,12,sr,1,175,3.7117409258704704e-06
10.0,12,sr,1,200,3.845691720430371e-06
10.0,12,sr,1,225,3.756964541045829e-06
10.0,12,sr,1,250,3.590166707065628e-06
10.0,12,sr,1,275,3.353846827849129e-06
10.0,12,sr,1,300,3.726604374973425e-06
10.0,12,sr,1,325,3.473888752683375e-06
10.0,12,sr,1,350,3.690418172248199e-06
10.0,12,sr,1,375,3.998421687409979e-06
10.0,12,sr,1,400,3.88978054224873e-06
10.0,12,sr,1,425,3.517292458575069e-06
10.0,12,sr,1,450,3.638646880576421e-06
10.0,12,sr,1,475,3.4456716066789236e-06
10.0,12,sr,1,500,3.706005912073705e-06
10.0,12,sr,1,525,3.7396388577574854e-06
10.0,12,sr,1,550,3.950372737457282e-06
10.0,12,sr,1,575,3.823895972443565e-06
10.0,12,sr,1,600,3.631482966556009e-06
10.0,12,sr,1,625,3.7345182742267617e-06
10.0,12,sr,1,650,3.854308101904008e-06
10.0,12,sr,1,675,3.4305162872774934e-06
10.0,12,sr,1,700,3.7941795467525974e-06
10.0,12,sr,1,725,3.436054337014263e-06
10.0,12,sr,1,750,3.6583990226313936e-06
10.0,12,sr,1,775,3.975493210829016e-06
10.0,12,sr,1,800,3.780340597625147e-06
10.0,12,sr,1,825,4.129721726486713e-06
10.0,12,sr,1,850,3.4978763303803503e-06
10.0,12,sr,1,875,3.794085101566133e-06
10.0,12,sr,1,900,3.5485776819043267e-06
10.0,12,sr,1,925,3.5391658107028957e-06
10.0,12,sr,1,950,3.6726365774964056e-06
10.0,12,sr,1,975,3.857657608007444e-06
10.0,12,sr,1,1000,3.753460172852974e-06
10.0,12,sr,1,1025,3.949549823851077e-06
10.0,12,sr,1,1050,3.5505260570594673e-06
10.0,12,sr,1,1075,3.857108773376074e-06
10.0,12,sr,1,1100,3.65661279463016e-06
10.0,12,sr,1,1125,3.9912487581089454e-06
10.0,12,sr,1,1150,3.977297320393992e-06
10.0,12,sr,1,1175,3.9590724912933506e-06
10.0,12,sr,1,1200,3.7531271076634033e-06
10.0,12,sr,1,1225,3.5689950836675324e-06
10.0,12,sr,1,1250,3.7664635571173815e-06
10.0,12,sr,1,1275,3.8489283910574135e-06
10.0,12,sr,1,1300,3.7610018626395555e-06
10.0,12,sr,1,1325,3.80066264601593e-06
10.0,12,sr,1,1350,3.4237515077722223e-06
10.0,12,sr,1,1375,3.686343146476443e-06
10.0,12,sr,1,1400,3.7756928430667014e-06
10.0,12,sr,1,1425,3.758664023646913e-06
10.0,12,sr,1,1450,3.7695491681667957e-06
10.0,12,sr,1,1475,3.681819146623175e-06
10.0,12,sr,1,1500,4.136276992731248e-06
10.0,12,sr,1,1525,4.011537547567841e-06
10.0,12,sr,1,1550,3.819009532701623e-06
10.0,12,sr,1,1575,3.7206708584475914e-06
10.0,12,sr,1,1600,3.5753839897315014e-06
10.0,12,sr,1,1625,4.076767009040378e-06
10.0,12,sr,1,1650,3.961980664838552e-06
10.0,12,sr,1,1675,3.871583994141416e-06
10.0,12,sr,1,1700,3.621081968015e-06
10.0,12,sr,1,1725,3.3884353051963648e-06
10.0,12,sr,1,1750,3.7350886258975235e-06
10.0,12,sr,1,1775,3.6275092813925596e-06
10.0,12,sr,1,1800,3.8529356280207685e-06
10.0,12,sr,1,1825,3.860396576081001e-06
10.0,12,sr,1,1850,4.160459338964234e-06
10.0,12,sr,1,1875,3.80150429276154e-06
10.0,12,sr,1,1900,3.522308661663309e-06
10.0,12,sr,1,1925,3.6518518471916637e-06
10.0,12,sr,1,1950,3.7034715202605183e-06
10.0,12,sr,1,1975,3.525788704756064e-06
10.0,12,sr,1,2000,4.016773222531545e-06
10.0,12,sr,1,2025,3.767388727793925e-06
10.0,12,sr,1,2050,3.66588767374908e-06
10.0,12,sr,1,2075,3.584938184034873e-06
10.0,12,sr,1,2100,4.348399434938257e-06
10.0,12,sr,1,2125,3.7928770475478728e-06
10.0,12,sr,1,2150,3.752851130501794e-06
10.0,12,sr,1,2175,3.540636626088088e-06
10.0,12,sr,1,2200,3.929283077994326e-06
10.0,12,sr,1,2225,3.980002476982519e-06
10.0,12,sr,1,2250,3.6406158934250774e-06
10.0,12,sr,1,2275,3.704255990073348e-06
10.0,12,sr,1,2300,3.909937890471069e-06
10.0,12,sr,1,2325,3.6186200321864436e-06
10.0,12,sr,1,2350,3.600315257503836e-06
10.0,12,sr,1,2375,3.939506646560672e-06
10.0,12,sr,1,2400,3.898840270098899e-06
10.0,12,sr,1,2425,4.246517909089054e-06
10.0,12,sr,1,2450,3.568731569988273e-06
10.0,12,sr,1,2475,3.6221891555172025e-06
10.0,12,sr,1,2500,3.571697750768513e-06
10.0,12,sr,1,2525,3.730936432885044e-06
10.0,12,sr,1,2550,3.943448160077353e-06
10.0,12,sr,1,2575,3.7098189355710207e-06
10.0,12,sr,1,2600,3.656707958692298e-06
10.0,12,sr,1,2625,3.872232691320001e-06
10.0,12,sr,1,2650,3.500386813335411e-06
10.0,12,sr,1,2675,3.68399310166877e-06
10.0,12,sr,1,2700,3.6862618110797285e-06
10.0,12,sr,1,2725,3.610039190885535e-06
10.0,12,sr,1,2750,3.701794927833298e-06
10.0,12,sr,1,2775,3.7936537004048038e-06
10.0,12,sr,1,2800,4.027693968209753e-06
10.0,12,sr,1,2825,3.903173173607343e-06
10.0,12,sr,1,2850,3.974660987914131e-06
10.0,12,sr,1,2875,4.3550666335093315e-06
10.0,12,sr,1,2900,3.80671058235028e-06
10.0,12,sr,1,2925,4.031741202457057e-06
10.0,12,sr,1,2950,3.7180119407475743e-06
10.0,12,sr,1,2975,4.2147072428107065e-06
10.0,12,sr,1,2999,3.7173987546033345e-06
10.0,12,sr,2,0,0.21881605182809538
10.0,12,sr,2,25,4.760955750440157e-06
10.0,12,sr,2,50,3.7939675744564033e-06
10.0,12,sr,2,75,3.5986010759276145e-06
10.0,12,sr,2,100,3.779187407628128e-06
10.0,12,sr,2,125,3.2447712928296665e-06
10.0,12,sr,2,150,3.888653705097298e-06
10.0,12,sr,2,175,3.6092046033163363e-06
10.0,12,sr,2,200,3.6385100538692243e-06
10.0,12,sr,2,225,3.8013411087897197e-06
10.0,12,sr,2,250,3.8468380341528825e-06
10.0,12,sr,2,275,3.6835335793931617e-06
10.0,12,sr,2,300,3.5140560871154735e-06
10.0,12,sr,2,325,3.5862059199820268e-06
10.0,12,sr,2,350,3.739735709559793e-06
10.0,12,sr,2,375,3.5035135272324936e-06
10.0,12,sr,2,400,3.672657012154723e-06
10.0,12,sr,2,425,3.927827669190931e-06
10.0,12,sr,2,450,3.687791577399797e-06
10.0,12,sr,2,475,3.7507701008873912e-06
10.0,12,sr,2,500,3.2633774859001973e-06
10.0,12,sr,2,525,3.6324046048981975e-06
10.0,12,sr,2,550,3.987412408762246e-06
10.0,12,sr,2,575,3.66242227709107e-06
10.0,12,sr,2,600,4.3535183705048006e-06
10.0,12,sr,2,625,3.6520109314421515e-06
10.0,12,sr,2,650,3.649023063359849e-06
10.0,12,sr,2,675,3.6712299307646806e-06
10.0,12,sr,2,700,3.368542059055015e-06
10.0,12,sr,2,725,4.087455997089489e-06
10.0,12,sr,2,750,3.4404370886190383e-06
10.0,12,sr,2,775,3.6272508917125786e-06
10.0,12,sr,2,800,3.6829831739916435e-06
10.0,12,sr,2,825,3.651776902446121e-06
10.0,12,sr,2,850,3.413486654248691e-06
10.0,12,sr,2,875,3.855614829508155e-06
10.0,12,sr,2,900,3.376266941696395e-06
10.0,12,sr,2,925,3.765395947141124e-06
10.0,12,sr,2,950,3.7518527478791357e-06
10.0,12,sr,2,975,3.874439680005679e-06
10.0,12,sr,2,1000,3.557014611289918e-06
10.0,12,sr,2,1025,3.9158999662044426e-06
10.0,12,sr,2,1050,3.833543208300964e-06
10.0,12,sr,2,1075,3.7955957366316e-06
10.0,12,sr,2,1100,3.924574751392714e-06
10.0,12,sr,2,1125,3.992349705229804e-06
10.0,12,sr,2,1150,4.1214719655016876e-06
10.0,12,sr,2,1175,3.537641534661026e-06
10.0,12,sr,2,1200,3.4230245555858524e-06
10.0,12,sr,2,1225,3.641549320646546e-06
10.0,12,sr,2,1250,3.3986246334827387e-06
10.0,12,sr,2,1275,3.6558804547075474e-06
10.0,12,sr,2,1300,3.832317319187275e-06
10.0,12,sr,2,1325,3.753208819104739e-06
10.0,12,sr,2,1350,3.662531039581011e-06
10.0,12,sr,2,1375,3.6031464005479626e-06
10.0,12,sr,2,1400,3.823022070918934e-06
10.0,12,sr,2,1425,3.849644266808415e-06
10.0,12,sr,2,1450,3.641481915678314e-06
10.0,12,sr,2,1475,3.7399150280810368e-06
10.0,12,sr,2,1500,3.4320404150967516e-06
10.0,12,sr,2,1525,3.734326390932327e-06
10.0,12,sr,2,1550,3.564349194481238e-06
10.0,12,sr,2,1575,3.428811170535241e-06
10.0,12,sr,2,1600,4.053720008717436e-06
10.0,12,sr,2,1625,3.600704194045597e-06
10.0,12,sr,2,1650,3.7954614157820094e-06
10.0,12,sr,2,1675,3.909342864319615e-06
10.0,12,sr,2,1700,3.720362938130993e-06
10.0,12,sr,2,1725,3.977146731105406e-06
10.0,12,sr,2,1750,3.6708642857722584e-06
10.0,12,sr,2,1775,3.4924109136247777e-06
10.0,12,sr,2,1800,3.56067156655433e-06
10.0,12,sr,2,1825,3.8188252373920845e-06
10.0,12,sr,2,1850,3.345536839546769e-06
10.0,12,sr,2,1875,3.608878056019037e-06
10.0,12,sr,2,1900,3.7961662496622663e-06
10.0,12,sr,2,1925,3.7047684711522903e-06
10.0,12,sr,2,1950,3.435173076143832e-06
10.0,12,sr,2,1975,3.7352232140911306e-06
10.0,12,sr,2,2000,3.7020433560499064e-06
10.0,12,sr,2,2025,3.874002447696261e-06
10.0,12,sr,2,2050,3.6388869427846543e-06
10.0,12,sr,2,2075,4.08465417891326e-06
10.0,12,sr,2,2100,3.6066426459464915e-06
10.0,12,sr,2,2125,3.618286058642416e-06
10.0,12,sr,2,2150,3.3258590099380293e-06
10.0,12,sr,2,2175,3.6785480399219004e-06
10.0,12,sr,2,2200,3.624653516767824e-06
10.0,12,sr,2,2225,3.802846131113864e-06
10.0,12,sr,2,2250,3.897502902644672e-06
10.0,12,sr,2,2275,3.558346983028495e-06
10.0,12,sr,2,2300,3.954260970712228e-06
10.0,12,sr,2,2325,3.642788620340208e-06
10.0,12,sr,2,2350,4.220228739456731e-06
10.0,12,sr,2,2375,3.935864535219446e-06
10.0,12,sr,2,2400,3.892332753134434e-06
10.0,12,sr,2,2425,3.757747792321286e-06
10.0,12,sr,2,2450,3.725943430234987e-06
10.0,12,sr,2,2475,3.395365395258595e-06
10.0,12,sr,2,2500,3.963958028455459e-06
10.0,12,sr,2,2525,3.3948351153601704e-06
10.0,12,sr,2,2550,3.7292405194767706e-06
10.0,12,sr,2,2575,3.841722914552956e-06
10.0,12,sr,2,2600,3.9253661683628094e-06
10.0,12,sr,2,2625,3.7794183181778968e-06
10.0,12,sr,2,2650,3.595126802664205e-06
10.0,12,sr,2,2675,3.948506570980806e-06
10.0,12,sr,2,2700,3.7065077690405366e-06
10.0,12,sr,2,2725,3.840102749246231e-06
10.0,12,sr,2,2750,3.851809549036163e-06
10.0,12,sr,2,2775,3.8505428860472845e-06
10.0,12,sr,2,2800,3.6698857427801973e-06
10.0,12,sr,2,2825,3.7457401682038952e-06
10.0,12,sr,2,2850,3.6528570817265313e-06
10.0,12,sr,2,2875,4.007633844219454e-06
10.0,12,sr,2,2900,3.841479559469146e-06
10.0,12,sr,2,2925,3.8134055614454194e-06
10.0,12,sr,2,2950,3.716264928814487e-06
10.0,12,sr,2,2975,3.4990436717239464e-06
10.0,12,sr,2,2999,3.6241043890933933e-06
10.0,12,ef,0,0,0.2187676890233607
10.0,12,ef,0,25,4.401229755763689e-06
10.0,12,ef,0,50,4.353961476314913e-06
10.0,12,ef,0,75,4.073316879462796e-06
10.0,12,ef,0,100,4.1403462379185775e-06
10.0,12,ef,0,125,3.815771516358846e-06
10.0,12,ef,0,150,4.429959316522896e-06
10.0,12,ef,0,175,3.891490887659029e-06
10.0,12,ef,0,200,3.950697312648018e-06
10.0,12,ef,0,225,4.594864007537791e-06
10.0,12,ef,0,250,4.231341666116141e-06
10.0,12,ef,0,275,4.503662785186725e-06
10.0,12,ef,0,300,4.405642832268555e-06
10.0,12,ef,0,325,3.666402512350668e-06
10.0,12,ef,0,350,4.171127798606318e-06
10.0,12,ef,0,375,4.2018837908262495e-06
10.0,12,ef,0,400,3.780970014271659e-06
10.0,12,ef,0,425,4.597420006054933e-06
10.0,12,ef,0,450,4.543295043848499e-06
10.0,12,ef,0,475,4.113743789193401e-06
10.0,12,ef,0,500,4.61819273691936e-06
10.0,12,ef,0,525,4.230453383718255e-06
10.0,12,ef,0,550,4.224644151509408e-06
10.0,12,ef,0,575,4.207935170677204e-06
10.0,12,ef,0,600,3.975852445699763e-06
10.0,12,ef,0,625,4.706278711014652e-06
10.0,12,ef,0,650,3.986487786712515e-06
10.0,12,ef,0,675,4.4830439964749255e-06
10.0,12,ef,0,700,4.19455095381227e-06
10.0,12,ef,0,725,4.6752255895854515e-06
10.0,12,ef,0,750,4.70576160481794e-06
10.0,12,ef,0,775,4.4610882961248826e-06
10.0,12,ef,0,800,4.385628889651359e-06
10.0,12,ef,0,825,4.254344155773024e-06
10.0,12,ef,0,850,4.148195128400971e-06
10.0,12,ef,0,875,4.328810005473428e-06
10.0,12,ef,0,900,4.5597952177514434e-06
10.0,12,ef,0,925,4.540413475085062e-06
10.0,12,ef,0,950,4.818701047532958e-06
10.0,12,ef,0,975,4.031473110304306e-06
10.0,12,ef,0,1000,4.387661341375955e-06
10.0,12,ef,0,1025,3.6624711592173e-06
10.0,12,ef,0,1050,4.569034586384453e-06
10.0,12,ef,0,1075,3.92179603246582e-06
10.0,12,ef,0,1100,4.266671026503252e-06
10.0,12,ef,0,1125,4.333715085972329e-06
10.0,12,ef,0,1150,4.519739847654123e-06
10.0,12,ef,0,1175,4.3026352833007326e-06
10.0,12,ef,0,1200,4.4136386327355515e-06
10.0,12,ef,0,1225,5.117481440448772e-06
10.0,12,ef,0,1250,4.54655531744098e-06
10.0,12,ef,0,1275,4.230004170395165e-06
10.0,12,ef,0,1300,4.521966347983811e-06
10.0,12,ef,0,1325,4.934978697845118e-06
10.0,12,ef,0,1350,3.835276037665644e-06
10.0,12,ef,0,1375,3.927954590773466e-06
10.0,12,ef,0,1400,4.309980077969997e-06
10.0,12,ef,0,1425,4.227062124685427e-06
10.0,12,ef,0,1450,4.082777631685715e-06
10.0,12,ef,0,1475,4.816201403048275e-06
10.0,12,ef,0,1500,4.301650857826604e-06
10.0,12,ef,0,1525,4.245619860694098e-06
10.0,12,ef,0,1550,4.49180766181806e-06
10.0,12,ef,0,1575,4.317465918394953e-06
10.0,12,ef,0,1600,4.6888193456548785e-06
10.0,12,ef,0,1625,4.786656115630761e-06
10.0,12,ef,0,1650,4.474897131967706e-06
10.0,12,ef,0,1675,4.444618803806364e-06
10.0,12,ef,0,1700,4.102100660885908e-06
10.0,12,ef,0,1725,4.134658434539002e-06
10.0,12,ef,0,1750,4.509860987380599e-06
10.0,12,ef,0,1775,4.340857552384871e-06
10.0,12,ef,0,1800,3.9520092557929785e-06
10.0,12,ef,0,1825,4.1045023173991246e-06
10.0,12,ef,0,1850,4.259752849077784e-06
10.0,12,ef,0,1875,4.381406165151904e-06
10.0,12,ef,0,1900,4.385468886851266e-06
10.0,12,ef,0,1925,4.088324261084646e-06
10.0,12,ef,0,1950,4.6320254974621364e-06
10.0,12,ef,0,1975,4.521929816665029e-06
10.0,12,ef,0,2000,4.416740903449332e-06
10.0,12,ef,0,2025,4.171957007889066e-06
10.0,12,ef,0,2050,4.778513976263045e-06
10.0,12,ef,0,2075,4.168366596131281e-06
10.0,12,ef,0,2100,4.220460699035393e-06
10.0,12,ef,0,2125,3.916719584274307e-06
10.0,12,ef,0,2150,3.9937619063658525e-06
10.0,12,ef,0,2175,4.141413061604465e-06
10.0,12,ef,0,2200,4.026208947389058e-06
10.0,12,ef,0,2225,4.651342791746801e-06
10.0,12,ef,0,2250,4.340184917588288e-06
10.0,12,ef,0,2275,4.309625333073361e-06
10.0,12,ef,0,2300,4.1210284698331465e-06
10.0,12,ef,0,2325,4.637342701261259e-06
10.0,12,ef,0,2350,3.8382052622019155e-06
10.0,12,ef,0,2375,4.390804770108467e-06
10.0,12,ef,0,2400,4.183230393942788e-06
10.0,12,ef,0,2425,4.687709330772155e-06
10.0,12,ef,0,2450,3.9557200437102855e-06
10.0,12,ef,0,2475,4.1937655811978025e-06
10.0,12,ef,0,2500,4.319076802090298e-06
10.0,12,ef,0,2525,4.108774738802507e-06
10.0,12,ef,0,2550,4.183376790189387e-06
10.0,12,ef,0,2575,3.8928620458369786e-06
10.0,12,ef,0,2600,4.823932204541954e-06
10.0,12,ef,0,2625,4.573283025028683e-06
10.0,12,ef,0,2650,4.282392670085948e-06
10.0,12,ef,0,2675,4.631037293858034e-06
10.0,12,ef,0,2700,4.23900698500603e-06
10.0,12,ef,0,2725,4.269455799688345e-06
10.0,12,ef,0,2750,4.280487862215421e-06
10.0,12,ef,0,2775,3.953531114861898e-06
10.0,12,ef,0,2800,4.5424785573029135e-06
10.0,12,ef,0,2825,4.2774153596039026e-06
10.0,12,ef,0,2850,4.066784036661729e-06
10.0,12,ef,0,2875,4.436366514217016e-06
10.0,12,ef,0,2900,4.213117481927004e-06
10.0,12,ef,0,2925,4.113314409897308e-06
10.0,12,ef,0,2950,4.082116645771006e-06
10.0,12,ef,0,2975,4.017314707050653e-06
10.0,12,ef,0,2999,4.148762783789209e-06
10.0,12,ef,1,0,0.2187676890233607
10.0,12,ef,1,25,4.401229755763689e-06
10.0,12,ef,1,50,4.353961476314913e-06
10.0,12,ef,1,75,4.073316879462796e-06
10.0,12,ef,1,100,4.1403462379185775e-06
10.0,12,ef,1,125,3.815771516358846e-06
10.0,12,ef,1,150,4.429959316522896e-06
10.0,12,ef,1,175,3.891490887659029e-06
10.0,12,ef,1,200,3.950697312648018e-06
10.0,12,ef,1,225,4.594864007537791e-06
10.0,12,ef,1,250,4.231341666116141e-06
10.0,12,ef,1,275,4.503662785186725e-06
10.0,12,ef,1,300,4.405642832268555e-06
10.0,12,ef,1,325,3.666402512350668e-06
10.0,12,ef,1,350,4.171127798606318e-06
10.0,12,ef,1,375,4.2018837908262495e-06
10.0,12,ef,1,400,3.780970014271659e-06
10.0,12,ef,1,425,4.597420006054933e-06
10.0,12,ef,1,450,4.543295043848499e-06
10.0,12,ef,1,475,4.113743789193401e-06
10.0,12,ef,1,500,4.61819273691936e-06
10.0,12,ef,1,525,4.230453383718255e-06
10.0,12,ef,1,550,4.224644151509408e-06
10.0,12,ef,1,575,4.207935170677204e-06
10.0,12,ef,1,600,3.975852445699763e-06
10.0,12,ef,1,625,4.706278711014652e-06
10.0,12,ef,1,650,3.986487786712515e-06
10.0,12,ef,1,675,4.4830439964749255e-06
10.0,12,ef,1,700,4.19455095381227e-06
10.0,12,ef,1,725,4.6752255895854515e-06
10.0,12,ef,1,750,4.70576160481794e-06
10.0,12,ef,1,775,4.4610882961248826e-06
10.0,12,ef,1,800,4.385628889651359e-06
10.0,12,ef,1,825,4.254344155773024e-06
10.0,12,ef,1,850,4.148195128400971e-06
10.0,12,ef,1,875,4.328810005473428e-06
10.0,12,ef,1,900,4.5597952177514434e-06
10.0,12,ef,1,925,4.540413475085062e-06
10.0,12,ef,1,950,4.818701047532958e-06
10.0,12,ef,1,975,4.031473110304306e-06
10.0,12,ef,1,1000,4.387661341375955e-06
10.0,12,ef,1,1025,3.6624711592173e-06
10.0,12,ef,1,1050,4.569034586384453e-06
10.0,12,ef,1,1075,3.92179603246582e-06
10.0,12,ef,1,1100,4.266671026503252e-06
10.0,12,ef,1,1125,4.333715085972329e-06
10.0,12,ef,1,1150,4.519739847654123e-06
10.0,12,ef,1,1175,4.3026352833007326e-06
10.0,12,ef,1,1200,4.4136386327355515e-06
10.0,12,ef,1,1225,5.117481440448772e-06
10.0,12,ef,1,1250,4.54655531744098e-06
10.0,12,ef,1,1275,4.230004170395165e-06
10.0,12,ef,1,1300,4.521966347983811e-06
10.0,12,ef,1,1325,4.934978697845118e-06
10.0,12,ef,1,1350,3.835276037665644e-06
10.0,12,ef,1,1375,3.927954590773466e-06
10.0,12,ef,1,1400,4.309980077969997e-06
10.0,12,ef,1,1425,4.227062124685427e-06
10.0,12,ef,1,1450,4.082777631685715e-06
10.0,12,ef,1,1475,4.816201403048275e-06
10.0,12,ef,1,1500,4.301650857826604e-06
10.0,12,ef,1,1525,4.245619860694098e-06
10.0,12,ef,1,1550,4.49180766181806e-06
10.0,12,ef,1,1575,4.317465918394953e-06
10.0,12,ef,1,1600,4.6888193456548785e-06
10.0,12,ef,1,1625,4.786656115630761e-06
10.0,12,ef,1,1650,4.474897131967706e-06
10.0,12,ef,1,1675,4.444618803806364e-06
10.0,12,ef,1,1700,4.102100660885908e-06
10.0,12,ef,1,1725,4.134658434539002e-06
10.0,12,ef,1,1750,4.509860987380599e-06
10.0,12,ef,1,1775,4.340857552384871e-06
10.0,12,ef,1,1800,3.9520092557929785e-06
10.0,12,ef,1,1825,4.1045023173991246e-06
10.0,12,ef,1,1850,4.259752849077784e-06
10.0,12,ef,1,1875,4.381406165151904e-06
10.0,12,ef,1,1900,4.385468886851266e-06
10.0,12,ef,1,1925,4.088324261084646e-06
10.0,12,ef,1,1950,4.6320254974621364e-06
10.0,12,ef,1,1975,4.521929816665029e-06
10.0,12,ef,1,2000,4.416740903449332e-06
10.0,12,ef,1,2025,4.171957007889066e-06
10.0,12,ef,1,2050,4.778513976263045e-06
10.0,12,ef,1,2075,4.168366596131281e-06
10.0,12,ef,1,2100,4.220460699035393e-06
10.0,12,ef,1,2125,3.916719584274307e-06
10.0,12,ef,1,2150,3.9937619063658525e-06
10.0,12,ef,1,2175,4.141413061604465e-06
10.0,12,ef,1,2200,4.026208947389058e-06
10.0,12,ef,1,2225,4.651342791746801e-06
10.0,12,ef,1,2250,4.340184917588288e-06
10.0,12,ef,1,2275,4.309625333073361e-06
10.0,12,ef,1,2300,4.1210284698331465e-06
10.0,12,ef,1,2325,4.637342701261259e-06
10.0,12,ef,1,2350,3.8382052622019155e-06
10.0,12,ef,1,2375,4.390804770108467e-06
10.0,12,ef,1,2400,4.183230393942788e-06
10.0,12,ef,1,2425,4.687709330772155e-06
10.0,12,ef,1,2450,3.9557200437102855e-06
10.0,12,ef,1,2475,4.1937655811978025e-06
10.0,12,ef,1,2500,4.319076802090298e-06
10.0,12,ef,1,2525,4.108774738802507e-06
10.0,12,ef,1,2550,4.183376790189387e-06
10.0,12,ef,1,2575,3.8928620458369786e-06
10.0,12,ef,1,2600,4.823932204541954e-06
10.0,12,ef,1,2625,4.573283025028683e-06
10.0,12,ef,1,2650,4.282392670085948e-06
10.0,12,ef,1,2675,4.631037293858034e-06
10.0,12,ef,1,2700,4.23900698500603e-06
10.0,12,ef,1,2725,4.269455799688345e-06
10.0,12,ef,1,2750,4.280487862215421e-06
10.0,12,ef,1,2775,3.953531114861898e-06
10.0,12,ef,1,2800,4.5424785573029135e-06
10.0,12,ef,1,2825,4.2774153596039026e-06
10.0,12,ef,1,2850,4.066784036661729e-06
10.0,12,ef,1,2875,4.436366514217016e-06
10.0,12,ef,1,2900,4.213117481927004e-06
10.0,12,ef,1,2925,4.113314409897308e-06
10.0,12,ef,1,2950,4.082116645771006e-06
10.0,12,ef,1,2975,4.017314707050653e-06
10.0,12,ef,1,2999,4.148762783789209e-06
10.0,12,ef,2,0,0.2187676890233607
10.0,12,ef,2,25,4.401229755763689e-06
10.0,12,ef,2,50,4.353961476314913e-06
10.0,12,ef,2,75,4.073316879462796e-06
10.0,12,ef,2,100,4.1403462379185775e-06
10.0,12,ef,2,125,3.815771516358846e-06
10.0,12,ef,2,150,4.429959316522896e-06
10.0,12,ef,2,175,3.891490887659029e-06
10.0,12,ef,2,200,3.950697312648018e-06
10.0,12,ef,2,225,4.594864007537791e-06
10.0,12,ef,2,250,4.231341666116141e-06
10.0,12,ef,2,275,4.503662785186725e-06
10.0,12,ef,2,300,4.405642832268555e-06
10.0,12,ef,2,325,3.666402512350668e-06
10.0,12,ef,2,350,4.171127798606318e-06
10.0,12,ef,2,375,4.2018837908262495e-06
10.0,12,ef,2,400,3.780970014271659e-06
10.0,12,ef,2,425,4.597420006054933e-06
10.0,12,ef,2,450,4.543295043848499e-06
10.0,12,ef,2,475,4.113743789193401e-06
10.0,12,ef,2,500,4.61819273691936e-06
10.0,12,ef,2,525,4.230453383718255e-06
10.0,12,ef,2,550,4.224644151509408e-06
10.0,12,ef,2,575,4.207935170677204e-06
10.0,12,ef,2,600,3.975852445699763e-06
10.0,12,ef,2,625,4.706278711014652e-06
10.0,12,ef,2,650,3.986487786712515e-06
10.0,12,ef,2,675,4.4830439964749255e-06
10.0,12,ef,2,700,4.19455095381227e-06
10.0,12,ef,2,725,4.6752255895854515e-06
10.0,12,ef,2,750,4.70576160481794e-06
10.0,12,ef,2,775,4.4610882961248826e-06
10.0,12,ef,2,800,4.385628889651359e-06
10.0,12,ef,2,825,4.254344155773024e-06
10.0,12,ef,2,850,4.148195128400971e-06
10.0,12,ef,2,875,4.328810005473428e-06
10.0,12,ef,2,900,4.5597952177514434e-06
10.0,12,ef,2,925,4.540413475085062e-06
10.0,12,ef,2,950,4.818701047532958e-06
10.0,12,ef,2,975,4.031473110304306e-06
10.0,12,ef,2,1000,4.387661341375955e-06
10.0,12,ef,2,1025,3.6624711592173e-06
10.0,12,ef,2,1050,4.569034586384453e-06
10.0,12,ef,2,1075,3.92179603246582e-06
10.0,12,ef,2,1100,4.266671026503252e-06
10.0,12,ef,2,1125,4.333715085972329e-06
10.0,12,ef,2,1150,4.519739847654123e-06
10.0,12,ef,2,1175,4.3026352833007326e-06
10.0,12,ef,2,1200,4.4136386327355515e-06
10.0,12,ef,2,1225,5.117481440448772e-06
10.0,12,ef,2,1250,4.54655531744098e-06
10.0,12,ef,2,1275,4.230004170395165e-06
10.0,12,ef,2,1300,4.521966347983811e-06
10.0,12,ef,2,1325,4.934978697845118e-06
10.0,12,ef,2,1350,3.835276037665644e-06
10.0,12,ef,2,1375,3.927954590773466e-06
10.0,12,ef,2,1400,4.309980077969997e-06
10.0,12,ef,2,1425,4.227062124685427e-06
10.0,12,ef,2,1450,4.082777631685715e-06
10.0,12,ef,2,1475,4.816201403048275e-06
10.0,12,ef,2,1500,4.301650857826604e-06
10.0,12,ef,2,1525,4.245619860694098e-06
10.0,12,ef,2,1550,4.49180766181806e-06
10.0,12,ef,2,1575,4.317465918394953e-06
10.0,12,ef,2,1600,4.6888193456548785e-06
10.0,12,ef,2,1625,4.786656115630761e-06
10.0,12,ef,2,1650,4.474897131967706e-06
10.0,12,ef,2,1675,4.444618803806364e-06
10.0,12,ef,2,1700,4.102100660885908e-06
10.0,12,ef,2,1725,4.134658434539002e-06
10.0,12,ef,2,1750,4.509860987380599e-06
10.0,12,ef,2,1775,4.340857552384871e-06
10.0,12,ef,2,1800,3.9520092557929785e-06
10.0,12,ef,2,1825,4.1045023173991246e-06
10.0,12,ef,2,1850,4.259752849077784e-06
10.0,12,ef,2,1875,4.381406165151904e-06
10.0,12,ef,2,1900,4.385468886851266e-06
10.0,12,ef,2,1925,4.088324261084646e-06
10.0,12,ef,2,1950,4.6320254974621364e-06
10.0,12,ef,2,1975,4.521929816665029e-06
10.0,12,ef,2,2000,4.416740903449332e-06
10.0,12,ef,2,2025,4.171957007889066e-06
10.0,12,ef,2,2050,4.778513976263045e-06
10.0,12,ef,2,2075,4.168366596131281e-06
10.0,12,ef,2,2100,4.220460699035393e-06
10.0,12,ef,2,2125,3.916719584274307e-06
10.0,12,ef,2,2150,3.9937619063658525e-06
10.0,12,ef,2,2175,4.141413061604465e-06
10.0,12,ef,2,2200,4.026208947389058e-06
10.0,12,ef,2,2225,4.651342791746801e-06
10.0,12,ef,2,2250,4.340184917588288e-06
10.0,12,ef,2,2275,4.309625333073361e-06
10.0,12,ef,2,2300,4.1210284698331465e-06
10.0,12,ef,2,2325,4.637342701261259e-06
10.0,12,ef,2,2350,3.8382052622019155e-06
10.0,12,ef,2,2375,4.390804770108467e-06
10.0,12,ef,2,2400,4.183230393942788e-06
10.0,12,ef,2,2425,4.687709330772155e-06
10.0,12,ef,2,2450,3.9557200437102855e-06
10.0,12,ef,2,2475,4.1937655811978025e-06
10.0,12,ef,2,2500,4.319076802090298e-06
10.0,12,ef,2,2525,4.108774738802507e-06
10.0,12,ef,2,2550,4.183376790189387e-06
10.0,12,ef,2,2575,3.8928620458369786e-06
10.0,12,ef,2,2600,4.823932204541954e-06
10.0,12,ef,2,2625,4.573283025028683e-06
10.0,12,ef,2,2650,4.282392670085948e-06
10.0,12,ef,2,2675,4.631037293858034e-06
10.0,12,ef,2,2700,4.23900698500603e-06
10.0,12,ef,2,2725,4.269455799688345e-06
10.0,12,ef,2,2750,4.280487862215421e-06
10.0,12,ef,2,2775,3.953531114861898e-06
10.0,12,ef,2,2800,4.5424785573029135e-06
10.0,12,ef,2,2825,4.2774153596039026e-06
10.0,12,ef,2,2850,4.066784036661729e-06
10.0,12,ef,2,2875,4.436366514217016e-06
10.0,12,ef,2,2900,4.213117481927004e-06
10.0,12,ef,2,2925,4.113314409897308e-06
10.0,12,ef,2,2950,4.082116645771006e-06
10.0,12,ef,2,2975,4.017314707050653e-06
10.0,12,ef,2,2999,4.148762783789209e-06
10.0,10,rtn,0,0,0.2186460109795513
10.0,10,rtn,0,25,2.788357285156148e-05
10.0,10,rtn,0,50,2.788357285156148e-05
10.0,10,rtn,0,75,2.788357285156148e-05
10.0,10,rtn,0,100,2.788357285156148e-05
10.0,10,rtn,0,125,2.788357285156148e-05
10.0,10,rtn,0,150,2.788357285156148e-05
10.0,10,rtn,0,175,2.788357285156148e-05
10.0,10,rtn,0,200,2.788357285156148e-05
10.0,10,rtn,0,225,2.788357285156148e-05
10.0,10,rtn,0,250,2.788357285156148e-05
10.0,10,rtn,0,275,2.788357285156148e-05
10.0,10,rtn,0,300,2.788357285156148e-05
10.0,10,rtn,0,325,2.788357285156148e-05
10.0,10,rtn,0,350,2.788357285156148e-05
10.0,10,rtn,0,375,2.788357285156148e-05
10.0,10,rtn,0,400,2.788357285156148e-05
10.0,10,rtn,0,425,2.788357285156148e-05
10.0,10,rtn,0,450,2.788357285156148e-05
10.0,10,rtn,0,475,2.788357285156148e-05
10.0,10,rtn,0,500,2.788357285156148e-05
10.0,10,rtn,0,525,2.788357285156148e-05
10.0,10,rtn,0,550,2.788357285156148e-05
10.0,10,rtn,0,575,2.788357285156148e-05
10.0,10,rtn,0,600,2.788357285156148e-05
10.0,10,rtn,0,625,2.788357285156148e-05
10.0,10,rtn,0,650,2.788357285156148e-05
10.0,10,rtn,0,675,2.788357285156148e-05
10.0,10,rtn,0,700,2.788357285156148e-05
10.0,10,rtn,0,725,2.788357285156148e-05
10.0,10,rtn,0,750,2.788357285156148e-05
10.0,10,rtn,0,775,2.788357285156148e-05
10.0,10,rtn,0,800,2.788357285156148e-05
10.0,10,rtn,0,825,2.788357285156148e-05
10.0,10,rtn,0,850,2.788357285156148e-05
10.0,10,rtn,0,875,2.788357285156148e-05
10.0,10,rtn,0,900,2.788357285156148e-05
10.0,10,rtn,0,925,2.788357285156148e-05
10.0,10,rtn,0,950,2.788357285156148e-05
10.0,10,rtn,0,975,2.788357285156148e-05
10.0,10,rtn,0,1000,2.788357285156148e-05
10.0,10,rtn,0,1025,2.788357285156148e-05
10.0,10,rtn,0,1050,2.788357285156148e-05
10.0,10,rtn,0,1075,2.788357285156148e-05
10.0,10,rtn,0,1100,2.788357285156148e-05
10.0,10,rtn,0,1125,2.788357285156148e-05
10.0,10,rtn,0,1150,2.788357285156148e-05
10.0,10,rtn,0,1175,2.788357285156148e-05
10.0,10,rtn,0,1200,2.788357285156148e-05
10.0,10,rtn,0,1225,2.788357285156148e-05
10.0,10,rtn,0,1250,2.788357285156148e-05
10.0,10,rtn,0,1275,2.788357285156148e-05
10.0,10,rtn,0,1300,2.788357285156148e-05
10.0,10,rtn,0,1325,2.788357285156148e-05
10.0,10,rtn,0,1350,2.788357285156148e-05
10.0,10,rtn,0,1375,2.788357285156148e-05
10.0,10,rtn,0,1400,2.788357285156148e-05
10.0,10,rtn,0,1425,2.788357285156148e-05
10.0,10,rtn,0,1450,2.788357285156148e-05
10.0,10,rtn,0,1475,2.788357285156148e-05
10.0,10,rtn,0,1500,2.788357285156148e-05
10.0,10,rtn,0,1525,2.788357285156148e-05
10.0,10,rtn,0,1550,2.788357285156148e-05
10.0,10,rtn,0,1575,2.788357285156148e-05
10.0,10,rtn,0,1600,2.788357285156148e-05
10.0,10,rtn,0,1625,2.788357285156148e-05
10.0,10,rtn,0,1650,2.788357285156148e-05
10.0,10,rtn,0,1675,2.788357285156148e-05
10.0,10,rtn,0,1700,2.788357285156148e-05
10.0,10,rtn,0,1725,2.788357285156148e-05
10.0,10,rtn,0,1750,2.788357285156148e-05
10.0,10,rtn,0,1775,2.788357285156148e-05
10.0,10,rtn,0,1800,2.788357285156148e-05
10.0,10,rtn,0,1825,2.788357285156148e-05
10.0,10,rtn,0,1850,2.788357285156148e-05
10.0,10,rtn,0,1875,2.788357285156148e-05
10.0,10,rtn,0,1900,2.788357285156148e-05
10.0,10,rtn,0,1925,2.788357285156148e-05
10.0,10,rtn,0,1950,2.788357285156148e-05
10.0,10,rtn,0,1975,2.788357285156148e-05
10.0,10,rtn,0,2000,2.788357285156148e-05
10.0,10,rtn,0,2025,2.788357285156148e-05
10.0,10,rtn,0,2050,2.788357285156148e-05
10.0,10,rtn,0,2075,2.788357285156148e-05
10.0,10,rtn,0,2100,2.788357285156148e-05
10.0,10,rtn,0,2125,2.788357285156148e-05
10.0,10,rtn,0,2150,2.788357285156148e-05
10.0,10,rtn,0,2175,2.788357285156148e-05
10.0,10,rtn,0,2200,2.788357285156148e-05
10.0,10,rtn,0,2225,2.788357285156148e-05
10.0,10,rtn,0,2250,2.788357285156148e-05
10.0,10,rtn,0,2275,2.788357285156148e-05
10.0,10,rtn,0,2300,2.788357285156148e-05
10.0,10,rtn,0,2325,2.788357285156148e-05
10.0,10,rtn,0,2350,2.788357285156148e-05
10.0,10,rtn,0,2375,2.788357285156148e-05
10.0,10,rtn,0,2400,2.788357285156148e-05
10.0,10,rtn,0,2425,2.788357285156148e-05
10.0,10,rtn,0,2450,2.788357285156148e-05
10.0,10,rtn,0,2475,2.788357285156148e-05
10.0,10,rtn,0,2500,2.788357285156148e-05
10.0,10,rtn,0,2525,2.788357285156148e-05
10.0,10,rtn,0,2550,2.788357285156148e-05
10.0,10,rtn,0,2575,2.788357285156148e-05
10.0,10,rtn,0,2600,2.788357285156148e-05
10.0,10,rtn,0,2625,2.788357285156148e-05
10.0,10,rtn,0,2650,2.788357285156148e-05
10.0,10,rtn,0,2675,2.788357285156148e-05
10.0,10,rtn,0,2700,2.788357285156148e-05
10.0,10,rtn,0,2725,2.788357285156148e-05
10.0,10,rtn,0,2750,2.788357285156148e-05
10.0,10,rtn,0,2775,2.788357285156148e-05
10.0,10,rtn,0,2800,2.788357285156148e-05
10.0,10,rtn,0,2825,2.788357285156148e-05
10.0,10,rtn,0,2850,2.788357285156148e-05
10.0,10,rtn,0,2875,2.788357285156148e-05
10.0,10,rtn,0,2900,2.788357285156148e-05
10.0,10,rtn,0,2925,2.788357285156148e-05
10.0,10,rtn,0,2950,2.788357285156148e-05
10.0,10,rtn,0,2975,2.788357285156148e-05
10.0,10,rtn,0,2999,2.788357285156148e-05
10.0,10,rtn,1,0,0.2186460109795513
10.0,10,rtn,1,25,2.788357285156148e-05
10.0,10,rtn,1,50,2.788357285156148e-05
10.0,10,rtn,1,75,2.788357285156148e-05
10.0,10,rtn,1,100,2.788357285156148e-05
10.0,10,rtn,1,125,2.788357285156148e-05
10.0,10,rtn,1,150,2.788357285156148e-05
10.0,10,rtn,1,175,2.788357285156148e-05
10.0,10,rtn,1,200,2.788357285156148e-05
10.0,10,rtn,1,225,2.788357285156148e-05
10.0,10,rtn,1,250,2.788357285156148e-05
10.0,10,rtn,1,275,2.788357285156148e-05
10.0,10,rtn,1,300,2.788357285156148e-05
10.0,10,rtn,1,325,2.788357285156148e-05
10.0,10,rtn,1,350,2.788357285156148e-05
10.0,10,rtn,1,375,2.788357285156148e-05
10.0,10,rtn,1,400,2.788357285156148e-05
10.0,10,rtn,1,425,2.788357285156148e-05
10.0,10,rtn,1,450,2.788357285156148e-05
10.0,10,rtn,1,475,2.788357285156148e-05
10.0,10,rtn,1,500,2.788357285156148e-05
10.0,10,rtn,1,525,2.788357285156148e-05
10.0,10,rtn,1,550,2.788357285156148e-05
10.0,10,rtn,1,575,2.788357285156148e-05
10.0,10,rtn,1,600,2.788357285156148e-05
10.0,10,rtn,1,625,2.788357285156148e-05
10.0,10,rtn,1,650,2.788357285156148e-05
10.0,10,rtn,1,675,2.788357285156148e-05
10.0,10,rtn,1,700,2.788357285156148e-05
10.0,10,rtn,1,725,2.788357285156148e-05
10.0,10,rtn,1,750,2.788357285156148e-05
10.0,10,rtn,1,775,2.788357285156148e-05
10.0,10,rtn,1,800,2.788357285156148e-05
10.0,10,rtn,1,825,2.788357285156148e-05
10.0,10,rtn,1,850,2.788357285156148e-05
10.0,10,rtn,1,875,2.788357285156148e-05
10.0,10,rtn,1,900,2.788357285156148e-05
10.0,10,rtn,1,925,2.788357285156148e-05
10.0,10,rtn,1,950,2.788357285156148e-05
10.0,10,rtn,1,975,2.788357285156148e-05
10.0,10,rtn,1,1000,2.788357285156148e-05
10.0,10,rtn,1,1025,2.788357285156148e-05
10.0,10,rtn,1,1050,2.788357285156148e-05
10.0,10,rtn,1,1075,2.788357285156148e-05
10.0,10,rtn,1,1100,2.788357285156148e-05
10.0,10,rtn,1,1125,2.788357285156148e-05
10.0,10,rtn,1,1150,2.788357285156148e-05
10.0,10,rtn,1,1175,2.788357285156148e-05
10.0,10,rtn,1,1200,2.788357285156148e-05
10.0,10,rtn,1,1225,2.788357285156148e-05
10.0,10,rtn,1,1250,2.788357285156148e-05
10.0,10,rtn,1,1275,2.788357285156148e-05
10.0,10,rtn,1,1300,2.788357285156148e-05
10.0,10,rtn,1,1325,2.788357285156148e-05
10.0,10,rtn,1,1350,2.788357285156148e-05
10.0,10,rtn,1,1375,2.788357285156148e-05
10.0,10,rtn,1,1400,2.788357285156148e-05
10.0,10,rtn,1,1425,2.788357285156148e-05
10.0,10,rtn,1,1450,2.788357285156148e-05
10.0,10,rtn,1,1475,2.788357285156148e-05
10.0,10,rtn,1,1500,2.788357285156148e-05
10.0,10,rtn,1,1525,2.788357285156148e-05
10.0,10,rtn,1,1550,2.788357285156148e-05
10.0,10,rtn,1,1575,2.788357285156148e-05
10.0,10,rtn,1,1600,2.788357285156148e-05
10.0,10,rtn,1,1625,2.788357285156148e-05
10.0,10,rtn,1,1650,2.788357285156148e-05
10.0,10,rtn,1,1675,2.788357285156148e-05
10.0,10,rtn,1,1700,2.788357285156148e-05
10.0,10,rtn,1,1725,2.788357285156148e-05
10.0,10,rtn,1,1750,2.788357285156148e-05
10.0,10,rtn,1,1775,2.788357285156148e-05
10.0,10,rtn,1,1800,2.788357285156148e-05
10.0,10,rtn,1,1825,2.788357285156148e-05
10.0,10,rtn,1,1850,2.788357285156148e-05
10.0,10,rtn,1,1875,2.788357285156148e-05
10.0,10,rtn,1,1900,2.788357285156148e-05
10.0,10,rtn,1,1925,2.788357285156148e-05
10.0,10,rtn,1,1950,2.788357285156148e-05
10.0,10,rtn,1,1975,2.788357285156148e-05
10.0,10,rtn,1,2000,2.788357285156148e-05
10.0,10,rtn,1,2025,2.788357285156148e-05
10.0,10,rtn,1,2050,2.788357285156148e-05
10.0,10,rtn,1,2075,2.788357285156148e-05
10.0,10,rtn,1,2100,2.788357285156148e-05
10.0,10,rtn,1,2125,2.788357285156148e-05
10.0,10,rtn,1,2150,2.788357285156148e-05
10.0,10,rtn,1,2175,2.788357285156148e-05
10.0,10,rtn,1,2200,2.788357285156148e-05
10.0,10,rtn,1,2225,2.788357285156148e-05
10.0,10,rtn,1,2250,2.788357285156148e-05
10.0,10,rtn,1,2275,2.788357285156148e-05
10.0,10,rtn,1,2300,2.788357285156148e-05
10.0,10,rtn,1,2325,2.788357285156148e-05
10.0,10,rtn,1,2350,2.788357285156148e-05
10.0,10,rtn,1,2375,2.788357285156148e-05
10.0,10,rtn,1,2400,2.788357285156148e-05
10.0,10,rtn,1,2425,2.788357285156148e-05
10.0,10,rtn,1,2450,2.788357285156148e-05
10.0,10,rtn,1,2475,2.788357285156148e-05
10.0,10,rtn,1,2500,2.788357285156148e-05
10.0,10,rtn,1,2525,2.788357285156148e-05
10.0,10,rtn,1,2550,2.788357285156148e-05
10.0,10,rtn,1,2575,2.788357285156148e-05
10.0,10,rtn,1,2600,2.788357285156148e-05
10.0,10,rtn,1,2625,2.788357285156148e-05
10.0,10,rtn,1,2650,2.788357285156148e-05
10.0,10,rtn,1,2675,2.788357285156148e-05
10.0,10,rtn,1,2700,2.788357285156148e-05
10.0,10,rtn,1,2725,2.788357285156148e-05
10.0,10,rtn,1,2750,2.788357285156148e-05
10.0,10,rtn,1,2775,2.788357285156148e-05
10.0,10,rtn,1,2800,2.788357285156148e-05
10.0,10,rtn,1,2825,2.788357285156148e-05
10.0,10,rtn,1,2850,2.788357285156148e-05
10.0,10,rtn,1,2875,2.788357285156148e-05
10.0,10,rtn,1,2900,2.788357285156148e-05
10.0,10,rtn,1,2925,2.788357285156148e-05
10.0,10,rtn,1,2950,2.788357285156148e-05
10.0,10,rtn,1,2975,2.788357285156148e-05
10.0,10,rtn,1,2999,2.788357285156148e-05
10.0,10,rtn,2,0,0.2186460109795513
10.0,10,rtn,2,25,2.788357285156148e-05
10.0,10,rtn,2,50,2.788357285156148e-05
10.0,10,rtn,2,75,2.788357285156148e-05
10.0,10,rtn,2,100,2.788357285156148e-05
10.0,10,rtn,2,125,2.788357285156148e-05
10.0,10,rtn,2,150,2.788357285156148e-05
10.0,10,rtn,2,175,2.788357285156148e-05
10.0,10,rtn,2,200,2.788357285156148e-05
10.0,10,rtn,2,225,2.788357285156148e-05
10.0,10,rtn,2,250,2.788357285156148e-05
10.0,10,rtn,2,275,2.788357285156148e-05
10.0,10,rtn,2,300,2.788357285156148e-05
10.0,10,rtn,2,325,2.788357285156148e-05
10.0,10,rtn,2,350,2.788357285156148e-05
10.0,10,rtn,2,375,2.788357285156148e-05
10.0,10,rtn,2,400,2.788357285156148e-05
10.0,10,rtn,2,425,2.788357285156148e-05
10.0,10,rtn,2,450,2.788357285156148e-05
10.0,10,rtn,2,475,2.788357285156148e-05
10.0,10,rtn,2,500,2.788357285156148e-05
10.0,10,rtn,2,525,2.788357285156148e-05
10.0,10,rtn,2,550,2.788357285156148e-05
10.0,10,rtn,2,575,2.788357285156148e-05
10.0,10,rtn,2,600,2.788357285156148e-05
10.0,10,rtn,2,625,2.788357285156148e-05
10.0,10,rtn,2,650,2.788357285156148e-05
10.0,10,rtn,2,675,2.788357285156148e-05
10.0,10,rtn,2,700,2.788357285156148e-05
10.0,10,rtn,2,725,2.788357285156148e-05
10.0,10,rtn,2,750,2.788357285156148e-05
10.0,10,rtn,2,775,2.788357285156148e-05
10.0,10,rtn,2,800,2.788357285156148e-05
10.0,10,rtn,2,825,2.788357285156148e-05
10.0,10,rtn,2,850,2.788357285156148e-05
10.0,10,rtn,2,875,2.788357285156148e-05
10.0,10,rtn,2,900,2.788357285156148e-05
10.0,10,rtn,2,925,2.788357285156148e-05
10.0,10,rtn,2,950,2.788357285156148e-05
10.0,10,rtn,2,975,2.788357285156148e-05
10.0,10,rtn,2,1000,2.788357285156148e-05
10.0,10,rtn,2,1025,2.788357285156148e-05
10.0,10,rtn,2,1050,2.788357285156148e-05
10.0,10,rtn,2,1075,2.788357285156148e-05
10.0,10,rtn,2,1100,2.788357285156148e-05
10.0,10,rtn,2,1125,2.788357285156148e-05
10.0,10,rtn,2,1150,2.788357285156148e-05
10.0,10,rtn,2,1175,2.788357285156148e-05
10.0,10,rtn,2,1200,2.788357285156148e-05
10.0,10,rtn,2,1225,2.788357285156148e-05
10.0,10,rtn,2,1250,2.788357285156148e-05
10.0,10,rtn,2,1275,2.788357285156148e-05
10.0,10,rtn,2,1300,2.788357285156148e-05
10.0,10,rtn,2,1325,2.788357285156148e-05
10.0,10,rtn,2,1350,2.788357285156148e-05
10.0,10,rtn,2,1375,2.788357285156148e-05
10.0,10,rtn,2,1400,2.788357285156148e-05
10.0,10,rtn,2,1425,2.788357285156148e-05
10.0,10,rtn,2,1450,2.788357285156148e-05
10.0,10,rtn,2,1475,2.788357285156148e-05
10.0,10,rtn,2,1500,2.788357285156148e-05
10.0,10,rtn,2,1525,2.788357285156148e-05
10.0,10,rtn,2,1550,2.788357285156148e-05
10.0,10,rtn,2,1575,2.788357285156148e-05
10.0,10,rtn,2,1600,2.788357285156148e-05
10.0,10,rtn,2,1625,2.788357285156148e-05
10.0,10,rtn,2,1650,2.788357285156148e-05
10.0,10,rtn,2,1675,2.788357285156148e-05
10.0,10,rtn,2,1700,2.788357285156148e-05
10.0,10,rtn,2,1725,2.788357285156148e-05
10.0,10,rtn,2,1750,2.788357285156148e-05
10.0,10,rtn,2,1775,2.788357285156148e-05
10.0,10,rtn,2,1800,2.788357285156148e-05
10.0,10,rtn,2,1825,2.788357285156148e-05
10.0,10,rtn,2,1850,2.788357285156148e-05
10.0,10,rtn,2,1875,2.788357285156148e-05
10.0,10,rtn,2,1900,2.788357285156148e-05
10.0,10,rtn,2,1925,2.788357285156148e-05
10.0,10,rtn,2,1950,2.788357285156148e-05
10.0,10,rtn,2,1975,2.788357285156148e-05
10.0,10,rtn,2,2000,2.788357285156148e-05
10.0,10,rtn,2,2025,2.788357285156148e-05
10.0,10,rtn,2,2050,2.788357285156148e-05
10.0,10,rtn,2,2075,2.788357285156148e-05
10.0,10,rtn,2,2100,2.788357285156148e-05
10.0,10,rtn,2,2125,2.788357285156148e-05
10.0,10,rtn,2,2150,2.788357285156148e-05
10.0,10,rtn,2,2175,2.788357285156148e-05
10.0,10,rtn,2,2200,2.788357285156148e-05
10.0,10,rtn,2,2225,2.788357285156148e-05
10.0,10,rtn,2,2250,2.788357285156148e-05
10.0,10,rtn,2,2275,2.788357285156148e-05
10.0,10,rtn,2,2300,2.788357285156148e-05
10.0,10,rtn,2,2325,2.788357285156148e-05
10.0,10,rtn,2,2350,2.788357285156148e-05
10.0,10,rtn,2,2375,2.788357285156148e-05
10.0,10,rtn,2,2400,2.788357285156148e-05
10.0,10,rtn,2,2425,2.788357285156148e-05
10.0,10,rtn,2,2450,2.788357285156148e-05
10.0,10,rtn,2,2475,2.788357285156148e-05
10.0,10,rtn,2,2500,2.788357285156148e-05
10.0,10,rtn,2,2525,2.788357285156148e-05
10.0,10,rtn,2,2550,2.788357285156148e-05
10.0,10,rtn,2,2575,2.788357285156148e-05
10.0,10,rtn,2,2600,2.788357285156148e-05
10.0,10,rtn,2,2625,2.788357285156148e-05
10.0,10,rtn,2,2650,2.788357285156148e-05
10.0,10,rtn,2,2675,2.788357285156148e-05
10.0,10,rtn,2,2700,2.788357285156148e-05
10.0,10,rtn,2,2725,2.788357285156148e-05
10.0,10,rtn,2,2750,2.788357285156148e-05
10.0,10,rtn,2,2775,2.788357285156148e-05
10.0,10,rtn,2,2800,2.788357285156148e-05
10.0,10,rtn,2,2825,2.788357285156148e-05
10.0,10,rtn,2,2850,2.788357285156148e-05
10.0,10,rtn,2,2875,2.788357285156148e-05
10.0,10,rtn,2,2900,2.788357285156148e-05
10.0,10,rtn,2,2925,2.788357285156148e-05
10.0,10,rtn,2,2950,2.788357285156148e-05
10.0,10,rtn,2,2975,2.788357285156148e-05
10.0,10,rtn,2,2999,2.788357285156148e-05
10.0,10,sr,0,0,0.21957616867154772
10.0,10,sr,0,25,6.120959929087485e-05
10.0,10,sr,0,50,5.894469787787071e-05
10.0,10,sr,0,75,6.050080997739064e-05
10.0,10,sr,0,100,6.643785022575853e-05
10.0,10,sr,0,125,5.616879513555733e-05
10.0,10,sr,0,150,6.095103263285001e-05
10.0,10,sr,0,175,6.118560266725112e-05
10.0,10,sr,0,200,6.241794021096893e-05
10.0,10,sr,0,225,6.051261123743764e-05
10.0,10,sr,0,250,5.951012132030309e-05
10.0,10,sr,0,275,6.81592042745875e-05
10.0,10,sr,0,300,6.456598962561247e-05
10.0,10,sr,0,325,6.43965749836261e-05
10.0,10,sr,0,350,5.616196039445982e-05
10.0,10,sr,0,375,6.135183963860298e-05
10.0,10,sr,0,400,5.737078119947537e-05
10.0,10,sr,0,425,6.112528411421854e-05
10.0,10,sr,0,450,6.342543038239376e-05
10.0,10,sr,0,475,6.347878342237355e-05
10.0,10,sr,0,500,6.201392664478414e-05
10.0,10,sr,0,525,5.499311530669496e-05
10.0,10,sr,0,550,6.178163303620588e-05
10.0,10,sr,0,575,5.8058310495024574e-05
10.0,10,sr,0,600,5.718225912815295e-05
10.0,10,sr,0,625,6.355718730353644e-05
10.0,10,sr,0,650,6.346358475597786e-05
10.0,10,sr,0,675,6.438944138914763e-05
10.0,10,sr,0,700,6.284442540278862e-05
10.0,10,sr,0,725,6.10358084377384e-05
10.0,10,sr,0,750,6.24097069829145e-05
10.0,10,sr,0,775,6.025657712364297e-05
10.0,10,sr,0,800,6.080868109945493e-05
10.0,10,sr,0,825,6.105181984414558e-05
10.0,10,sr,0,850,6.280109764333519e-05
10.0,10,sr,0,875,6.911032398673473e-05
10.0,10,sr,0,900,6.370508127002794e-05
10.0,10,sr,0,925,5.973403978581663e-05
10.0,10,sr,0,950,5.4751685153884594e-05
10.0,10,sr,0,975,5.590448003854003e-05
10.0,10,sr,0,1000,6.232471088307964e-05
10.0,10,sr,0,1025,5.912186699446182e-05
10.0,10,sr,0,1050,6.946657944727718e-05
10.0,10,sr,0,1075,6.288900069352774e-05
10.0,10,sr,0,1100,5.820818573989176e-05
10.0,10,sr,0,1125,5.704515886320437e-05
10.0,10,sr,0,1150,6.291658692764806e-05
10.0,10,sr,0,1175,6.261238560743525e-05
10.0,10,sr,0,1200,6.12379135118907e-05
10.0,10,sr,0,1225,6.324512116391589e-05
10.0,10,sr,0,1250,5.410472191544997e-05
10.0,10,sr,0,1275,5.9626453110523645e-05
10.0,10,sr,0,1300,6.218134168091789e-05
10.0,10,sr,0,1325,6.16613749629182e-05
10.0,10,sr,0,1350,6.170922613155038e-05
10.0,10,sr,0,1375,5.5512010539991094e-05
10.0,10,sr,0,1400,6.168889908909383e-05
10.0,10,sr,0,1425,6.123584160633175e-05
10.0,10,sr,0,1450,5.4028344310463026e-05
10.0,10,sr,0,1475,6.0453358822615276e-05
10.0,10,sr,0,1500,6.436811082614025e-05
10.0,10,sr,0,1525,6.019805168976466e-05
10.0,10,sr,0,1550,6.158636930086441e-05
10.0,10,sr,0,1575,6.226089439594999e-05
10.0,10,sr,0,1600,5.8761950550115455e-05
10.0,10,sr,0,1625,5.734876100138262e-05
10.0,10,sr,0,1650,5.927650395924867e-05
10.0,10,sr,0,1675,5.974765517489135e-05
10.0,10,sr,0,1700,6.223213380933916e-05
10.0,10,sr,0,1725,6.124708951662442e-05
10.0,10,sr,0,1750,6.229416489133317e-05
10.0,10,sr,0,1775,6.112609199219099e-05
10.0,10,sr,0,1800,6.496975046300816e-05
10.0,10,sr,0,1825,6.0230695260972835e-05
10.0,10,sr,0,1850,5.519861258713988e-05
10.0,10,sr,0,1875,5.5488064102804155e-05
10.0,10,sr,0,1900,5.3166491155811435e-05
10.0,10,sr,0,1925,6.488109331050286e-05
10.0,10,sr,0,1950,6.954612727857303e-05
10.0,10,sr,0,1975,5.972502679636066e-05
10.0,10,sr,0,2000,5.7020788346885764e-05
10.0,10,sr,0,2025,6.698617869436535e-05
10.0,10,sr,0,2050,6.126097019528634e-05
10.0,10,sr,0,2075,5.3032664240907425e-05
10.0,10,sr,0,2100,6.0094129481881825e-05
10.0,10,sr,0,2125,6.324585984850103e-05
10.0,10,sr,0,2150,5.9690519787631766e-05
10.0,10,sr,0,2175,5.7750869539211476e-05
10.0,10,sr,0,2200,5.9052734311844935e-05
10.0,10,sr,0,2225,6.32668020554529e-05
10.0,10,sr,0,2250,5.7680242854320255e-05
10.0,10,sr,0,2275,6.411134946012307e-05
10.0,10,sr,0,2300,6.180278865388633e-05
10.0,10,sr,0,2325,6.270356126775275e-05
10.0,10,sr,0,2350,6.102801805239992e-05
10.0,10,sr,0,2375,6.0944700145468354e-05
10.0,10,sr,0,2400,5.911529838050617e-05
10.0,10,sr,0,2425,6.347511524535884e-05
10.0,10,sr,0,2450,6.380308638697524e-05
10.0,10,sr,0,2475,6.0171131171921114e-05
10.0,10,sr,0,2500,6.485818132535284e-05
10.0,10,sr,0,2525,5.952597743462386e-05
10.0,10,sr,0,2550,5.9885161169786176e-05
10.0,10,sr,0,2575,6.473063877860877e-05
10.0,10,sr,0,2600,5.9230186212329045e-05
10.0,10,sr,0,2625,5.5860373873347805e-05
10.0,10,sr,0,2650,4.933464410588806e-05
10.0,10,sr,0,2675,5.6659773396385685e-05
10.0,10,sr,0,2700,5.7791133838410274e-05
10.0,10,sr,0,2725,5.9941452523817234e-05
10.0,10,sr,0,2750,5.730280194829302e-05
10.0,10,sr,0,2775,6.281199845646404e-05
10.0,10,sr,0,2800,5.858807370574915e-05
10.0,10,sr,0,2825,5.8371241622678965e-05
10.0,10,sr,0,2850,5.839228824791873e-05
10.0,10,sr,0,2875,6.896249820758205e-05
10.0,10,sr,0,2900,6.062504793886421e-05
10.0,10,sr,0,2925,5.367525970341061e-05
10.0,10,sr,0,2950,5.646360441978493e-05
10.0,10,sr,0,2975,5.402930277556722e-05
10.0,10,sr,0,2999,6.137383044720326e-05
10.0,10,sr,1,0,0.21900190279769435
10.0,10,sr,1,25,5.768529951518602e-05
10.0,10,sr,1,50,5.584512919488611e-05
10.0,10,sr,1,75,6.36950458409815e-05
10.0,10,sr,1,100,6.24371697495382e-05
10.0,10,sr,1,125,5.9264209144763926e-05
10.0,10,sr,1,150,6.389918560829103e-05
10.0,10,sr,1,175,6.23536158174674e-05
10.0,10,sr,1,200,5.950325542367221e-05
10.0,10,sr,1,225,5.486065071909537e-05
10.0,10,sr,1,250,6.0009471057055275e-05
10.0,10,sr,1,275,6.079585438985832e-05
10.0,10,sr,1,300,6.19249171934958e-05
10.0,10,sr,1,325,5.480549292613077e-05
10.0,10,sr,1,350,5.7157839025599935e-05
10.0,10,sr,1,375,5.6480668750310135e-05
10.0,10,sr,1,400,5.522777839562307e-05
10.0,10,sr,1,425,5.42981489526268e-05
10.0,10,sr,1,450,5.4193899734342525e-05
10.0,10,sr,1,475,5.934085864590748e-05
10.0,10,sr,1,500,5.8249368188763804e-05
10.0,10,sr,1,525,6.063187939015122e-05
10.0,10,sr,1,550,6.0626009670523075e-05
10.0,10,sr,1,575,5.627577502683342e-05
10.0,10,sr,1,600,5.695901593735885e-05
10.0,10,sr,1,625,5.979020116690876e-05
10.0,10,sr,1,650,5.778495738586253e-05
10.0,10,sr,1,675,6.296567992731538e-05
10.0,10,sr,1,700,5.7952649163039055e-05
10.0,10,sr,1,725,5.5523367847675236e-05
10.0,10,sr,1,750,6.332688517637226e-05
10.0,10,sr,1,775,6.22564153748432e-05
10.0,10,sr,1,800,5.9405757016795256e-05
10.0,10,sr,1,825,5.1096323077246325e-05
10.0,10,sr,1,850,5.8257135173805954e-05
10.0,10,sr,1,875,6.28467463409257e-05
10.0,10,sr,1,900,6.359701900905592e-05
10.0,10,sr,1,925,5.9565367001531165e-05
10.0,10,sr,1,950,5.978948163803882e-05
10.0,10,sr,1,975,5.963948246963569e-05
10.0,10,sr,1,1000,6.012581056549846e-05
10.0,10,sr,1,1025,5.498409941518063e-05
10.0,10,sr,1,1050,6.292249549292413e-05
10.0,10,sr,1,1075,5.640034098758408e-05
10.0,10,sr,1,1100,6.083193151152209e-05
10.0,10,sr,1,1125,6.075513209196806e-05
10.0,10,sr,1,1150,7.081778479677116e-05
10.0,10,sr,1,1175,5.750078874496013e-05
10.0,10,sr,1,1200,6.96798301284576e-05
10.0,10,sr,1,1225,6.151292661741518e-05
10.0,10,sr,1,1250,6.442866183570027e-05
10.0,10,sr,1,1275,6.221933734404688e-05
10.0,10,sr,1,1300,6.117655472023195e-05
10.0,10,sr,1,1325,6.748519925050121e-05
10.0,10,sr,1,1350,5.8217857382750695e-05
10.0,10,sr,1,1375,5.471814818814706e-05
10.0,10,sr,1,1400,6.471924619347487e-05
10.0,10,sr,1,1425,5.427411177647036e-05
10.0,10,sr,1,1450,5.826821196671496e-05
10.0,10,sr,1,1475,5.9814577504060124e-05
10.0,10,sr,1,1500,6.569085878872242e-05
10.0,10,sr,1,1525,6.52086716139673e-05
10.0,10,sr,1,1550,6.191860518136237e-05
10.0,10,sr,1,1575,5.558196723373071e-05
10.0,10,sr,1,1600,5.6933420057214135e-05
10.0,10,sr,1,1625,7.056627190791879e-05
10.0,10,sr,1,1650,6.343888310205616e-05
10.0,10,sr,1,1675,5.8137838402190916e-05
10.0,10,sr,1,1700,5.8242416550563786e-05
10.0,10,sr,1,1725,6.133242895924923e-05
10.0,10,sr,1,1750,6.097055854637519e-05
10.0,10,sr,1,1775,6.384929407973813e-05
10.0,10,sr,1,1800,5.759818724831202e-05
10.0,10,sr,1,1825,6.141231976377988e-05
10.0,10,sr,1,1850,6.245855076726717e-05
10.0,10,sr,1,1875,6.552295236414042e-05
10.0,10,sr,1,1900,6.738765029886312e-05
10.0,10,sr,1,1925,6.06911606299276e-05
10.0,10,sr,1,1950,6.187996922546159e-05
10.0,10,sr,1,1975,5.6760067915440895e-05
10.0,10,sr,1,2000,6.393795615404425e-05
10.0,10,sr,1,2025,5.933152874930378e-05
10.0,10,sr,1,2050,5.690532297667003e-05
10.0,10,sr,1,2075,5.748036198628797e-05
10.0,10,sr,1,2100,6.564618804489819e-05
10.0,10,sr,1,2125,6.155126767552872e-05
10.0,10,sr,1,2150,6.381261176305362e-05
10.0,10,sr,1,2175,6.176987813585011e-05
10.0,10,sr,1,2200,5.481764962277482e-05
10.0,10,sr,1,2225,6.665445392540944e-05
10.0,10,sr,1,2250,6.256577637771378e-05
10.0,10,sr,1,2275,5.8936242186617027e-05
10.0,10,sr,1,2300,6.023264507077025e-05
10.0,10,sr,1,2325,5.583401710252134e-05
10.0,10,sr,1,2350,6.0946808390553054e-05
10.0,10,sr,1,2375,6.0459835466714973e-05
10.0,10,sr,1,2400,6.32282337232254e-05
10.0,10,sr,1,2425,5.9123924835770354e-05
10.0,10,sr,1,2450,5.731570621230586e-05
10.0,10,sr,1,2475,5.6904974170843266e-05
10.0,10,sr,1,2500,6.224799518343132e-05
10.0,10,sr,1,2525,5.978837649675267e-05
10.0,10,sr,1,2550,5.7618223204253416e-05
10.0,10,sr,1,2575,5.611061749139483e-05
10.0,10,sr,1,2600,6.237156004597768e-05
10.0,10,sr,1,2625,5.967782153566533e-05
10.0,10,sr,1,2650,5.868648932801871e-05
10.0,10,sr,1,2675,5.803716320239624e-05
10.0,10,sr,1,2700,6.346539767451019e-05
10.0,10,sr,1,2725,5.9298717014299185e-05
10.0,10,sr,1,2750,6.399284395203565e-05
10.0,10,sr,1,2775,5.58944036020844e-05
10.0,10,sr,1,2800,5.900596583848514e-05
10.0,10,sr,1,2825,6.208687448913146e-05
10.0,10,sr,1,2850,5.6943968116709114e-05
10.0,10,sr,1,2875,6.257418759636338e-05
10.0,10,sr,1,2900,6.067612421661904e-05
10.0,10,sr,1,2925,6.128803672154547e-05
10.0,10,sr,1,2950,6.005700014575398e-05
10.0,10,sr,1,2975,5.847712007794597e-05
10.0,10,sr,1,2999,6.173278730930525e-05
10.0,10,sr,2,0,0.21877272428991076
10.0,10,sr,2,25,5.78329638685674e-05
10.0,10,sr,2,50,6.21355792186255e-05
10.0,10,sr,2,75,5.471804780252575e-05
10.0,10,sr,2,100,6.458169108167436e-05
10.0,10,sr,2,125,5.6473318632632194e-05
10.0,10,sr,2,150,6.029786046141366e-05
10.0,10,sr,2,175,5.097977307741122e-05
10.0,10,sr,2,200,5.9900605154011665e-05
10.0,10,sr,2,225,6.214961228582576e-05
10.0,10,sr,2,250,6.230207383576774e-05
10.0,10,sr,2,275,6.021523400452834e-05
10.0,10,sr,2,300,6.334672718365082e-05
10.0,10,sr,2,325,5.820362702230908e-05
10.0,10,sr,2,350,6.005182938164785e-05
10.0,10,sr,2,375,5.718877251257904e-05
10.0,10,sr,2,400,6.242881449204513e-05
10.0,10,sr,2,425,6.103027377223615e-05
10.0,10,sr,2,450,6.411659020588782e-05
10.0,10,sr,2,475,5.9070149570086116e-05
10.0,10,sr,2,500,6.0650312470602016e-05
10.0,10,sr,2,525,5.666583270978225e-05
10.0,10,sr,2,550,6.366413573601036e-05
10.0,10,sr,2,575,5.691011627750895e-05
10.0,10,sr,2,600,5.7300272583815095e-05
10.0,10,sr,2,625,5.8908000624038485e-05
10.0,10,sr,2,650,5.3556780028276725e-05
10.0,10,sr,2,675,5.553854170385138e-05
10.0,10,sr,2,700,6.152868946516366e-05
10.0,10,sr,2,725,6.22961519794717e-05
10.0,10,sr,2,750,5.6369741224892495e-05
10.0,10,sr,2,775,5.8095192895446454e-05
10.0,10,sr,2,800,5.664027231942154e-05
10.0,10,sr,2,825,5.419365913759265e-05
10.0,10,sr,2,850,5.777386546654455e-05
10.0,10,sr,2,875,5.728206006541769e-05
10.0,10,sr,2,900,6.325302987912723e-05
10.0,10,sr,2,925,5.4316758653012346e-05
10.0,10,sr,2,950,5.8747002780387965e-05
10.0,10,sr,2,975,6.226017118901231e-05
10.0,10,sr,2,1000,5.855577439135152e-05
10.0,10,sr,2,1025,6.364880374317336e-05
10.0,10,sr,2,1050,6.0183830601156034e-05
10.0,10,sr,2,1075,6.133344704831523e-05
10.0,10,sr,2,1100,5.518878961336293e-05
10.0,10,sr,2,1125,6.044095233674682e-05
10.0,10,sr,2,1150,5.513953285282892e-05
10.0,10,sr,2,1175,6.260035069472837e-05
10.0,10,sr,2,1200,6.053607807249105e-05
10.0,10,sr,2,1225,5.755012471192858e-05
10.0,10,sr,2,1250,6.295325871057448e-05
10.0,10,sr,2,1275,6.0036247401651126e-05
10.0,10,sr,2,1300,5.994507307794159e-05
10.0,10,sr,2,1325,5.719395571738103e-05
10.0,10,sr,2,1350,5.695733875274237e-05
10.0,10,sr,2,1375,5.792960940839496e-05
10.0,10,sr,2,1400,6.134551620464556e-05
10.0,10,sr,2,1425,6.0032830007235106e-05
10.0,10,sr,2,1450,5.2589631067336436e-05
10.0,10,sr,2,1475,5.851183921725183e-05
10.0,10,sr,2,1500,6.129946442805137e-05
10.0,10,sr,2,1525,5.9509497752699676e-05
10.0,10,sr,2,1550,5.912933544799621e-05
10.0,10,sr,2,1575,6.664043300997428e-05
10.0,10,sr,2,1600,6.595978842579128e-05
10.0,10,sr,2,1625,5.6891600541031733e-05
10.0,10,sr,2,1650,5.4031942043633786e-05
10.0,10,sr,2,1675,5.4007889116663364e-05
10.0,10,sr,2,1700,6.624877133014168e-05
10.0,10,sr,2,1725,5.98538130626174e-05
10.0,10,sr,2,1750,5.8215202585340624e-05
10.0,10,sr,2,1775,5.5513153311375444e-05
10.0,10,sr,2,1800,5.902040385108978e-05
10.0,10,sr,2,1825,6.105295478533402e-05
10.0,10,sr,2,1850,5.814807493293858e-05
10.0,10,sr,2,1875,5.938343141725871e-05
10.0,10,sr,2,1900,6.0094252229150466e-05
10.0,10,sr,2,1925,5.9898966113332884e-05
10.0,10,sr,2,1950,6.006880258673813e-05
10.0,10,sr,2,1975,5.980391787690057e-05
10.0,10,sr,2,2000,6.247968798669879e-05
10.0,10,sr,2,2025,5.692887096923527e-05
10.0,10,sr,2,2050,6.0189321320062e-05
10.0,10,sr,2,2075,6.305364042208566e-05
10.0,10,sr,2,2100,5.720300877459824e-05
10.0,10,sr,2,2125,6.136113533324493e-05
10.0,10,sr,2,2150,5.6065074131872407e-05
10.0,10,sr,2,2175,5.754105010876979e-05
10.0,10,sr,2,2200,6.12142565090262e-05
10.0,10,sr,2,2225,5.954282615932715e-05
10.0,10,sr,2,2250,5.9686169191134936e-05
10.0,10,sr,2,2275,6.6143447631424e-05
10.0,10,sr,2,2300,5.78905811490263e-05
10.0,10,sr,2,2325,6.100725748619351e-05
10.0,10,sr,2,2350,6.05233862969582e-05
10.0,10,sr,2,2375,6.500017166323377e-05
10.0,10,sr,2,2400,6.069921918426552e-05
10.0,10,sr,2,2425,6.113538273804128e-05
10.0,10,sr,2,2450,5.8732905000861556e-05
10.0,10,sr,2,2475,5.6729058235435766e-05
10.0,10,sr,2,2500,5.952622435764004e-05
10.0,10,sr,2,2525,5.583337915985293e-05
10.0,10,sr,2,2550,5.949203805243084e-05
10.0,10,sr,2,2575,5.9415511372944545e-05
10.0,10,sr,2,2600,6.705399928616557e-05
10.0,10,sr,2,2625,6.637262237050765e-05
10.0,10,sr,2,2650,5.6331078326080735e-05
10.0,10,sr,2,2675,6.101402997713688e-05
10.0,10,sr,2,2700,5.81924892902782e-05
10.0,10,sr,2,2725,5.82989632174482e-05
10.0,10,sr,2,2750,5.90508086249507e-05
10.0,10,sr,2,2775,6.10749252296104e-05
10.0,10,sr,2,2800,6.169288869400473e-05
10.0,10,sr,2,2825,6.258460153123335e-05
10.0,10,sr,2,2850,6.190266086334577e-05
10.0,10,sr,2,2875,6.215279137565325e-05
10.0,10,sr,2,2900,6.000037678793402e-05
10.0,10,sr,2,2925,6.031209641254529e-05
10.0,10,sr,2,2950,6.110911277019367e-05
10.0,10,sr,2,2975,5.552019588266764e-05
10.0,10,sr,2,2999,6.166946478040063e-05
10.0,10,ef,0,0,0.2186460109795513
10.0,10,ef,0,25,6.780390144414562e-05
10.0,10,ef,0,50,6.703569241039028e-05
10.0,10,ef,0,75,7.192910601826473e-05
10.0,10,ef,0,100,6.961142885615104e-05
10.0,10,ef,0,125,6.617467575748227e-05
10.0,10,ef,0,150,6.164496514818945e-05
10.0,10,ef,0,175,6.384840804228036e-05
10.0,10,ef,0,200,7.293558552881981e-05
10.0,10,ef,0,225,6.75092958383105e-05
10.0,10,ef,0,250,7.394242331501709e-05
10.0,10,ef,0,275,7.557983894771516e-05
10.0,10,ef,0,300,6.920526666922073e-05
10.0,10,ef,0,325,8.227072204732232e-05
10.0,10,ef,0,350,8.000609162799994e-05
10.0,10,ef,0,375,6.950966557696916e-05
10.0,10,ef,0,400,6.850943788196902e-05
10.0,10,ef,0,425,7.271225109167084e-05
10.0,10,ef,0,450,6.649740393501328e-05
10.0,10,ef,0,475,6.516825789728421e-05
10.0,10,ef,0,500,7.128880989091614e-05
10.0,10,ef,0,525,7.569156248756907e-05
10.0,10,ef,0,550,6.866608860203368e-05
10.0,10,ef,0,575,7.872956587350701e-05
10.0,10,ef,0,600,6.965610778110366e-05
10.0,10,ef,0,625,7.293371419349398e-05
10.0,10,ef,0,650,7.940824145518046e-05
10.0,10,ef,0,675,6.465943142412982e-05
10.0,10,ef,0,700,6.957081554355561e-05
10.0,10,ef,0,725,7.37760265904662e-05
10.0,10,ef,0,750,6.561392607744273e-05
10.0,10,ef,0,775,7.564891611074376e-05
10.0,10,ef,0,800,7.83034084933477e-05
10.0,10,ef,0,825,8.121061273674836e-05
10.0,10,ef,0,850,7.225982065956182e-05
10.0,10,ef,0,875,7.448730640335154e-05
10.0,10,ef,0,900,6.81219229873796e-05
10.0,10,ef,0,925,7.123025948780798e-05
10.0,10,ef,0,950,7.339668156506563e-05
10.0,10,ef,0,975,6.903696768809104e-05
10.0,10,ef,0,1000,7.921419544551442e-05
10.0,10,ef,0,1025,6.769115086676835e-05
10.0,10,ef,0,1050,6.973286081692619e-05
10.0,10,ef,0,1075,8.058407170383476e-05
10.0,10,ef,0,1100,7.964287297306575e-05
10.0,10,ef,0,1125,9.232660617899893e-05
10.0,10,ef,0,1150,6.878601331202233e-05
10.0,10,ef,0,1175,7.2156219167658e-05
10.0,10,ef,0,1200,7.10573256157294e-05
10.0,10,ef,0,1225,6.716442439060367e-05
10.0,10,ef,0,1250,6.823605360732796e-05
10.0,10,ef,0,1275,6.992121075841435e-05
10.0,10,ef,0,1300,6.592448987030533e-05
10.0,10,ef,0,1325,6.420881050937349e-05
10.0,10,ef,0,1350,7.752004932466159e-05
10.0,10,ef,0,1375,7.178546416200895e-05
10.0,10,ef,0,1400,7.063085660369249e-05
10.0,10,ef,0,1425,6.429381300945421e-05
10.0,10,ef,0,1450,7.195321821508334e-05
10.0,10,ef,0,1475,7.642480544858756e-05
10.0,10,ef,0,1500,7.714810360448842e-05
10.0,10,ef,0,1525,6.478204628956181e-05
10.0,10,ef,0,1550,6.774231083604823e-05
10.0,10,ef,0,1575,6.739539404331122e-05
10.0,10,ef,0,1600,6.566831805541914e-05
10.0,10,ef,0,1625,6.773316974483429e-05
10.0,10,ef,0,1650,7.021787044389544e-05
10.0,10,ef,0,1675,6.186353826424569e-05
10.0,10,ef,0,1700,7.748038924113597e-05
10.0,10,ef,0,1725,7.20291237879646e-05
10.0,10,ef,0,1750,7.382601987741728e-05
10.0,10,ef,0,1775,7.186663065546625e-05
10.0,10,ef,0,1800,6.7416253631837e-05
10.0,10,ef,0,1825,6.429343518664687e-05
10.0,10,ef,0,1850,6.538602435068675e-05
10.0,10,ef,0,1875,6.25374386117282e-05
10.0,10,ef,0,1900,8.018776287904734e-05
10.0,10,ef,0,1925,6.732138131565947e-05
10.0,10,ef,0,1950,6.152671529915066e-05
10.0,10,ef,0,1975,6.573444933325713e-05
10.0,10,ef,0,2000,6.913564859321411e-05
10.0,10,ef,0,2025,7.287288262233923e-05
10.0,10,ef,0,2050,6.450698561836627e-05
10.0,10,ef,0,2075,6.681379176247424e-05
10.0,10,ef,0,2100,6.701065581586332e-05
10.0,10,ef,0,2125,6.72356586624766e-05
10.0,10,ef,0,2150,6.592584250029112e-05
10.0,10,ef,0,2175,7.119818400085746e-05
10.0,10,ef,0,2200,6.844778536719839e-05
10.0,10,ef,0,2225,7.888893133760683e-05
10.0,10,ef,0,2250,7.35444697313393e-05
10.0,10,ef,0,2275,6.815408913298372e-05
10.0,10,ef,0,2300,6.731639897719562e-05
10.0,10,ef,0,2325,6.320328952022211e-05
10.0,10,ef,0,2350,7.132737004933527e-05
10.0,10,ef,0,2375,6.952196167025744e-05
10.0,10,ef,0,2400,7.31193918899215e-05
10.0,10,ef,0,2425,7.069081028014279e-05
10.0,10,ef,0,2450,7.321777102408223e-05
10.0,10,ef,0,2475,6.803921981447964e-05
10.0,10,ef,0,2500,6.619493589242248e-05
10.0,10,ef,0,2525,6.94657618118438e-05
10.0,10,ef,0,2550,7.696811192110406e-05
10.0,10,ef,0,2575,7.522243616584723e-05
10.0,10,ef,0,2600,6.838825260645885e-05
10.0,10,ef,0,2625,7.200757801150826e-05
10.0,10,ef,0,2650,6.383500706724887e-05
10.0,10,ef,0,2675,6.705959874709206e-05
10.0,10,ef,0,2700,6.870360116617973e-05
10.0,10,ef,0,2725,7.90513694949575e-05
10.0,10,ef,0,2750,7.298541037199593e-05
10.0,10,ef,0,2775,7.056153354355273e-05
10.0,10,ef,0,2800,7.534544037494107e-05
10.0,10,ef,0,2825,6.467646278655443e-05
10.0,10,ef,0,2850,6.452626600078958e-05
10.0,10,ef,0,2875,6.392013039169702e-05
10.0,10,ef,0,2900,7.067841200176149e-05
10.0,10,ef,0,2925,7.528533837593632e-05
10.0,10,ef,0,2950,7.639799448505861e-05
10.0,10,ef,0,2975,7.235376826712492e-05
10.0,10,ef,0,2999,6.395106150206666e-05
10.0,10,ef,1,0,0.2186460109795513
10.0,10,ef,1,25,6.780390144414562e-05
10.0,10,ef,1,50,6.703569241039028e-05
10.0,10,ef,1,75,7.192910601826473e-05
10.0,10,ef,1,100,6.961142885615104e-05
10.0,10,ef,1,125,6.617467575748227e-05
10.0,10,ef,1,150,6.164496514818945e-05
10.0,10,ef,1,175,6.384840804228036e-05
10.0,10,ef,1,200,7.293558552881981e-05
10.0,10,ef,1,225,6.75092958383105e-05
10.0,10,ef,1,250,7.394242331501709e-05
10.0,10,ef,1,275,7.557983894771516e-05
10.0,10,ef,1,300,6.920526666922073e-05
10.0,10,ef,1,325,8.227072204732232e-05
10.0,10,ef,1,350,8.000609162799994e-05
10.0,10,ef,1,375,6.950966557696916e-05
10.0,10,ef,1,400,6.850943788196902e-05
10.0,10,ef,1,425,7.271225109167084e-05
10.0,10,ef,1,450,6.649740393501328e-05
10.0,10,ef,1,475,6.516825789728421e-05
10.0,10,ef,1,500,7.128880989091614e-05
10.0,10,ef,1,525,7.569156248756907e-05
10.0,10,ef,1,550,6.866608860203368e-05
10.0,10,ef,1,575,7.872956587350701e-05
10.0,10,ef,1,600,6.965610778110366e-05
10.0,10,ef,1,625,7.293371419349398e-05
10.0,10,ef,1,650,7.940824145518046e-05
10.0,10,ef,1,675,6.465943142412982e-05
10.0,10,ef,1,700,6.957081554355561e-05
10.0,10,ef,1,725,7.37760265904662e-05
10.0,10,ef,1,750,6.561392607744273e-05
10.0,10,ef,1,775,7.564891611074376e-05
10.0,10,ef,1,800,7.83034084933477e-05
10.0,10,ef,1,825,8.121061273674836e-05
10.0,10,ef,1,850,7.225982065956182e-05
10.0,10,ef,1,875,7.448730640335154e-05
10.0,10,ef,1,900,6.81219229873796e-05
10.0,10,ef,1,925,7.123025948780798e-05
10.0,10,ef,1,950,7.339668156506563e-05
10.0,10,ef,1,975,6.903696768809104e-05
10.0,10,ef,1,1000,7.921419544551442e-05
10.0,10,ef,1,1025,6.769115086676835e-05
10.0,10,ef,1,1050,6.973286081692619e-05
10.0,10,ef,1,1075,8.058407170383476e-05
10.0,10,ef,1,1100,7.964287297306575e-05
10.0,10,ef,1,1125,9.232660617899893e-05
10.0,10,ef,1,1150,6.878601331202233e-05
10.0,10,ef,1,1175,7.2156219167658e-05
10.0,10,ef,1,1200,7.10573256157294e-05
10.0,10,ef,1,1225,6.716442439060367e-05
10.0,10,ef,1,1250,6.823605360732796e-05
10.0,10,ef,1,1275,6.992121075841435e-05
10.0,10,ef,1,1300,6.592448987030533e-05
10.0,10,ef,1,1325,6.420881050937349e-05
10.0,10,ef,1,1350,7.752004932466159e-05
10.0,10,ef,1,1375,7.178546416200895e-05
10.0,10,ef,1,1400,7.063085660369249e-05
10.0,10,ef,1,1425,6.429381300945421e-05
10.0,10,ef,1,1450,7.195321821508334e-05
10.0,10,ef,1,1475,7.642480544858756e-05
10.0,10,ef,1,1500,7.714810360448842e-05
10.0,10,ef,1,1525,6.478204628956181e-05
10.0,10,ef,1,1550,6.774231083604823e-05
10.0,10,ef,1,1575,6.739539404331122e-05
10.0,10,ef,1,1600,6.566831805541914e-05
10.0,10,ef,1,1625,6.773316974483429e-05
10.0,10,ef,1,1650,7.021787044389544e-05
10.0,10,ef,1,1675,6.186353826424569e-05
10.0,10,ef,1,1700,7.748038924113597e-05
10.0,10,ef,1,1725,7.20291237879646e-05
10.0,10,ef,1,1750,7.382601987741728e-05
10.0,10,ef,1,1775,7.186663065546625e-05
10.0,10,ef,1,1800,6.7416253631837e-05
10.0,10,ef,1,1825,6.429343518664687e-05
10.0,10,ef,1,1850,6.538602435068675e-05
10.0,10,ef,1,1875,6.25374386117282e-05
10.0,10,ef,1,1900,8.018776287904734e-05
10.0,10,ef,1,1925,6.732138131565947e-05
10.0,10,ef,1,1950,6.152671529915066e-05
10.0,10,ef,1,1975,6.573444933325713e-05
10.0,10,ef,1,2000,6.913564859321411e-05
10.0,10,ef,1,2025,7.287288262233923e-05
10.0,10,ef,1,2050,6.450698561836627e-05
10.0,10,ef,1,2075,6.681379176247424e-05
10.0,10,ef,1,2100,6.701065581586332e-05
10.0,10,ef,1,2125,6.72356586624766e-05
10.0,10,ef,1,2150,6.592584250029112e-05
10.0,10,ef,1,2175,7.119818400085746e-05
10.0,10,ef,1,2200,6.844778536719839e-05
10.0,10,ef,1,2225,7.888893133760683e-05
10.0,10,ef,1,2250,7.35444697313393e-05
10.0,10,ef,1,2275,6.815408913298372e-05
10.0,10,ef,1,2300,6.731639897719562e-05
10.0,10,ef,1,2325,6.320328952022211e-05
10.0,10,ef,1,2350,7.132737004933527e-05
10.0,10,ef,1,2375,6.952196167025744e-05
10.0,10,ef,1,2400,7.31193918899215e-05
10.0,10,ef,1,2425,7.069081028014279e-05
10.0,10,ef,1,2450,7.321777102408223e-05
10.0,10,ef,1,2475,6.803921981447964e-05
10.0,10,ef,1,2500,6.619493589242248e-05
10.0,10,ef,1,2525,6.94657618118438e-05
10.0,10,ef,1,2550,7.696811192110406e-05
10.0,10,ef,1,2575,7.522243616584723e-05
10.0,10,ef,1,2600,6.838825260645885e-05
10.0,10,ef,1,2625,7.200757801150826e-05
10.0,10,ef,1,2650,6.383500706724887e-05
10.0,10,ef,1,2675,6.705959874709206e-05
10.0,10,ef,1,2700,6.870360116617973e-05
10.0,10,ef,1,2725,7.90513694949575e-05
10.0,10,ef,1,2750,7.298541037199593e-05
10.0,10,ef,1,2775,7.056153354355273e-05
10.0,10,ef,1,2800,7.534544037494107e-05
10.0,10,ef,1,2825,6.467646278655443e-05
10.0,10,ef,1,2850,6.452626600078958e-05
10.0,10,ef,1,2875,6.392013039169702e-05
10.0,10,ef,1,2900,7.067841200176149e-05
10.0,10,ef,1,2925,7.528533837593632e-05
10.0,10,ef,1,2950,7.639799448505861e-05
10.0,10,ef,1,2975,7.235376826712492e-05
10.0,10,ef,1,2999,6.395106150206666e-05
10.0,10,ef,2,0,0.2186460109795513
10.0,10,ef,2,25,6.780390144414562e-05
10.0,10,ef,2,50,6.703569241039028e-05
10.0,10,ef,2,75,7.192910601826473e-05
10.0,10,ef,2,100,6.961142885615104e-05
10.0,10,ef,2,125,6.617467575748227e-05
10.0,10,ef,2,150,6.164496514818945e-05
10.0,10,ef,2,175,6.384840804228036e-05
10.0,10,ef,2,200,7.293558552881981e-05
10.0,10,ef,2,225,6.75092958383105e-05
10.0,10,ef,2,250,7.394242331501709e-05
10.0,10,ef,2,275,7.557983894771516e-05
10.0,10,ef,2,300,6.920526666922073e-05
10.0,10,ef,2,325,8.227072204732232e-05
10.0,10,ef,2,350,8.000609162799994e-05
10.0,10,ef,2,375,6.950966557696916e-05
10.0,10,ef,2,400,6.850943788196902e-05
10.0,10,ef,2,425,7.271225109167084e-05
10.0,10,ef,2,450,6.649740393501328e-05
10.0,10,ef,2,475,6.516825789728421e-05
10.0,10,ef,2,500,7.128880989091614e-05
10.0,10,ef,2,525,7.569156248756907e-05
10.0,10,ef,2,550,6.866608860203368e-05
10.0,10,ef,2,575,7.872956587350701e-05
10.0,10,ef,2,600,6.965610778110366e-05
10.0,10,ef,2,625,7.293371419349398e-05
10.0,10,ef,2,650,7.940824145518046e-05
10.0,10,ef,2,675,6.465943142412982e-05
10.0,10,ef,2,700,6.957081554355561e-05
10.0,10,ef,2,725,7.37760265904662e-05
10.0,10,ef,2,750,6.561392607744273e-05
10.0,10,ef,2,775,7.564891611074376e-05
10.0,10,ef,2,800,7.83034084933477e-05
10.0,10,ef,2,825,8.121061273674836e-05
10.0,10,ef,2,850,7.225982065956182e-05
10.0,10,ef,2,875,7.448730640335154e-05
10.0,10,ef,2,900,6.81219229873796e-05
10.0,10,ef,2,925,7.123025948780798e-05
10.0,10,ef,2,950,7.339668156506563e-05
10.0,10,ef,2,975,6.903696768809104e-05
10.0,10,ef,2,1000,7.921419544551442e-05
10.0,10,ef,2,1025,6.769115086676835e-05
10.0,10,ef,2,1050,6.973286081692619e-05
10.0,10,ef,2,1075,8.058407170383476e-05
10.0,10,ef,2,1100,7.964287297306575e-05
10.0,10,ef,2,1125,9.232660617899893e-05
10.0,10,ef,2,1150,6.878601331202233e-05
10.0,10,ef,2,1175,7.2156219167658e-05
10.0,10,ef,2,1200,7.10573256157294e-05
10.0,10,ef,2,1225,6.716442439060367e-05
10.0,10,ef,2,1250,6.823605360732796e-05
10.0,10,ef,2,1275,6.992121075841435e-05
10.0,10,ef,2,1300,6.592448987030533e-05
10.0,10,ef,2,1325,6.420881050937349e-05
10.0,10,ef,2,1350,7.752004932466159e-05
10.0,10,ef,2,1375,7.178546416200895e-05
10.0,10,ef,2,1400,7.063085660369249e-05
10.0,10,ef,2,1425,6.429381300945421e-05
10.0,10,ef,2,1450,7.195321821508334e-05
10.0,10,ef,2,1475,7.642480544858756e-05
10.0,10,ef,2,1500,7.714810360448842e-05
10.0,10,ef,2,1525,6.478204628956181e-05
10.0,10,ef,2,1550,6.774231083604823e-05
10.0,10,ef,2,1575,6.739539404331122e-05
10.0,10,ef,2,1600,6.566831805541914e-05
10.0,10,ef,2,1625,6.773316974483429e-05
10.0,10,ef,2,1650,7.021787044389544e-05
10.0,10,ef,2,1675,6.186353826424569e-05
10.0,10,ef,2,1700,7.748038924113597e-05
10.0,10,ef,2,1725,7.20291237879646e-05
10.0,10,ef,2,1750,7.382601987741728e-05
10.0,10,ef,2,1775,7.186663065546625e-05
10.0,10,ef,2,1800,6.7416253631837e-05
10.0,10,ef,2,1825,6.429343518664687e-05
10.0,10,ef,2,1850,6.538602435068675e-05
10.0,10,ef,2,1875,6.25374386117282e-05
10.0,10,ef,2,1900,8.018776287904734e-05
10.0,10,ef,2,1925,6.732138131565947e-05
10.0,10,ef,2,1950,6.152671529915066e-05
10.0,10,ef,2,1975,6.573444933325713e-05
10.0,10,ef,2,2000,6.913564859321411e-05
10.0,10,ef,2,2025,7.287288262233923e-05
10.0,10,ef,2,2050,6.450698561836627e-05
10.0,10,ef,2,2075,6.681379176247424e-05
10.0,10,ef,2,2100,6.701065581586332e-05
10.0,10,ef,2,2125,6.72356586624766e-05
10.0,10,ef,2,2150,6.592584250029112e-05
10.0,10,ef,2,2175,7.119818400085746e-05
10.0,10,ef,2,2200,6.844778536719839e-05
10.0,10,ef,2,2225,7.888893133760683e-05
10.0,10,ef,2,2250,7.35444697313393e-05
10.0,10,ef,2,2275,6.815408913298372e-05
10.0,10,ef,2,2300,6.731639897719562e-05
10.0,10,ef,2,2325,6.320328952022211e-05
10.0,10,ef,2,2350,7.132737004933527e-05
10.0,10,ef,2,2375,6.952196167025744e-05
10.0,10,ef,2,2400,7.31193918899215e-05
10.0,10,ef,2,2425,7.069081028014279e-05
10.0,10,ef,2,2450,7.321777102408223e-05
10.0,10,ef,2,2475,6.803921981447964e-05
10.0,10,ef,2,2500,6.619493589242248e-05
10.0,10,ef,2,2525,6.94657618118438e-05
10.0,10,ef,2,2550,7.696811192110406e-05
10.0,10,ef,2,2575,7.522243616584723e-05
10.0,10,ef,2,2600,6.838825260645885e-05
10.0,10,ef,2,2625,7.200757801150826e-05
10.0,10,ef,2,2650,6.383500706724887e-05
10.0,10,ef,2,2675,6.705959874709206e-05
10.0,10,ef,2,2700,6.870360116617973e-05
10.0,10,ef,2,2725,7.90513694949575e-05
10.0,10,ef,2,2750,7.298541037199593e-05
10.0,10,ef,2,2775,7.056153354355273e-05
10.0,10,ef,2,2800,7.534544037494107e-05
10.0,10,ef,2,2825,6.467646278655443e-05
10.0,10,ef,2,2850,6.452626600078958e-05
10.0,10,ef,2,2875,6.392013039169702e-05
10.0,10,ef,2,2900,7.067841200176149e-05
10.0,10,ef,2,2925,7.528533837593632e-05
10.0,10,ef,2,2950,7.639799448505861e-05
10.0,10,ef,2,2975,7.235376826712492e-05
10.0,10,ef,2,2999,6.395106150206666e-05
10.0,8,rtn,0,0,0.21826088698991242
10.0,8,rtn,0,25,0.00043548263863362683
10.0,8,rtn,0,50,0.00043548263863362683
10.0,8,rtn,0,75,0.00043548263863362683
10.0,8,rtn,0,100,0.00043548263863362683
10.0,8,rtn,0,125,0.00043548263863362683
10.0,8,rtn,0,150,0.00043548263863362683
10.0,8,rtn,0,175,0.00043548263863362683
10.0,8,rtn,0,200,0.00043548263863362683
10.0,8,rtn,0,225,0.00043548263863362683
10.0,8,rtn,0,250,0.00043548263863362683
10.0,8,rtn,0,275,0.00043548263863362683
10.0,8,rtn,0,300,0.00043548263863362683
10.0,8,rtn,0,325,0.00043548263863362683
10.0,8,rtn,0,350,0.00043548263863362683
10.0,8,rtn,0,375,0.00043548263863362683
10.0,8,rtn,0,400,0.00043548263863362683
10.0,8,rtn,0,425,0.00043548263863362683
10.0,8,rtn,0,450,0.00043548263863362683
10.0,8,rtn,0,475,0.00043548263863362683
10.0,8,rtn,0,500,0.00043548263863362683
10.0,8,rtn,0,525,0.00043548263863362683
10.0,8,rtn,0,550,0.00043548263863362683
10.0,8,rtn,0,575,0.00043548263863362683
10.0,8,rtn,0,600,0.00043548263863362683
10.0,8,rtn,0,625,0.00043548263863362683
10.0,8,rtn,0,650,0.00043548263863362683
10.0,8,rtn,0,675,0.00043548263863362683
10.0,8,rtn,0,700,0.00043548263863362683
10.0,8,rtn,0,725,0.00043548263863362683
10.0,8,rtn,0,750,0.00043548263863362683
10.0,8,rtn,0,775,0.00043548263863362683
10.0,8,rtn,0,800,0.00043548263863362683
10.0,8,rtn,0,825,0.00043548263863362683
10.0,8,rtn,0,850,0.00043548263863362683
10.0,8,rtn,0,875,0.00043548263863362683
10.0,8,rtn,0,900,0.00043548263863362683
10.0,8,rtn,0,925,0.00043548263863362683
10.0,8,rtn,0,950,0.00043548263863362683
10.0,8,rtn,0,975,0.00043548263863362683
10.0,8,rtn,0,1000,0.00043548263863362683
10.0,8,rtn,0,1025,0.00043548263863362683
10.0,8,rtn,0,1050,0.00043548263863362683
10.0,8,rtn,0,1075,0.00043548263863362683
10.0,8,rtn,0,1100,0.00043548263863362683
10.0,8,rtn,0,1125,0.00043548263863362683
10.0,8,rtn,0,1150,0.00043548263863362683
10.0,8,rtn,0,1175,0.00043548263863362683
10.0,8,rtn,0,1200,0.00043548263863362683
10.0,8,rtn,0,1225,0.00043548263863362683
10.0,8,rtn,0,1250,0.00043548263863362683
10.0,8,rtn,0,1275,0.00043548263863362683
10.0,8,rtn,0,1300,0.00043548263863362683
10.0,8,rtn,0,1325,0.00043548263863362683
10.0,8,rtn,0,1350,0.00043548263863362683
10.0,8,rtn,0,1375,0.00043548263863362683
10.0,8,rtn,0,1400,0.00043548263863362683
10.0,8,rtn,0,1425,0.00043548263863362683
10.0,8,rtn,0,1450,0.00043548263863362683
10.0,8,rtn,0,1475,0.00043548263863362683
10.0,8,rtn,0,1500,0.00043548263863362683
10.0,8,rtn,0,1525,0.00043548263863362683
10.0,8,rtn,0,1550,0.00043548263863362683
10.0,8,rtn,0,1575,0.00043548263863362683
10.0,8,rtn,0,1600,0.00043548263863362683
10.0,8,rtn,0,1625,0.00043548263863362683
10.0,8,rtn,0,1650,0.00043548263863362683
10.0,8,rtn,0,1675,0.00043548263863362683
10.0,8,rtn,0,1700,0.00043548263863362683
10.0,8,rtn,0,1725,0.00043548263863362683
10.0,8,rtn,0,1750,0.00043548263863362683
10.0,8,rtn,0,1775,0.00043548263863362683
10.0,8,rtn,0,1800,0.00043548263863362683
10.0,8,rtn,0,1825,0.00043548263863362683
10.0,8,rtn,0,1850,0.00043548263863362683
10.0,8,rtn,0,1875,0.00043548263863362683
10.0,8,rtn,0,1900,0.00043548263863362683
10.0,8,rtn,0,1925,0.00043548263863362683
10.0,8,rtn,0,1950,0.00043548263863362683
10.0,8,rtn,0,1975,0.00043548263863362683
10.0,8,rtn,0,2000,0.00043548263863362683
10.0,8,rtn,0,2025,0.00043548263863362683
10.0,8,rtn,0,2050,0.00043548263863362683
10.0,8,rtn,0,2075,0.00043548263863362683
10.0,8,rtn,0,2100,0.00043548263863362683
10.0,8,rtn,0,2125,0.00043548263863362683
10.0,8,rtn,0,2150,0.00043548263863362683
10.0,8,rtn,0,2175,0.00043548263863362683
10.0,8,rtn,0,2200,0.00043548263863362683
10.0,8,rtn,0,2225,0.00043548263863362683
10.0,8,rtn,0,2250,0.00043548263863362683
10.0,8,rtn,0,2275,0.00043548263863362683
10.0,8,rtn,0,2300,0.00043548263863362683
10.0,8,rtn,0,2325,0.00043548263863362683
10.0,8,rtn,0,2350,0.00043548263863362683
10.0,8,rtn,0,2375,0.00043548263863362683
10.0,8,rtn,0,2400,0.00043548263863362683
10.0,8,rtn,0,2425,0.00043548263863362683
10.0,8,rtn,0,2450,0.00043548263863362683
10.0,8,rtn,0,2475,0.00043548263863362683
10.0,8,rtn,0,2500,0.00043548263863362683
10.0,8,rtn,0,2525,0.00043548263863362683
10.0,8,rtn,0,2550,0.00043548263863362683
10.0,8,rtn,0,2575,0.00043548263863362683
10.0,8,rtn,0,2600,0.00043548263863362683
10.0,8,rtn,0,2625,0.00043548263863362683
10.0,8,rtn,0,2650,0.00043548263863362683
10.0,8,rtn,0,2675,0.00043548263863362683
10.0,8,rtn,0,2700,0.00043548263863362683
10.0,8,rtn,0,2725,0.00043548263863362683
10.0,8,rtn,0,2750,0.00043548263863362683
10.0,8,rtn,0,2775,0.00043548263863362683
10.0,8,rtn,0,2800,0.00043548263863362683
10.0,8,rtn,0,2825,0.00043548263863362683
10.0,8,rtn,0,2850,0.00043548263863362683
10.0,8,rtn,0,2875,0.00043548263863362683
10.0,8,rtn,0,2900,0.00043548263863362683
10.0,8,rtn,0,2925,0.00043548263863362683
10.0,8,rtn,0,2950,0.00043548263863362683
10.0,8,rtn,0,2975,0.00043548263863362683
10.0,8,rtn,0,2999,0.00043548263863362683
10.0,8,rtn,1,0,0.21826088698991242
10.0,8,rtn,1,25,0.00043548263863362683
10.0,8,rtn,1,50,0.00043548263863362683
10.0,8,rtn,1,75,0.00043548263863362683
10.0,8,rtn,1,100,0.00043548263863362683
10.0,8,rtn,1,125,0.00043548263863362683
10.0,8,rtn,1,150,0.00043548263863362683
10.0,8,rtn,1,175,0.00043548263863362683
10.0,8,rtn,1,200,0.00043548263863362683
10.0,8,rtn,1,225,0.00043548263863362683
10.0,8,rtn,1,250,0.00043548263863362683
10.0,8,rtn,1,275,0.00043548263863362683
10.0,8,rtn,1,300,0.00043548263863362683
10.0,8,rtn,1,325,0.00043548263863362683
10.0,8,rtn,1,350,0.00043548263863362683
10.0,8,rtn,1,375,0.00043548263863362683
10.0,8,rtn,1,400,0.00043548263863362683
10.0,8,rtn,1,425,0.00043548263863362683
10.0,8,rtn,1,450,0.00043548263863362683
10.0,8,rtn,1,475,0.00043548263863362683
10.0,8,rtn,1,500,0.00043548263863362683
10.0,8,rtn,1,525,0.00043548263863362683
10.0,8,rtn,1,550,0.00043548263863362683
10.0,8,rtn,1,575,0.00043548263863362683
10.0,8,rtn,1,600,0.00043548263863362683
10.0,8,rtn,1,625,0.00043548263863362683
10.0,8,rtn,1,650,0.00043548263863362683
10.0,8,rtn,1,675,0.00043548263863362683
10.0,8,rtn,1,700,0.00043548263863362683
10.0,8,rtn,1,725,0.00043548263863362683
10.0,8,rtn,1,750,0.00043548263863362683
10.0,8,rtn,1,775,0.00043548263863362683
10.0,8,rtn,1,800,0.00043548263863362683
10.0,8,rtn,1,825,0.00043548263863362683
10.0,8,rtn,1,850,0.00043548263863362683
10.0,8,rtn,1,875,0.00043548263863362683
10.0,8,rtn,1,900,0.00043548263863362683
10.0,8,rtn,1,925,0.00043548263863362683
10.0,8,rtn,1,950,0.00043548263863362683
10.0,8,rtn,1,975,0.00043548263863362683
10.0,8,rtn,1,1000,0.00043548263863362683
10.0,8,rtn,1,1025,0.00043548263863362683
10.0,8,rtn,1,1050,0.00043548263863362683
10.0,8,rtn,1,1075,0.00043548263863362683
10.0,8,rtn,1,1100,0.00043548263863362683
10.0,8,rtn,1,1125,0.00043548263863362683
10.0,8,rtn,1,1150,0.00043548263863362683
10.0,8,rtn,1,1175,0.00043548263863362683
10.0,8,rtn,1,1200,0.00043548263863362683
10.0,8,rtn,1,1225,0.00043548263863362683
10.0,8,rtn,1,1250,0.00043548263863362683
10.0,8,rtn,1,1275,0.00043548263863362683
10.0,8,rtn,1,1300,0.00043548263863362683
10.0,8,rtn,1,1325,0.00043548263863362683
10.0,8,rtn,1,1350,0.00043548263863362683
10.0,8,rtn,1,1375,0.00043548263863362683
10.0,8,rtn,1,1400,0.00043548263863362683
10.0,8,rtn,1,1425,0.00043548263863362683
10.0,8,rtn,1,1450,0.00043548263863362683
10.0,8,rtn,1,1475,0.00043548263863362683
10.0,8,rtn,1,1500,0.00043548263863362683
10.0,8,rtn,1,1525,0.00043548263863362683
10.0,8,rtn,1,1550,0.00043548263863362683
10.0,8,rtn,1,1575,0.00043548263863362683
10.0,8,rtn,1,1600,0.00043548263863362683
10.0,8,rtn,1,1625,0.00043548263863362683
10.0,8,rtn,1,1650,0.00043548263863362683
10.0,8,rtn,1,1675,0.00043548263863362683
10.0,8,rtn,1,1700,0.00043548263863362683
10.0,8,rtn,1,1725,0.00043548263863362683
10.0,8,rtn,1,1750,0.00043548263863362683
10.0,8,rtn,1,1775,0.00043548263863362683
10.0,8,rtn,1,1800,0.00043548263863362683
10.0,8,rtn,1,1825,0.00043548263863362683
10.0,8,rtn,1,1850,0.00043548263863362683
10.0,8,rtn,1,1875,0.00043548263863362683
10.0,8,rtn,1,1900,0.00043548263863362683
10.0,8,rtn,1,1925,0.00043548263863362683
10.0,8,rtn,1,1950,0.00043548263863362683
10.0,8,rtn,1,1975,0.00043548263863362683
10.0,8,rtn,1,2000,0.00043548263863362683
10.0,8,rtn,1,2025,0.00043548263863362683
10.0,8,rtn,1,2050,0.00043548263863362683
10.0,8,rtn,1,2075,0.00043548263863362683
10.0,8,rtn,1,2100,0.00043548263863362683
10.0,8,rtn,1,2125,0.00043548263863362683
10.0,8,rtn,1,2150,0.00043548263863362683
10.0,8,rtn,1,2175,0.00043548263863362683
10.0,8,rtn,1,2200,0.00043548263863362683
10.0,8,rtn,1,2225,0.00043548263863362683
10.0,8,rtn,1,2250,0.00043548263863362683
10.0,8,rtn,1,2275,0.00043548263863362683
10.0,8,rtn,1,2300,0.00043548263863362683
10.0,8,rtn,1,2325,0.00043548263863362683
10.0,8,rtn,1,2350,0.00043548263863362683
10.0,8,rtn,1,2375,0.00043548263863362683
10.0,8,rtn,1,2400,0.00043548263863362683
10.0,8,rtn,1,2425,0.00043548263863362683
10.0,8,rtn,1,2450,0.00043548263863362683
10.0,8,rtn,1,2475,0.00043548263863362683
10.0,8,rtn,1,2500,0.00043548263863362683
10.0,8,rtn,1,2525,0.00043548263863362683
10.0,8,rtn,1,2550,0.00043548263863362683
10.0,8,rtn,1,2575,0.00043548263863362683
10.0,8,rtn,1,2600,0.00043548263863362683
10.0,8,rtn,1,2625,0.00043548263863362683
10.0,8,rtn,1,2650,0.00043548263863362683
10.0,8,rtn,1,2675,0.00043548263863362683
10.0,8,rtn,1,2700,0.00043548263863362683
10.0,8,rtn,1,2725,0.00043548263863362683
10.0,8,rtn,1,2750,0.00043548263863362683
10.0,8,rtn,1,2775,0.00043548263863362683
10.0,8,rtn,1,2800,0.00043548263863362683
10.0,8,rtn,1,2825,0.00043548263863362683
10.0,8,rtn,1,2850,0.00043548263863362683
10.0,8,rtn,1,2875,0.00043548263863362683
10.0,8,rtn,1,2900,0.00043548263863362683
10.0,8,rtn,1,2925,0.00043548263863362683
10.0,8,rtn,1,2950,0.00043548263863362683
10.0,8,rtn,1,2975,0.00043548263863362683
10.0,8,rtn,1,2999,0.00043548263863362683
10.0,8,rtn,2,0,0.21826088698991242
10.0,8,rtn,2,25,0.00043548263863362683
10.0,8,rtn,2,50,0.00043548263863362683
10.0,8,rtn,2,75,0.00043548263863362683
10.0,8,rtn,2,100,0.00043548263863362683
10.0,8,rtn,2,125,0.00043548263863362683
10.0,8,rtn,2,150,0.00043548263863362683
10.0,8,rtn,2,175,0.00043548263863362683
10.0,8,rtn,2,200,0.00043548263863362683
10.0,8,rtn,2,225,0.00043548263863362683
10.0,8,rtn,2,250,0.00043548263863362683
10.0,8,rtn,2,275,0.00043548263863362683
10.0,8,rtn,2,300,0.00043548263863362683
10.0,8,rtn,2,325,0.00043548263863362683
10.0,8,rtn,2,350,0.00043548263863362683
10.0,8,rtn,2,375,0.00043548263863362683
10.0,8,rtn,2,400,0.00043548263863362683
10.0,8,rtn,2,425,0.00043548263863362683
10.0,8,rtn,2,450,0.00043548263863362683
10.0,8,rtn,2,475,0.00043548263863362683
10.0,8,rtn,2,500,0.00043548263863362683
10.0,8,rtn,2,525,0.00043548263863362683
10.0,8,rtn,2,550,0.00043548263863362683
10.0,8,rtn,2,575,0.00043548263863362683
10.0,8,rtn,2,600,0.00043548263863362683
10.0,8,rtn,2,625,0.00043548263863362683
10.0,8,rtn,2,650,0.00043548263863362683
10.0,8,rtn,2,675,0.00043548263863362683
10.0,8,rtn,2,700,0.00043548263863362683
10.0,8,rtn,2,725,0.00043548263863362683
10.0,8,rtn,2,750,0.00043548263863362683
10.0,8,rtn,2,775,0.00043548263863362683
10.0,8,rtn,2,800,0.00043548263863362683
10.0,8,rtn,2,825,0.00043548263863362683
10.0,8,rtn,2,850,0.00043548263863362683
10.0,8,rtn,2,875,0.00043548263863362683
10.0,8,rtn,2,900,0.00043548263863362683
10.0,8,rtn,2,925,0.00043548263863362683
10.0,8,rtn,2,950,0.00043548263863362683
10.0,8,rtn,2,975,0.00043548263863362683
10.0,8,rtn,2,1000,0.00043548263863362683
10.0,8,rtn,2,1025,0.00043548263863362683
10.0,8,rtn,2,1050,0.00043548263863362683
10.0,8,rtn,2,1075,0.00043548263863362683
10.0,8,rtn,2,1100,0.00043548263863362683
10.0,8,rtn,2,1125,0.00043548263863362683
10.0,8,rtn,2,1150,0.00043548263863362683
10.0,8,rtn,2,1175,0.00043548263863362683
10.0,8,rtn,2,1200,0.00043548263863362683
10.0,8,rtn,2,1225,0.00043548263863362683
10.0,8,rtn,2,1250,0.00043548263863362683
10.0,8,rtn,2,1275,0.00043548263863362683
10.0,8,rtn,2,1300,0.00043548263863362683
10.0,8,rtn,2,1325,0.00043548263863362683
10.0,8,rtn,2,1350,0.00043548263863362683
10.0,8,rtn,2,1375,0.00043548263863362683
10.0,8,rtn,2,1400,0.00043548263863362683
10.0,8,rtn,2,1425,0.00043548263863362683
10.0,8,rtn,2,1450,0.00043548263863362683
10.0,8,rtn,2,1475,0.00043548263863362683
10.0,8,rtn,2,1500,0.00043548263863362683
10.0,8,rtn,2,1525,0.00043548263863362683
10.0,8,rtn,2,1550,0.00043548263863362683
10.0,8,rtn,2,1575,0.00043548263863362683
10.0,8,rtn,2,1600,0.00043548263863362683
10.0,8,rtn,2,1625,0.00043548263863362683
10.0,8,rtn,2,1650,0.00043548263863362683
10.0,8,rtn,2,1675,0.00043548263863362683
10.0,8,rtn,2,1700,0.00043548263863362683
10.0,8,rtn,2,1725,0.00043548263863362683
10.0,8,rtn,2,1750,0.00043548263863362683
10.0,8,rtn,2,1775,0.00043548263863362683
10.0,8,rtn,2,1800,0.00043548263863362683
10.0,8,rtn,2,1825,0.00043548263863362683
10.0,8,rtn,2,1850,0.00043548263863362683
10.0,8,rtn,2,1875,0.00043548263863362683
10.0,8,rtn,2,1900,0.00043548263863362683
10.0,8,rtn,2,1925,0.00043548263863362683
10.0,8,rtn,2,1950,0.00043548263863362683
10.0,8,rtn,2,1975,0.00043548263863362683
10.0,8,rtn,2,2000,0.00043548263863362683
10.0,8,rtn,2,2025,0.00043548263863362683
10.0,8,rtn,2,2050,0.00043548263863362683
10.0,8,rtn,2,2075,0.00043548263863362683
10.0,8,rtn,2,2100,0.00043548263863362683
10.0,8,rtn,2,2125,0.00043548263863362683
10.0,8,rtn,2,2150,0.00043548263863362683
10.0,8,rtn,2,2175,0.00043548263863362683
10.0,8,rtn,2,2200,0.00043548263863362683
10.0,8,rtn,2,2225,0.00043548263863362683
10.0,8,rtn,2,2250,0.00043548263863362683
10.0,8,rtn,2,2275,0.00043548263863362683
10.0,8,rtn,2,2300,0.00043548263863362683
10.0,8,rtn,2,2325,0.00043548263863362683
10.0,8,rtn,2,2350,0.00043548263863362683
10.0,8,rtn,2,2375,0.00043548263863362683
10.0,8,rtn,2,2400,0.00043548263863362683
10.0,8,rtn,2,2425,0.00043548263863362683
10.0,8,rtn,2,2450,0.00043548263863362683
10.0,8,rtn,2,2475,0.00043548263863362683
10.0,8,rtn,2,2500,0.00043548263863362683
10.0,8,rtn,2,2525,0.00043548263863362683
10.0,8,rtn,2,2550,0.00043548263863362683
10.0,8,rtn,2,2575,0.00043548263863362683
10.0,8,rtn,2,2600,0.00043548263863362683
10.0,8,rtn,2,2625,0.00043548263863362683
10.0,8,rtn,2,2650,0.00043548263863362683
10.0,8,rtn,2,2675,0.00043548263863362683
10.0,8,rtn,2,2700,0.00043548263863362683
10.0,8,rtn,2,2725,0.00043548263863362683
10.0,8,rtn,2,2750,0.00043548263863362683
10.0,8,rtn,2,2775,0.00043548263863362683
10.0,8,rtn,2,2800,0.00043548263863362683
10.0,8,rtn,2,2825,0.00043548263863362683
10.0,8,rtn,2,2850,0.00043548263863362683
10.0,8,rtn,2,2875,0.00043548263863362683
10.0,8,rtn,2,2900,0.00043548263863362683
10.0,8,rtn,2,2925,0.00043548263863362683
10.0,8,rtn,2,2950,0.00043548263863362683
10.0,8,rtn,2,2975,0.00043548263863362683
10.0,8,rtn,2,2999,0.00043548263863362683
10.0,8,sr,0,0,0.2200936408635683
10.0,8,sr,0,25,0.0009376676547277962
10.0,8,sr,0,50,0.0009912634193647088
10.0,8,sr,0,75,0.0010346502286274115
10.0,8,sr,0,100,0.0010464813240588422
10.0,8,sr,0,125,0.0009509108214015191
10.0,8,sr,0,150,0.0010739729197045012
10.0,8,sr,0,175,0.0010181585782790827
10.0,8,sr,0,200,0.0009232350874880707
10.0,8,sr,0,225,0.0010215852125206619
10.0,8,sr,0,250,0.0009886123217552703
10.0,8,sr,0,275,0.0009572002506714462
10.0,8,sr,0,300,0.0011138031684953208
10.0,8,sr,0,325,0.0009040135894804554
10.0,8,sr,0,350,0.0009316778054190587
10.0,8,sr,0,375,0.0008576616401238209
10.0,8,sr,0,400,0.0009494019695619751
10.0,8,sr,0,425,0.0009555082636613297
10.0,8,sr,0,450,0.001003541476494279
10.0,8,sr,0,475,0.0009935428263170999
10.0,8,sr,0,500,0.0009690383747921932
10.0,8,sr,0,525,0.0009663293128380674
10.0,8,sr,0,550,0.000864243546568383
10.0,8,sr,0,575,0.0009523054770763579
10.0,8,sr,0,600,0.0010139038617379972
10.0,8,sr,0,625,0.0010521475948650643
10.0,8,sr,0,650,0.0009686079437903021
10.0,8,sr,0,675,0.001006518995005791
10.0,8,sr,0,700,0.0009737898116492046
10.0,8,sr,0,725,0.0009372201531785797
10.0,8,sr,0,750,0.0010361935540358891
10.0,8,sr,0,775,0.0010974465085693288
10.0,8,sr,0,800,0.0009963088447754466
10.0,8,sr,0,825,0.0009297103724571791
10.0,8,sr,0,850,0.0009499581131627562
10.0,8,sr,0,875,0.0009762449855551845
10.0,8,sr,0,900,0.0009531109403962623
10.0,8,sr,0,925,0.0009397599817491171
10.0,8,sr,0,950,0.0010156739413806838
10.0,8,sr,0,975,0.0009118831433656583
10.0,8,sr,0,1000,0.000999034082370908
10.0,8,sr,0,1025,0.0009495475898150221
10.0,8,sr,0,1050,0.0009725399099307814
10.0,8,sr,0,1075,0.0008743634882096196
10.0,8,sr,0,1100,0.0009998551425744002
10.0,8,sr,0,1125,0.0009364228007976686
10.0,8,sr,0,1150,0.0009680941489214625
10.0,8,sr,0,1175,0.0010866731208800534
10.0,8,sr,0,1200,0.0009760734117953173
10.0,8,sr,0,1225,0.001013690113231277
10.0,8,sr,0,1250,0.0009968331203957562
10.0,8,sr,0,1275,0.000933249767035113
10.0,8,sr,0,1300,0.001004217155492348
10.0,8,sr,0,1325,0.000893445111206707
10.0,8,sr,0,1350,0.0010375911854351863
10.0,8,sr,0,1375,0.0009934172823797538
10.0,8,sr,0,1400,0.0009909670301914404
10.0,8,sr,0,1425,0.0010627043900965165
10.0,8,sr,0,1450,0.0009050370708076991
10.0,8,sr,0,1475,0.0008937404039984394
10.0,8,sr,0,1500,0.0009947701096164497
10.0,8,sr,0,1525,0.0009511981671649143
10.0,8,sr,0,1550,0.0009832758263672748
10.0,8,sr,0,1575,0.000920708198899476
10.0,8,sr,0,1600,0.0009451743006807816
10.0,8,sr,0,1625,0.0009978348881814671
10.0,8,sr,0,1650,0.0009538944933262473
10.0,8,sr,0,1675,0.0009611648183778557
10.0,8,sr,0,1700,0.001103804670860095
10.0,8,sr,0,1725,0.0009225062602408982
10.0,8,sr,0,1750,0.0010013910785006865
10.0,8,sr,0,1775,0.0008478865031355323
10.0,8,sr,0,1800,0.0009748699395128143
10.0,8,sr,0,1825,0.0009746082463688093
10.0,8,sr,0,1850,0.0009259647758056996
10.0,8,sr,0,1875,0.0008733827377595166
10.0,8,sr,0,1900,0.0009760319671027963
10.0,8,sr,0,1925,0.001046366931367551
10.0,8,sr,0,1950,0.0010144330954379424
10.0,8,sr,0,1975,0.000955706816081067
10.0,8,sr,0,2000,0.0009169242839745458
10.0,8,sr,0,2025,0.0009189667828430641
10.0,8,sr,0,2050,0.0009961407722662264
10.0,8,sr,0,2075,0.0009279984347105434
10.0,8,sr,0,2100,0.0010207718802954975
10.0,8,sr,0,2125,0.0009268876868508747
10.0,8,sr,0,2150,0.0009272596890365435
10.0,8,sr,0,2175,0.0010145654751106163
10.0,8,sr,0,2200,0.0009484226760015012
10.0,8,sr,0,2225,0.0009077395612055001
10.0,8,sr,0,2250,0.000976363387289157
10.0,8,sr,0,2275,0.0009285281220912239
10.0,8,sr,0,2300,0.0009631980370357042
10.0,8,sr,0,2325,0.0009501281285720394
10.0,8,sr,0,2350,0.0009612129187422826
10.0,8,sr,0,2375,0.0009174165714296859
10.0,8,sr,0,2400,0.0010004052049245992
10.0,8,sr,0,2425,0.000963431966336391
10.0,8,sr,0,2450,0.0010157646121876438
10.0,8,sr,0,2475,0.0009296148618635989
10.0,8,sr,0,2500,0.0010132874640269613
10.0,8,sr,0,2525,0.0009699188805561853
10.0,8,sr,0,2550,0.0009274464677454582
10.0,8,sr,0,2575,0.000971354707210441
10.0,8,sr,0,2600,0.0009024384893792702
10.0,8,sr,0,2625,0.0008735994599791666
10.0,8,sr,0,2650,0.0009507428155798113
10.0,8,sr,0,2675,0.000974295628177656
10.0,8,sr,0,2700,0.0009809383984421523
10.0,8,sr,0,2725,0.0009994721119276177
10.0,8,sr,0,2750,0.0010241769438840364
10.0,8,sr,0,2775,0.0009709512760520363
10.0,8,sr,0,2800,0.000999236222677066
10.0,8,sr,0,2825,0.000947187272499112
10.0,8,sr,0,2850,0.0009954671709372469
10.0,8,sr,0,2875,0.0009531524810195473
10.0,8,sr,0,2900,0.0009798214574020766
10.0,8,sr,0,2925,0.0009119912760644705
10.0,8,sr,0,2950,0.0009186523508684164
10.0,8,sr,0,2975,0.0009411640751606765
10.0,8,sr,0,2999,0.0009857989970721512
10.0,8,sr,1,0,0.22054535711054796
10.0,8,sr,1,25,0.0008366880709477967
10.0,8,sr,1,50,0.0010447292599408112
10.0,8,sr,1,75,0.0010354921560864377
10.0,8,sr,1,100,0.0010005466916546176
10.0,8,sr,1,125,0.0008855167296480203
10.0,8,sr,1,150,0.000898608851028574
10.0,8,sr,1,175,0.001001088297641997
10.0,8,sr,1,200,0.0009157629076821757
10.0,8,sr,1,225,0.000945916135349519
10.0,8,sr,1,250,0.0009248860775795279
10.0,8,sr,1,275,0.0009323079471251735
10.0,8,sr,1,300,0.001061821263863546
10.0,8,sr,1,325,0.0009369605959183637
10.0,8,sr,1,350,0.0009067188621063337
10.0,8,sr,1,375,0.0009139073904339131
10.0,8,sr,1,400,0.0009355543344257761
10.0,8,sr,1,425,0.0009671469987442199
10.0,8,sr,1,450,0.0009484607007399804
10.0,8,sr,1,475,0.0009864166663970154
10.0,8,sr,1,500,0.0009734653081688112
10.0,8,sr,1,525,0.0010052236719712152
10.0,8,sr,1,550,0.0010554150862972806
10.0,8,sr,1,575,0.0009105380478076349
10.0,8,sr,1,600,0.0009722391522662127
10.0,8,sr,1,625,0.0010186009116090863
10.0,8,sr,1,650,0.0009194250690586171
10.0,8,sr,1,675,0.0008960161471782404
10.0,8,sr,1,700,0.0009893200911707382
10.0,8,sr,1,725,0.0008629422972353367
10.0,8,sr,1,750,0.0008802803315306445
10.0,8,sr,1,775,0.0009724119536490697
10.0,8,sr,1,800,0.000874526155286531
10.0,8,sr,1,825,0.0009436804773749778
10.0,8,sr,1,850,0.0008952487075801853
10.0,8,sr,1,875,0.0009388890921628141
10.0,8,sr,1,900,0.0009370477444932427
10.0,8,sr,1,925,0.0008654712155883585
10.0,8,sr,1,950,0.0009427540752466403
10.0,8,sr,1,975,0.000989416367885931
10.0,8,sr,1,1000,0.001020532029968951
10.0,8,sr,1,1025,0.0009495692373633802
10.0,8,sr,1,1050,0.0010332657526199074
10.0,8,sr,1,1075,0.000992547838938415
10.0,8,sr,1,1100,0.0008394865782288495
10.0,8,sr,1,1125,0.000985357479842772
10.0,8,sr,1,1150,0.0010351223701376415
10.0,8,sr,1,1175,0.0009729331191058534
10.0,8,sr,1,1200,0.000999964645602333
10.0,8,sr,1,1225,0.0010735638590431815
10.0,8,sr,1,1250,0.0009369082756668957
10.0,8,sr,1,1275,0.001026238940301687
10.0,8,sr,1,1300,0.000976685514662955
10.0,8,sr,1,1325,0.0009920806571040734
10.0,8,sr,1,1350,0.0009282327998589634
10.0,8,sr,1,1375,0.0008953790576299285
10.0,8,sr,1,1400,0.0010174068937844566
10.0,8,sr,1,1425,0.0009649284434775342
10.0,8,sr,1,1450,0.0009676572453118783
10.0,8,sr,1,1475,0.001009928143162628
10.0,8,sr,1,1500,0.0009930142199548635
10.0,8,sr,1,1525,0.001004731416657845
10.0,8,sr,1,1550,0.0010515537012668072
10.0,8,sr,1,1575,0.0009872560821321441
10.0,8,sr,1,1600,0.0009515102467328865
10.0,8,sr,1,1625,0.001088200848098415
10.0,8,sr,1,1650,0.001004849019068714
10.0,8,sr,1,1675,0.0009387369767248929
10.0,8,sr,1,1700,0.0010005456818416956
10.0,8,sr,1,1725,0.0009165949001542836
10.0,8,sr,1,1750,0.0009984061581308171
10.0,8,sr,1,1775,0.0009967045414709722
10.0,8,sr,1,1800,0.000996024368161802
10.0,8,sr,1,1825,0.0010473143760001695
10.0,8,sr,1,1850,0.001007904056146983
10.0,8,sr,1,1875,0.000940167168779776
10.0,8,sr,1,1900,0.000905475078644464
10.0,8,sr,1,1925,0.0009590614117838892
10.0,8,sr,1,1950,0.0010607302082833042
10.0,8,sr,1,1975,0.0009278452476258682
10.0,8,sr,1,2000,0.0008885424460344128
10.0,8,sr,1,2025,0.0009954213821374363
10.0,8,sr,1,2050,0.0008542242796438557
10.0,8,sr,1,2075,0.0009341133486623937
10.0,8,sr,1,2100,0.0009959385992540251
10.0,8,sr,1,2125,0.0009731030654383622
10.0,8,sr,1,2150,0.0008920407109962238
10.0,8,sr,1,2175,0.000937193870068857
10.0,8,sr,1,2200,0.0009936636630766486
10.0,8,sr,1,2225,0.0009803005113853411
10.0,8,sr,1,2250,0.0008951506790420673
10.0,8,sr,1,2275,0.000999913981517746
10.0,8,sr,1,2300,0.0009652942294668838
10.0,8,sr,1,2325,0.0009711267865477353
10.0,8,sr,1,2350,0.0009559041146315552
10.0,8,sr,1,2375,0.0010269681058727533
10.0,8,sr,1,2400,0.001009685549247732
10.0,8,sr,1,2425,0.0009564196854096696
10.0,8,sr,1,2450,0.0009192943530222711
10.0,8,sr,1,2475,0.0009264451583740229
10.0,8,sr,1,2500,0.0009824396176247182
10.0,8,sr,1,2525,0.0008957092646215084
10.0,8,sr,1,2550,0.0010664682366248969
10.0,8,sr,1,2575,0.0009405660984620845
10.0,8,sr,1,2600,0.0009165742349498294
10.0,8,sr,1,2625,0.0010277871848107115
10.0,8,sr,1,2650,0.000975368769558612
10.0,8,sr,1,2675,0.0009324496892192273
10.0,8,sr,1,2700,0.0009873363968220406
10.0,8,sr,1,2725,0.000932373896500743
10.0,8,sr,1,2750,0.0010256094696450683
10.0,8,sr,1,2775,0.0009588280074273759
10.0,8,sr,1,2800,0.001028840234986246
10.0,8,sr,1,2825,0.0009759959705515911
10.0,8,sr,1,2850,0.000983000273112738
10.0,8,sr,1,2875,0.0009875947539091886
10.0,8,sr,1,2900,0.001013931298120802
10.0,8,sr,1,2925,0.0010267046822721294
10.0,8,sr,1,2950,0.0009305230671733458
10.0,8,sr,1,2975,0.0009459108059580474
10.0,8,sr,1,2999,0.0009514325586090448
10.0,8,sr,2,0,0.22000958132256068
10.0,8,sr,2,25,0.0010839314608497592
10.0,8,sr,2,50,0.0009933891718646418
10.0,8,sr,2,75,0.0009879552263646243
10.0,8,sr,2,100,0.0009745995724628019
10.0,8,sr,2,125,0.00093054730829678
10.0,8,sr,2,150,0.0010540137359537974
10.0,8,sr,2,175,0.0008676623319264497
10.0,8,sr,2,200,0.0009553660700534787
10.0,8,sr,2,225,0.0010806316917368094
10.0,8,sr,2,250,0.0009446471175308023
10.0,8,sr,2,275,0.0009793765103187698
10.0,8,sr,2,300,0.0008814327093387989
10.0,8,sr,2,325,0.0010843564202098908
10.0,8,sr,2,350,0.0009645072107737982
10.0,8,sr,2,375,0.000989832545995209
10.0,8,sr,2,400,0.0009995325363436791
10.0,8,sr,2,425,0.0010274913140475126
10.0,8,sr,2,450,0.0009597387255318079
10.0,8,sr,2,475,0.001020779162324413
10.0,8,sr,2,500,0.0010358454909312471
10.0,8,sr,2,525,0.0010220683847279707
10.0,8,sr,2,550,0.0010210421493695235
10.0,8,sr,2,575,0.000921285211571345
10.0,8,sr,2,600,0.0010109062203740601
10.0,8,sr,2,625,0.0009479092253396722
10.0,8,sr,2,650,0.000987136081317249
10.0,8,sr,2,675,0.0009507685937166713
10.0,8,sr,2,700,0.0009518558304100616
10.0,8,sr,2,725,0.0009725976722224829
10.0,8,sr,2,750,0.0009125020885036429
10.0,8,sr,2,775,0.0009280765930432092
10.0,8,sr,2,800,0.0009042440668940978
10.0,8,sr,2,825,0.0009294038901150924
10.0,8,sr,2,850,0.0008688482471616841
10.0,8,sr,2,875,0.0009189820277720695
10.0,8,sr,2,900,0.000943174806013542
10.0,8,sr,2,925,0.0009760006019068429
10.0,8,sr,2,950,0.000992062151442027
10.0,8,sr,2,975,0.0010631442917338058
10.0,8,sr,2,1000,0.0009523416484800719
10.0,8,sr,2,1025,0.0009389394990223562
10.0,8,sr,2,1050,0.00095370123313175
10.0,8,sr,2,1075,0.0010081232489292042
10.0,8,sr,2,1100,0.0009545219445467741
10.0,8,sr,2,1125,0.0009406510262053865
10.0,8,sr,2,1150,0.0008959126535167566
10.0,8,sr,2,1175,0.0009675274979950259
10.0,8,sr,2,1200,0.0009289529420806774
10.0,8,sr,2,1225,0.0009702566684523774
10.0,8,sr,2,1250,0.00092382094210479
10.0,8,sr,2,1275,0.0009569423770973395
10.0,8,sr,2,1300,0.001048665338547131
10.0,8,sr,2,1325,0.0009715407719203846
10.0,8,sr,2,1350,0.000938051483155009
10.0,8,sr,2,1375,0.0009766531380675995
10.0,8,sr,2,1400,0.000912488980918411
10.0,8,sr,2,1425,0.0010412221001162717
10.0,8,sr,2,1450,0.0009507759376715937
10.0,8,sr,2,1475,0.0009533351432524421
10.0,8,sr,2,1500,0.0009202198051232023
10.0,8,sr,2,1525,0.0009578832725268236
10.0,8,sr,2,1550,0.0009628204372426425
10.0,8,sr,2,1575,0.0009062640186874202
10.0,8,sr,2,1600,0.0010302856626516592
10.0,8,sr,2,1625,0.0008678147931709242
10.0,8,sr,2,1650,0.0009922743696948858
10.0,8,sr,2,1675,0.0009481969459575807
10.0,8,sr,2,1700,0.0009735783705341562
10.0,8,sr,2,1725,0.0009998067464632489
10.0,8,sr,2,1750,0.0009582168177974734
10.0,8,sr,2,1775,0.0008719634247656213
10.0,8,sr,2,1800,0.00098742352362715
10.0,8,sr,2,1825,0.0010409500095890562
10.0,8,sr,2,1850,0.0010522207775035164
10.0,8,sr,2,1875,0.0009147610293667455
10.0,8,sr,2,1900,0.0009714151989607272
10.0,8,sr,2,1925,0.0010653606480015025
10.0,8,sr,2,1950,0.0010143673594486145
10.0,8,sr,2,1975,0.000985823526559602
10.0,8,sr,2,2000,0.000987893393078131
10.0,8,sr,2,2025,0.0009470764936416016
10.0,8,sr,2,2050,0.0009319820005734089
10.0,8,sr,2,2075,0.000981720895577328
10.0,8,sr,2,2100,0.0009723590769501722
10.0,8,sr,2,2125,0.001006634069626477
10.0,8,sr,2,2150,0.0009442848677833322
10.0,8,sr,2,2175,0.0009705658647579204
10.0,8,sr,2,2200,0.0009173100948380265
10.0,8,sr,2,2225,0.0009617456521096751
10.0,8,sr,2,2250,0.0010142183561181472
10.0,8,sr,2,2275,0.0009237748885020872
10.0,8,sr,2,2300,0.000963899957088882
10.0,8,sr,2,2325,0.0009249175493996159
10.0,8,sr,2,2350,0.0010265113931821625
10.0,8,sr,2,2375,0.000979900139167146
10.0,8,sr,2,2400,0.0009097102300881598
10.0,8,sr,2,2425,0.0009266685371770666
10.0,8,sr,2,2450,0.0010400117644442989
10.0,8,sr,2,2475,0.0009246690085788304
10.0,8,sr,2,2500,0.0009280096110014293
10.0,8,sr,2,2525,0.001013752753775688
10.0,8,sr,2,2550,0.000935686788392228
10.0,8,sr,2,2575,0.00105580772904533
10.0,8,sr,2,2600,0.0009482218501201895
10.0,8,sr,2,2625,0.0009370562093735732
10.0,8,sr,2,2650,0.0009628020826024632
10.0,8,sr,2,2675,0.0010400608650490079
10.0,8,sr,2,2700,0.0009960071185049742
10.0,8,sr,2,2725,0.0009899862251910405
10.0,8,sr,2,2750,0.0010654574991933146
10.0,8,sr,2,2775,0.000981618934586033
10.0,8,sr,2,2800,0.0009783927574740692
10.0,8,sr,2,2825,0.0009539326791482867
10.0,8,sr,2,2850,0.001103034005836209
10.0,8,sr,2,2875,0.0010640539434159828
10.0,8,sr,2,2900,0.000991739449626127
10.0,8,sr,2,2925,0.00101766938740612
10.0,8,sr,2,2950,0.0009023362479963461
10.0,8,sr,2,2975,0.000998005400588287
10.0,8,sr,2,2999,0.0009784200566355736
10.0,8,ef,0,0,0.21826088698991242
10.0,8,ef,0,25,0.0010661789224015355
10.0,8,ef,0,50,0.0010711499756873523
10.0,8,ef,0,75,0.000987337461387883
10.0,8,ef,0,100,0.0010152818958818247
10.0,8,ef,0,125,0.0010555520024471139
10.0,8,ef,0,150,0.0011394172406410123
10.0,8,ef,0,175,0.0010568741387796173
10.0,8,ef,0,200,0.0010221996121409897
10.0,8,ef,0,225,0.0011419056214311562
10.0,8,ef,0,250,0.001025539901837455
10.0,8,ef,0,275,0.0011762398668692835
10.0,8,ef,0,300,0.0010117297218326337
10.0,8,ef,0,325,0.0010681869113639193
10.0,8,ef,0,350,0.0009782991064141388
10.0,8,ef,0,375,0.0010449606287336883
10.0,8,ef,0,400,0.0011711395585387255
10.0,8,ef,0,425,0.0011469025557374964
10.0,8,ef,0,450,0.001017884755667931
10.0,8,ef,0,475,0.0010560412707427437
10.0,8,ef,0,500,0.001150994847308495
10.0,8,ef,0,525,0.0011441746265462506
10.0,8,ef,0,550,0.001039647329207263
10.0,8,ef,0,575,0.0010448529686600363
10.0,8,ef,0,600,0.0010307812109545994
10.0,8,ef,0,625,0.0010469888335598297
10.0,8,ef,0,650,0.0011648252517709149
10.0,8,ef,0,675,0.0010644120375765303
10.0,8,ef,0,700,0.000978260042229233
10.0,8,ef,0,725,0.0010475520321984067
10.0,8,ef,0,750,0.001010810083166051
10.0,8,ef,0,775,0.00102833846770677
10.0,8,ef,0,800,0.0010851257744775192
10.0,8,ef,0,825,0.0011383150970331792
10.0,8,ef,0,850,0.0010270262868106255
10.0,8,ef,0,875,0.0012234977078363514
10.0,8,ef,0,900,0.0011124617545987196
10.0,8,ef,0,925,0.0010269651760021863
10.0,8,ef,0,950,0.0011762577384725255
10.0,8,ef,0,975,0.001040576284841504
10.0,8,ef,0,1000,0.0012477984841157527
10.0,8,ef,0,1025,0.001167163450962798
10.0,8,ef,0,1050,0.0010699103943650253
10.0,8,ef,0,1075,0.0010788609899550837
10.0,8,ef,0,1100,0.001144231268479173
10.0,8,ef,0,1125,0.0009868425385271436
10.0,8,ef,0,1150,0.00103102899417404
10.0,8,ef,0,1175,0.0011498068786556634
10.0,8,ef,0,1200,0.0010642402503048844
10.0,8,ef,0,1225,0.0010949335790366242
10.0,8,ef,0,1250,0.0010005271447823384
10.0,8,ef,0,1275,0.0010701806926392073
10.0,8,ef,0,1300,0.0011749772875227
10.0,8,ef,0,1325,0.0010977561233085293
10.0,8,ef,0,1350,0.000934083204880571
10.0,8,ef,0,1375,0.0011605876498454184
10.0,8,ef,0,1400,0.0012390380225745779
10.0,8,ef,0,1425,0.0010855022148044844
10.0,8,ef,0,1450,0.0010951407983429055
10.0,8,ef,0,1475,0.0012499396399627703
10.0,8,ef,0,1500,0.001199931880215357
10.0,8,ef,0,1525,0.0012188029296574209
10.0,8,ef,0,1550,0.001248280042864603
10.0,8,ef,0,1575,0.001044966743148762
10.0,8,ef,0,1600,0.0012216588742504613
10.0,8,ef,0,1625,0.0010684774390104259
10.0,8,ef,0,1650,0.0009852253773268047
10.0,8,ef,0,1675,0.0010739153686629857
10.0,8,ef,0,1700,0.0010694106088973787
10.0,8,ef,0,1725,0.0011048091401562037
10.0,8,ef,0,1750,0.0012220680105710987
10.0,8,ef,0,1775,0.0011499860359789988
10.0,8,ef,0,1800,0.0010828932569433465
10.0,8,ef,0,1825,0.0012350895293473582
10.0,8,ef,0,1850,0.0011151748614899022
10.0,8,ef,0,1875,0.001100249927132238
10.0,8,ef,0,1900,0.0011012894351780688
10.0,8,ef,0,1925,0.0009811420989878689
10.0,8,ef,0,1950,0.0011460291204269204
10.0,8,ef,0,1975,0.001151429792361949
10.0,8,ef,0,2000,0.0011553573173145957
10.0,8,ef,0,2025,0.0012269247640939295
10.0,8,ef,0,2050,0.001121401341541011
10.0,8,ef,0,2075,0.0011567123530181987
10.0,8,ef,0,2100,0.001065588330231882
10.0,8,ef,0,2125,0.0011083739956697209
10.0,8,ef,0,2150,0.001135301883644469
10.0,8,ef,0,2175,0.001022592954414535
10.0,8,ef,0,2200,0.0011674072515053026
10.0,8,ef,0,2225,0.0010929756696496686
10.0,8,ef,0,2250,0.0011022747669570815
10.0,8,ef,0,2275,0.0010982696773804159
10.0,8,ef,0,2300,0.0011144760687560667
10.0,8,ef,0,2325,0.0010585572689025802
10.0,8,ef,0,2350,0.001107069800370703
10.0,8,ef,0,2375,0.0011665635229783865
10.0,8,ef,0,2400,0.0010366521284416474
10.0,8,ef,0,2425,0.001090487236576757
10.0,8,ef,0,2450,0.0010518905947566244
10.0,8,ef,0,2475,0.0012120591073524398
10.0,8,ef,0,2500,0.0011897807757884169
10.0,8,ef,0,2525,0.0010532502263604193
10.0,8,ef,0,2550,0.0010758088972201492
10.0,8,ef,0,2575,0.001072537671165907
10.0,8,ef,0,2600,0.0010967447347287065
10.0,8,ef,0,2625,0.0012222910703164017
10.0,8,ef,0,2650,0.0009999400550873697
10.0,8,ef,0,2675,0.0009221346538515817
10.0,8,ef,0,2700,0.0011475580240493438
10.0,8,ef,0,2725,0.0011816585203783133
10.0,8,ef,0,2750,0.00109987813464311
10.0,8,ef,0,2775,0.001104291243887833
10.0,8,ef,0,2800,0.0010678145091475542
10.0,8,ef,0,2825,0.0010569981073533922
10.0,8,ef,0,2850,0.001031089282475832
10.0,8,ef,0,2875,0.0010761644426554833
10.0,8,ef,0,2900,0.0011571765621688729
10.0,8,ef,0,2925,0.001021413293468823
10.0,8,ef,0,2950,0.0011953095509611667
10.0,8,ef,0,2975,0.001068536268913809
10.0,8,ef,0,2999,0.0010811506394476928
10.0,8,ef,1,0,0.21826088698991242
10.0,8,ef,1,25,0.0010661789224015355
10.0,8,ef,1,50,0.0010711499756873523
10.0,8,ef,1,75,0.000987337461387883
10.0,8,ef,1,100,0.0010152818958818247
10.0,8,ef,1,125,0.0010555520024471139
10.0,8,ef,1,150,0.0011394172406410123
10.0,8,ef,1,175,0.0010568741387796173
10.0,8,ef,1,200,0.0010221996121409897
10.0,8,ef,1,225,0.0011419056214311562
10.0,8,ef,1,250,0.001025539901837455
10.0,8,ef,1,275,0.0011762398668692835
10.0,8,ef,1,300,0.0010117297218326337
10.0,8,ef,1,325,0.0010681869113639193
10.0,8,ef,1,350,0.0009782991064141388
10.0,8,ef,1,375,0.0010449606287336883
10.0,8,ef,1,400,0.0011711395585387255
10.0,8,ef,1,425,0.0011469025557374964
10.0,8,ef,1,450,0.001017884755667931
10.0,8,ef,1,475,0.0010560412707427437
10.0,8,ef,1,500,0.001150994847308495
10.0,8,ef,1,525,0.0011441746265462506
10.0,8,ef,1,550,0.001039647329207263
10.0,8,ef,1,575,0.0010448529686600363
10.0,8,ef,1,600,0.0010307812109545994
10.0,8,ef,1,625,0.0010469888335598297
10.0,8,ef,1,650,0.0011648252517709149
10.0,8,ef,1,675,0.0010644120375765303
10.0,8,ef,1,700,0.000978260042229233
10.0,8,ef,1,725,0.0010475520321984067
10.0,8,ef,1,750,0.001010810083166051
10.0,8,ef,1,775,0.00102833846770677
10.0,8,ef,1,800,0.0010851257744775192
10.0,8,ef,1,825,0.0011383150970331792
10.0,8,ef,1,850,0.0010270262868106255
10.0,8,ef,1,875,0.0012234977078363514
10.0,8,ef,1,900,0.0011124617545987196
10.0,8,ef,1,925,0.0010269651760021863
10.0,8,ef,1,950,0.0011762577384725255
10.0,8,ef,1,975,0.001040576284841504
10.0,8,ef,1,1000,0.0012477984841157527
10.0,8,ef,1,1025,0.001167163450962798
10.0,8,ef,1,1050,0.0010699103943650253
10.0,8,ef,1,1075,0.0010788609899550837
10.0,8,ef,1,1100,0.001144231268479173
10.0,8,ef,1,1125,0.0009868425385271436
10.0,8,ef,1,1150,0.00103102899417404
10.0,8,ef,1,1175,0.0011498068786556634
10.0,8,ef,1,1200,0.0010642402503048844
10.0,8,ef,1,1225,0.0010949335790366242
10.0,8,ef,1,1250,0.0010005271447823384
10.0,8,ef,1,1275,0.0010701806926392073
10.0,8,ef,1,1300,0.0011749772875227
10.0,8,ef,1,1325,0.0010977561233085293
10.0,8,ef,1,1350,0.000934083204880571
10.0,8,ef,1,1375,0.0011605876498454184
10.0,8,ef,1,1400,0.0012390380225745779
10.0,8,ef,1,1425,0.0010855022148044844
10.0,8,ef,1,1450,0.0010951407983429055
10.0,8,ef,1,1475,0.0012499396399627703
10.0,8,ef,1,1500,0.001199931880215357
10.0,8,ef,1,1525,0.0012188029296574209
10.0,8,ef,1,1550,0.001248280042864603
10.0,8,ef,1,1575,0.001044966743148762
10.0,8,ef,1,1600,0.0012216588742504613
10.0,8,ef,1,1625,0.0010684774390104259
10.0,8,ef,1,1650,0.0009852253773268047
10.0,8,ef,1,1675,0.0010739153686629857
10.0,8,ef,1,1700,0.0010694106088973787
10.0,8,ef,1,1725,0.0011048091401562037
10.0,8,ef,1,1750,0.0012220680105710987
10.0,8,ef,1,1775,0.0011499860359789988
10.0,8,ef,1,1800,0.0010828932569433465
10.0,8,ef,1,1825,0.0012350895293473582
10.0,8,ef,1,1850,0.0011151748614899022
10.0,8,ef,1,1875,0.001100249927132238
10.0,8,ef,1,1900,0.0011012894351780688
10.0,8,ef,1,1925,0.0009811420989878689
10.0,8,ef,1,1950,0.0011460291204269204
10.0,8,ef,1,1975,0.001151429792361949
10.0,8,ef,1,2000,0.0011553573173145957
10.0,8,ef,1,2025,0.0012269247640939295
10.0,8,ef,1,2050,0.001121401341541011
10.0,8,ef,1,2075,0.0011567123530181987
10.0,8,ef,1,2100,0.001065588330231882
10.0,8,ef,1,2125,0.0011083739956697209
10.0,8,ef,1,2150,0.001135301883644469
10.0,8,ef,1,2175,0.001022592954414535
10.0,8,ef,1,2200,0.0011674072515053026
10.0,8,ef,1,2225,0.0010929756696496686
10.0,8,ef,1,2250,0.0011022747669570815
10.0,8,ef,1,2275,0.0010982696773804159
10.0,8,ef,1,2300,0.0011144760687560667
10.0,8,ef,1,2325,0.0010585572689025802
10.0,8,ef,1,2350,0.001107069800370703
10.0,8,ef,1,2375,0.0011665635229783865
10.0,8,ef,1,2400,0.0010366521284416474
10.0,8,ef,1,2425,0.001090487236576757
10.0,8,ef,1,2450,0.0010518905947566244
10.0,8,ef,1,2475,0.0012120591073524398
10.0,8,ef,1,2500,0.0011897807757884169
10.0,8,ef,1,2525,0.0010532502263604193
10.0,8,ef,1,2550,0.0010758088972201492
10.0,8,ef,1,2575,0.001072537671165907
10.0,8,ef,1,2600,0.0010967447347287065
10.0,8,ef,1,2625,0.0012222910703164017
10.0,8,ef,1,2650,0.0009999400550873697
10.0,8,ef,1,2675,0.0009221346538515817
10.0,8,ef,1,2700,0.0011475580240493438
10.0,8,ef,1,2725,0.0011816585203783133
10.0,8,ef,1,2750,0.00109987813464311
10.0,8,ef,1,2775,0.001104291243887833
10.0,8,ef,1,2800,0.0010678145091475542
10.0,8,ef,1,2825,0.0010569981073533922
10.0,8,ef,1,2850,0.001031089282475832
10.0,8,ef,1,2875,0.0010761644426554833
10.0,8,ef,1,2900,0.0011571765621688729
10.0,8,ef,1,2925,0.001021413293468823
10.0,8,ef,1,2950,0.0011953095509611667
10.0,8,ef,1,2975,0.001068536268913809
10.0,8,ef,1,2999,0.0010811506394476928
10.0,8,ef,2,0,0.21826088698991242
10.0,8,ef,2,25,0.0010661789224015355
10.0,8,ef,2,50,0.0010711499756873523
10.0,8,ef,2,75,0.000987337461387883
10.0,8,ef,2,100,0.0010152818958818247
10.0,8,ef,2,125,0.0010555520024471139
10.0,8,ef,2,150,0.0011394172406410123
10.0,8,ef,2,175,0.0010568741387796173
10.0,8,ef,2,200,0.0010221996121409897
10.0,8,ef,2,225,0.0011419056214311562
10.0,8,ef,2,250,0.001025539901837455
10.0,8,ef,2,275,0.0011762398668692835
10.0,8,ef,2,300,0.0010117297218326337
10.0,8,ef,2,325,0.0010681869113639193
10.0,8,ef,2,350,0.0009782991064141388
10.0,8,ef,2,375,0.0010449606287336883
10.0,8,ef,2,400,0.0011711395585387255
10.0,8,ef,2,425,0.0011469025557374964
10.0,8,ef,2,450,0.001017884755667931
10.0,8,ef,2,475,0.0010560412707427437
10.0,8,ef,2,500,0.001150994847308495
10.0,8,ef,2,525,0.0011441746265462506
10.0,8,ef,2,550,0.001039647329207263
10.0,8,ef,2,575,0.0010448529686600363
10.0,8,ef,2,600,0.0010307812109545994
10.0,8,ef,2,625,0.0010469888335598297
10.0,8,ef,2,650,0.0011648252517709149
10.0,8,ef,2,675,0.0010644120375765303
10.0,8,ef,2,700,0.000978260042229233
10.0,8,ef,2,725,0.0010475520321984067
10.0,8,ef,2,750,0.001010810083166051
10.0,8,ef,2,775,0.00102833846770677
10.0,8,ef,2,800,0.0010851257744775192
10.0,8,ef,2,825,0.0011383150970331792
10.0,8,ef,2,850,0.0010270262868106255
10.0,8,ef,2,875,0.0012234977078363514
10.0,8,ef,2,900,0.0011124617545987196
10.0,8,ef,2,925,0.0010269651760021863
10.0,8,ef,2,950,0.0011762577384725255
10.0,8,ef,2,975,0.001040576284841504
10.0,8,ef,2,1000,0.0012477984841157527
10.0,8,ef,2,1025,0.001167163450962798
10.0,8,ef,2,1050,0.0010699103943650253
10.0,8,ef,2,1075,0.0010788609899550837
10.0,8,ef,2,1100,0.001144231268479173
10.0,8,ef,2,1125,0.0009868425385271436
10.0,8,ef,2,1150,0.00103102899417404
10.0,8,ef,2,1175,0.0011498068786556634
10.0,8,ef,2,1200,0.0010642402503048844
10.0,8,ef,2,1225,0.0010949335790366242
10.0,8,ef,2,1250,0.0010005271447823384
10.0,8,ef,2,1275,0.0010701806926392073
10.0,8,ef,2,1300,0.0011749772875227
10.0,8,ef,2,1325,0.0010977561233085293
10.0,8,ef,2,1350,0.000934083204880571
10.0,8,ef,2,1375,0.0011605876498454184
10.0,8,ef,2,1400,0.0012390380225745779
10.0,8,ef,2,1425,0.0010855022148044844
10.0,8,ef,2,1450,0.0010951407983429055
10.0,8,ef,2,1475,0.0012499396399627703
10.0,8,ef,2,1500,0.001199931880215357
10.0,8,ef,2,1525,0.0012188029296574209
10.0,8,ef,2,1550,0.001248280042864603
10.0,8,ef,2,1575,0.001044966743148762
10.0,8,ef,2,1600,0.0012216588742504613
10.0,8,ef,2,1625,0.0010684774390104259
10.0,8,ef,2,1650,0.0009852253773268047
10.0,8,ef,2,1675,0.0010739153686629857
10.0,8,ef,2,1700,0.0010694106088973787
10.0,8,ef,2,1725,0.0011048091401562037
10.0,8,ef,2,1750,0.0012220680105710987
10.0,8,ef,2,1775,0.0011499860359789988
10.0,8,ef,2,1800,0.0010828932569433465
10.0,8,ef,2,1825,0.0012350895293473582
10.0,8,ef,2,1850,0.0011151748614899022
10.0,8,ef,2,1875,0.001100249927132238
10.0,8,ef,2,1900,0.0011012894351780688
10.0,8,ef,2,1925,0.0009811420989878689
10.0,8,ef,2,1950,0.0011460291204269204
10.0,8,ef,2,1975,0.001151429792361949
10.0,8,ef,2,2000,0.0011553573173145957
10.0,8,ef,2,2025,0.0012269247640939295
10.0,8,ef,2,2050,0.001121401341541011
10.0,8,ef,2,2075,0.0011567123530181987
10.0,8,ef,2,2100,0.001065588330231882
10.0,8,ef,2,2125,0.0011083739956697209
10.0,8,ef,2,2150,0.001135301883644469
10.0,8,ef,2,2175,0.001022592954414535
10.0,8,ef,2,2200,0.0011674072515053026
10.0,8,ef,2,2225,0.0010929756696496686
10.0,8,ef,2,2250,0.0011022747669570815
10.0,8,ef,2,2275,0.0010982696773804159
10.0,8,ef,2,2300,0.0011144760687560667
10.0,8,ef,2,2325,0.0010585572689025802
10.0,8,ef,2,2350,0.001107069800370703
10.0,8,ef,2,2375,0.0011665635229783865
10.0,8,ef,2,2400,0.0010366521284416474
10.0,8,ef,2,2425,0.001090487236576757
10.0,8,ef,2,2450,0.0010518905947566244
10.0,8,ef,2,2475,0.0012120591073524398
10.0,8,ef,2,2500,0.0011897807757884169
10.0,8,ef,2,2525,0.0010532502263604193
10.0,8,ef,2,2550,0.0010758088972201492
10.0,8,ef,2,2575,0.001072537671165907
10.0,8,ef,2,2600,0.0010967447347287065
10.0,8,ef,2,2625,0.0012222910703164017
10.0,8,ef,2,2650,0.0009999400550873697
10.0,8,ef,2,2675,0.0009221346538515817
10.0,8,ef,2,2700,0.0011475580240493438
10.0,8,ef,2,2725,0.0011816585203783133
10.0,8,ef,2,2750,0.00109987813464311
10.0,8,ef,2,2775,0.001104291243887833
10.0,8,ef,2,2800,0.0010678145091475542
10.0,8,ef,2,2825,0.0010569981073533922
10.0,8,ef,2,2850,0.001031089282475832
10.0,8,ef,2,2875,0.0010761644426554833
10.0,8,ef,2,2900,0.0011571765621688729
10.0,8,ef,2,2925,0.001021413293468823
10.0,8,ef,2,2950,0.0011953095509611667
10.0,8,ef,2,2975,0.001068536268913809
10.0,8,ef,2,2999,0.0010811506394476928
10.0,6,rtn,0,0,0.22661224448387093
10.0,6,rtn,0,25,0.007278961173957485
10.0,6,rtn,0,50,0.007278961173957485
10.0,6,rtn,0,75,0.007278961173957485
10.0,6,rtn,0,100,0.007278961173957485
10.0,6,rtn,0,125,0.007278961173957485
10.0,6,rtn,0,150,0.007278961173957485
10.0,6,rtn,0,175,0.007278961173957485
10.0,6,rtn,0,200,0.007278961173957485
10.0,6,rtn,0,225,0.007278961173957485
10.0,6,rtn,0,250,0.007278961173957485
10.0,6,rtn,0,275,0.007278961173957485
10.0,6,rtn,0,300,0.007278961173957485
10.0,6,rtn,0,325,0.007278961173957485
10.0,6,rtn,0,350,0.007278961173957485
10.0,6,rtn,0,375,0.007278961173957485
10.0,6,rtn,0,400,0.007278961173957485
10.0,6,rtn,0,425,0.007278961173957485
10.0,6,rtn,0,450,0.007278961173957485
10.0,6,rtn,0,475,0.007278961173957485
10.0,6,rtn,0,500,0.007278961173957485
10.0,6,rtn,0,525,0.007278961173957485
10.0,6,rtn,0,550,0.007278961173957485
10.0,6,rtn,0,575,0.007278961173957485
10.0,6,rtn,0,600,0.007278961173957485
10.0,6,rtn,0,625,0.007278961173957485
10.0,6,rtn,0,650,0.007278961173957485
10.0,6,rtn,0,675,0.007278961173957485
10.0,6,rtn,0,700,0.007278961173957485
10.0,6,rtn,0,725,0.007278961173957485
10.0,6,rtn,0,750,0.007278961173957485
10.0,6,rtn,0,775,0.007278961173957485
10.0,6,rtn,0,800,0.007278961173957485
10.0,6,rtn,0,825,0.007278961173957485
10.0,6,rtn,0,850,0.007278961173957485
10.0,6,rtn,0,875,0.007278961173957485
10.0,6,rtn,0,900,0.007278961173957485
10.0,6,rtn,0,925,0.007278961173957485
10.0,6,rtn,0,950,0.007278961173957485
10.0,6,rtn,0,975,0.007278961173957485
10.0,6,rtn,0,1000,0.007278961173957485
10.0,6,rtn,0,1025,0.007278961173957485
10.0,6,rtn,0,1050,0.007278961173957485
10.0,6,rtn,0,1075,0.007278961173957485
10.0,6,rtn,0,1100,0.007278961173957485
10.0,6,rtn,0,1125,0.007278961173957485
10.0,6,rtn,0,1150,0.007278961173957485
10.0,6,rtn,0,1175,0.007278961173957485
10.0,6,rtn,0,1200,0.007278961173957485
10.0,6,rtn,0,1225,0.007278961173957485
10.0,6,rtn,0,1250,0.007278961173957485
10.0,6,rtn,0,1275,0.007278961173957485
10.0,6,rtn,0,1300,0.007278961173957485
10.0,6,rtn,0,1325,0.007278961173957485
10.0,6,rtn,0,1350,0.007278961173957485
10.0,6,rtn,0,1375,0.007278961173957485
10.0,6,rtn,0,1400,0.007278961173957485
10.0,6,rtn,0,1425,0.007278961173957485
10.0,6,rtn,0,1450,0.007278961173957485
10.0,6,rtn,0,1475,0.007278961173957485
10.0,6,rtn,0,1500,0.007278961173957485
10.0,6,rtn,0,1525,0.007278961173957485
10.0,6,rtn,0,1550,0.007278961173957485
10.0,6,rtn,0,1575,0.007278961173957485
10.0,6,rtn,0,1600,0.007278961173957485
10.0,6,rtn,0,1625,0.007278961173957485
10.0,6,rtn,0,1650,0.007278961173957485
10.0,6,rtn,0,1675,0.007278961173957485
10.0,6,rtn,0,1700,0.007278961173957485
10.0,6,rtn,0,1725,0.007278961173957485
10.0,6,rtn,0,1750,0.007278961173957485
10.0,6,rtn,0,1775,0.007278961173957485
10.0,6,rtn,0,1800,0.007278961173957485
10.0,6,rtn,0,1825,0.007278961173957485
10.0,6,rtn,0,1850,0.007278961173957485
10.0,6,rtn,0,1875,0.007278961173957485
10.0,6,rtn,0,1900,0.007278961173957485
10.0,6,rtn,0,1925,0.007278961173957485
10.0,6,rtn,0,1950,0.007278961173957485
10.0,6,rtn,0,1975,0.007278961173957485
10.0,6,rtn,0,2000,0.007278961173957485
10.0,6,rtn,0,2025,0.007278961173957485
10.0,6,rtn,0,2050,0.007278961173957485
10.0,6,rtn,0,2075,0.007278961173957485
10.0,6,rtn,0,2100,0.007278961173957485
10.0,6,rtn,0,2125,0.007278961173957485
10.0,6,rtn,0,2150,0.007278961173957485
10.0,6,rtn,0,2175,0.007278961173957485
10.0,6,rtn,0,2200,0.007278961173957485
10.0,6,rtn,0,2225,0.007278961173957485
10.0,6,rtn,0,2250,0.007278961173957485
10.0,6,rtn,0,2275,0.007278961173957485
10.0,6,rtn,0,2300,0.007278961173957485
10.0,6,rtn,0,2325,0.007278961173957485
10.0,6,rtn,0,2350,0.007278961173957485
10.0,6,rtn,0,2375,0.007278961173957485
10.0,6,rtn,0,2400,0.007278961173957485
10.0,6,rtn,0,2425,0.007278961173957485
10.0,6,rtn,0,2450,0.007278961173957485
10.0,6,rtn,0,2475,0.007278961173957485
10.0,6,rtn,0,2500,0.007278961173957485
10.0,6,rtn,0,2525,0.007278961173957485
10.0,6,rtn,0,2550,0.007278961173957485
10.0,6,rtn,0,2575,0.007278961173957485
10.0,6,rtn,0,2600,0.007278961173957485
10.0,6,rtn,0,2625,0.007278961173957485
10.0,6,rtn,0,2650,0.007278961173957485
10.0,6,rtn,0,2675,0.007278961173957485
10.0,6,rtn,0,2700,0.007278961173957485
10.0,6,rtn,0,2725,0.007278961173957485
10.0,6,rtn,0,2750,0.007278961173957485
10.0,6,rtn,0,2775,0.007278961173957485
10.0,6,rtn,0,2800,0.007278961173957485
10.0,6,rtn,0,2825,0.007278961173957485
10.0,6,rtn,0,2850,0.007278961173957485
10.0,6,rtn,0,2875,0.007278961173957485
10.0,6,rtn,0,2900,0.007278961173957485
10.0,6,rtn,0,2925,0.007278961173957485
10.0,6,rtn,0,2950,0.007278961173957485
10.0,6,rtn,0,2975,0.007278961173957485
10.0,6,rtn,0,2999,0.007278961173957485
10.0,6,rtn,1,0,0.22661224448387093
10.0,6,rtn,1,25,0.007278961173957485
10.0,6,rtn,1,50,0.007278961173957485
10.0,6,rtn,1,75,0.007278961173957485
10.0,6,rtn,1,100,0.007278961173957485
10.0,6,rtn,1,125,0.007278961173957485
10.0,6,rtn,1,150,0.007278961173957485
10.0,6,rtn,1,175,0.007278961173957485
10.0,6,rtn,1,200,0.007278961173957485
10.0,6,rtn,1,225,0.007278961173957485
10.0,6,rtn,1,250,0.007278961173957485
10.0,6,rtn,1,275,0.007278961173957485
10.0,6,rtn,1,300,0.007278961173957485
10.0,6,rtn,1,325,0.007278961173957485
10.0,6,rtn,1,350,0.007278961173957485
10.0,6,rtn,1,375,0.007278961173957485
10.0,6,rtn,1,400,0.007278961173957485
10.0,6,rtn,1,425,0.007278961173957485
10.0,6,rtn,1,450,0.007278961173957485
10.0,6,rtn,1,475,0.007278961173957485
10.0,6,rtn,1,500,0.007278961173957485
10.0,6,rtn,1,525,0.007278961173957485
10.0,6,rtn,1,550,0.007278961173957485
10.0,6,rtn,1,575,0.007278961173957485
10.0,6,rtn,1,600,0.007278961173957485
10.0,6,rtn,1,625,0.007278961173957485
10.0,6,rtn,1,650,0.007278961173957485
10.0,6,rtn,1,675,0.007278961173957485
10.0,6,rtn,1,700,0.007278961173957485
10.0,6,rtn,1,725,0.007278961173957485
10.0,6,rtn,1,750,0.007278961173957485
10.0,6,rtn,1,775,0.007278961173957485
10.0,6,rtn,1,800,0.007278961173957485
10.0,6,rtn,1,825,0.007278961173957485
10.0,6,rtn,1,850,0.007278961173957485
10.0,6,rtn,1,875,0.007278961173957485
10.0,6,rtn,1,900,0.007278961173957485
10.0,6,rtn,1,925,0.007278961173957485
10.0,6,rtn,1,950,0.007278961173957485
10.0,6,rtn,1,975,0.007278961173957485
10.0,6,rtn,1,1000,0.007278961173957485
10.0,6,rtn,1,1025,0.007278961173957485
10.0,6,rtn,1,1050,0.007278961173957485
10.0,6,rtn,1,1075,0.007278961173957485
10.0,6,rtn,1,1100,0.007278961173957485
10.0,6,rtn,1,1125,0.007278961173957485
10.0,6,rtn,1,1150,0.007278961173957485
10.0,6,rtn,1,1175,0.007278961173957485
10.0,6,rtn,1,1200,0.007278961173957485
10.0,6,rtn,1,1225,0.007278961173957485
10.0,6,rtn,1,1250,0.007278961173957485
10.0,6,rtn,1,1275,0.007278961173957485
10.0,6,rtn,1,1300,0.007278961173957485
10.0,6,rtn,1,1325,0.007278961173957485
10.0,6,rtn,1,1350,0.007278961173957485
10.0,6,rtn,1,1375,0.007278961173957485
10.0,6,rtn,1,1400,0.007278961173957485
10.0,6,rtn,1,1425,0.007278961173957485
10.0,6,rtn,1,1450,0.007278961173957485
10.0,6,rtn,1,1475,0.007278961173957485
10.0,6,rtn,1,1500,0.007278961173957485
10.0,6,rtn,1,1525,0.007278961173957485
10.0,6,rtn,1,1550,0.007278961173957485
10.0,6,rtn,1,1575,0.007278961173957485
10.0,6,rtn,1,1600,0.007278961173957485
10.0,6,rtn,1,1625,0.007278961173957485
10.0,6,rtn,1,1650,0.007278961173957485
10.0,6,rtn,1,1675,0.007278961173957485
10.0,6,rtn,1,1700,0.007278961173957485
10.0,6,rtn,1,1725,0.007278961173957485
10.0,6,rtn,1,1750,0.007278961173957485
10.0,6,rtn,1,1775,0.007278961173957485
10.0,6,rtn,1,1800,0.007278961173957485
10.0,6,rtn,1,1825,0.007278961173957485
10.0,6,rtn,1,1850,0.007278961173957485
10.0,6,rtn,1,1875,0.007278961173957485
10.0,6,rtn,1,1900,0.007278961173957485
10.0,6,rtn,1,1925,0.007278961173957485
10.0,6,rtn,1,1950,0.007278961173957485
10.0,6,rtn,1,1975,0.007278961173957485
10.0,6,rtn,1,2000,0.007278961173957485
10.0,6,rtn,1,2025,0.007278961173957485
10.0,6,rtn,1,2050,0.007278961173957485
10.0,6,rtn,1,2075,0.007278961173957485
10.0,6,rtn,1,2100,0.007278961173957485
10.0,6,rtn,1,2125,0.007278961173957485
10.0,6,rtn,1,2150,0.007278961173957485
10.0,6,rtn,1,2175,0.007278961173957485
10.0,6,rtn,1,2200,0.007278961173957485
10.0,6,rtn,1,2225,0.007278961173957485
10.0,6,rtn,1,2250,0.007278961173957485
10.0,6,rtn,1,2275,0.007278961173957485
10.0,6,rtn,1,2300,0.007278961173957485
10.0,6,rtn,1,2325,0.007278961173957485
10.0,6,rtn,1,2350,0.007278961173957485
10.0,6,rtn,1,2375,0.007278961173957485
10.0,6,rtn,1,2400,0.007278961173957485
10.0,6,rtn,1,2425,0.007278961173957485
10.0,6,rtn,1,2450,0.007278961173957485
10.0,6,rtn,1,2475,0.007278961173957485
10.0,6,rtn,1,2500,0.007278961173957485
10.0,6,rtn,1,2525,0.007278961173957485
10.0,6,rtn,1,2550,0.007278961173957485
10.0,6,rtn,1,2575,0.007278961173957485
10.0,6,rtn,1,2600,0.007278961173957485
10.0,6,rtn,1,2625,0.007278961173957485
10.0,6,rtn,1,2650,0.007278961173957485
10.0,6,rtn,1,2675,0.007278961173957485
10.0,6,rtn,1,2700,0.007278961173957485
10.0,6,rtn,1,2725,0.007278961173957485
10.0,6,rtn,1,2750,0.007278961173957485
10.0,6,rtn,1,2775,0.007278961173957485
10.0,6,rtn,1,2800,0.007278961173957485
10.0,6,rtn,1,2825,0.007278961173957485
10.0,6,rtn,1,2850,0.007278961173957485
10.0,6,rtn,1,2875,0.007278961173957485
10.0,6,rtn,1,2900,0.007278961173957485
10.0,6,rtn,1,2925,0.007278961173957485
10.0,6,rtn,1,2950,0.007278961173957485
10.0,6,rtn,1,2975,0.007278961173957485
10.0,6,rtn,1,2999,0.007278961173957485
10.0,6,rtn,2,0,0.22661224448387093
10.0,6,rtn,2,25,0.007278961173957485
10.0,6,rtn,2,50,0.007278961173957485
10.0,6,rtn,2,75,0.007278961173957485
10.0,6,rtn,2,100,0.007278961173957485
10.0,6,rtn,2,125,0.007278961173957485
10.0,6,rtn,2,150,0.007278961173957485
10.0,6,rtn,2,175,0.007278961173957485
10.0,6,rtn,2,200,0.007278961173957485
10.0,6,rtn,2,225,0.007278961173957485
10.0,6,rtn,2,250,0.007278961173957485
10.0,6,rtn,2,275,0.007278961173957485
10.0,6,rtn,2,300,0.007278961173957485
10.0,6,rtn,2,325,0.007278961173957485
10.0,6,rtn,2,350,0.007278961173957485
10.0,6,rtn,2,375,0.007278961173957485
10.0,6,rtn,2,400,0.007278961173957485
10.0,6,rtn,2,425,0.007278961173957485
10.0,6,rtn,2,450,0.007278961173957485
10.0,6,rtn,2,475,0.007278961173957485
10.0,6,rtn,2,500,0.007278961173957485
10.0,6,rtn,2,525,0.007278961173957485
10.0,6,rtn,2,550,0.007278961173957485
10.0,6,rtn,2,575,0.007278961173957485
10.0,6,rtn,2,600,0.007278961173957485
10.0,6,rtn,2,625,0.007278961173957485
10.0,6,rtn,2,650,0.007278961173957485
10.0,6,rtn,2,675,0.007278961173957485
10.0,6,rtn,2,700,0.007278961173957485
10.0,6,rtn,2,725,0.007278961173957485
10.0,6,rtn,2,750,0.007278961173957485
10.0,6,rtn,2,775,0.007278961173957485
10.0,6,rtn,2,800,0.007278961173957485
10.0,6,rtn,2,825,0.007278961173957485
10.0,6,rtn,2,850,0.007278961173957485
10.0,6,rtn,2,875,0.007278961173957485
10.0,6,rtn,2,900,0.007278961173957485
10.0,6,rtn,2,925,0.007278961173957485
10.0,6,rtn,2,950,0.007278961173957485
10.0,6,rtn,2,975,0.007278961173957485
10.0,6,rtn,2,1000,0.007278961173957485
10.0,6,rtn,2,1025,0.007278961173957485
10.0,6,rtn,2,1050,0.007278961173957485
10.0,6,rtn,2,1075,0.007278961173957485
10.0,6,rtn,2,1100,0.007278961173957485
10.0,6,rtn,2,1125,0.007278961173957485
10.0,6,rtn,2,1150,0.007278961173957485
10.0,6,rtn,2,1175,0.007278961173957485
10.0,6,rtn,2,1200,0.007278961173957485
10.0,6,rtn,2,1225,0.007278961173957485
10.0,6,rtn,2,1250,0.007278961173957485
10.0,6,rtn,2,1275,0.007278961173957485
10.0,6,rtn,2,1300,0.007278961173957485
10.0,6,rtn,2,1325,0.007278961173957485
10.0,6,rtn,2,1350,0.007278961173957485
10.0,6,rtn,2,1375,0.007278961173957485
10.0,6,rtn,2,1400,0.007278961173957485
10.0,6,rtn,2,1425,0.007278961173957485
10.0,6,rtn,2,1450,0.007278961173957485
10.0,6,rtn,2,1475,0.007278961173957485
10.0,6,rtn,2,1500,0.007278961173957485
10.0,6,rtn,2,1525,0.007278961173957485
10.0,6,rtn,2,1550,0.007278961173957485
10.0,6,rtn,2,1575,0.007278961173957485
10.0,6,rtn,2,1600,0.007278961173957485
10.0,6,rtn,2,1625,0.007278961173957485
10.0,6,rtn,2,1650,0.007278961173957485
10.0,6,rtn,2,1675,0.007278961173957485
10.0,6,rtn,2,1700,0.007278961173957485
10.0,6,rtn,2,1725,0.007278961173957485
10.0,6,rtn,2,1750,0.007278961173957485
10.0,6,rtn,2,1775,0.007278961173957485
10.0,6,rtn,2,1800,0.007278961173957485
10.0,6,rtn,2,1825,0.007278961173957485
10.0,6,rtn,2,1850,0.007278961173957485
10.0,6,rtn,2,1875,0.007278961173957485
10.0,6,rtn,2,1900,0.007278961173957485
10.0,6,rtn,2,1925,0.007278961173957485
10.0,6,rtn,2,1950,0.007278961173957485
10.0,6,rtn,2,1975,0.007278961173957485
10.0,6,rtn,2,2000,0.007278961173957485
10.0,6,rtn,2,2025,0.007278961173957485
10.0,6,rtn,2,2050,0.007278961173957485
10.0,6,rtn,2,2075,0.007278961173957485
10.0,6,rtn,2,2100,0.007278961173957485
10.0,6,rtn,2,2125,0.007278961173957485
10.0,6,rtn,2,2150,0.007278961173957485
10.0,6,rtn,2,2175,0.007278961173957485
10.0,6,rtn,2,2200,0.007278961173957485
10.0,6,rtn,2,2225,0.007278961173957485
10.0,6,rtn,2,2250,0.007278961173957485
10.0,6,rtn,2,2275,0.007278961173957485
10.0,6,rtn,2,2300,0.007278961173957485
10.0,6,rtn,2,2325,0.007278961173957485
10.0,6,rtn,2,2350,0.007278961173957485
10.0,6,rtn,2,2375,0.007278961173957485
10.0,6,rtn,2,2400,0.007278961173957485
10.0,6,rtn,2,2425,0.007278961173957485
10.0,6,rtn,2,2450,0.007278961173957485
10.0,6,rtn,2,2475,0.007278961173957485
10.0,6,rtn,2,2500,0.007278961173957485
10.0,6,rtn,2,2525,0.007278961173957485
10.0,6,rtn,2,2550,0.007278961173957485
10.0,6,rtn,2,2575,0.007278961173957485
10.0,6,rtn,2,2600,0.007278961173957485
10.0,6,rtn,2,2625,0.007278961173957485
10.0,6,rtn,2,2650,0.007278961173957485
10.0,6,rtn,2,2675,0.007278961173957485
10.0,6,rtn,2,2700,0.007278961173957485
10.0,6,rtn,2,2725,0.007278961173957485
10.0,6,rtn,2,2750,0.007278961173957485
10.0,6,rtn,2,2775,0.007278961173957485
10.0,6,rtn,2,2800,0.007278961173957485
10.0,6,rtn,2,2825,0.007278961173957485
10.0,6,rtn,2,2850,0.007278961173957485
10.0,6,rtn,2,2875,0.007278961173957485
10.0,6,rtn,2,2900,0.007278961173957485
10.0,6,rtn,2,2925,0.007278961173957485
10.0,6,rtn,2,2950,0.007278961173957485
10.0,6,rtn,2,2975,0.007278961173957485
10.0,6,rtn,2,2999,0.007278961173957485
10.0,6,sr,0,0,0.2318363028624835
10.0,6,sr,0,25,0.01562450521444851
10.0,6,sr,0,50,0.016349175349023512
10.0,6,sr,0,75,0.016469163469399195
10.0,6,sr,0,100,0.016341201651642198
10.0,6,sr,0,125,0.016248463858642287
10.0,6,sr,0,150,0.015668891651371978
10.0,6,sr,0,175,0.017538636675918103
10.0,6,sr,0,200,0.015022100388936666
10.0,6,sr,0,225,0.016945534011578934
10.0,6,sr,0,250,0.016554210427188527
10.0,6,sr,0,275,0.01556931347134161
10.0,6,sr,0,300,0.018760068525012295
10.0,6,sr,0,325,0.016388027430496985
10.0,6,sr,0,350,0.016790599500886332
10.0,6,sr,0,375,0.01662774600423254
10.0,6,sr,0,400,0.01688125738134363
10.0,6,sr,0,425,0.016478518125025498
10.0,6,sr,0,450,0.018030404510279187
10.0,6,sr,0,475,0.016702918873357755
10.0,6,sr,0,500,0.014961579646299732
10.0,6,sr,0,525,0.016324302595467664
10.0,6,sr,0,550,0.015585519476508708
10.0,6,sr,0,575,0.017418257352569938
10.0,6,sr,0,600,0.016507474544351773
10.0,6,sr,0,625,0.015927265772904032
10.0,6,sr,0,650,0.015294861245304192
10.0,6,sr,0,675,0.01702958526447874
10.0,6,sr,0,700,0.016045214868709894
10.0,6,sr,0,725,0.016568431198869266
10.0,6,sr,0,750,0.016115797060330832
10.0,6,sr,0,775,0.016808175745815425
10.0,6,sr,0,800,0.01574134901502029
10.0,6,sr,0,825,0.015086803088628328
10.0,6,sr,0,850,0.017182461918278928
10.0,6,sr,0,875,0.016361160418389257
10.0,6,sr,0,900,0.01600981427522946
10.0,6,sr,0,925,0.01638657408270658
10.0,6,sr,0,950,0.016767415805696018
10.0,6,sr,0,975,0.01606328703373545
10.0,6,sr,0,1000,0.017572196792589333
10.0,6,sr,0,1025,0.01629413901658644
10.0,6,sr,0,1050,0.01630476799715346
10.0,6,sr,0,1075,0.016748648465752393
10.0,6,sr,0,1100,0.015748608090816907
10.0,6,sr,0,1125,0.016614775045374217
10.0,6,sr,0,1150,0.015868946851728093
10.0,6,sr,0,1175,0.01680933503580703
10.0,6,sr,0,1200,0.015496033153225203
10.0,6,sr,0,1225,0.016612437992679578
10.0,6,sr,0,1250,0.01695246811780153
10.0,6,sr,0,1275,0.016314696592668904
10.0,6,sr,0,1300,0.01580729841476404
10.0,6,sr,0,1325,0.01776693464207875
10.0,6,sr,0,1350,0.017012133587692917
10.0,6,sr,0,1375,0.01605549432269068
10.0,6,sr,0,1400,0.015073561109590069
10.0,6,sr,0,1425,0.016727158366338486
10.0,6,sr,0,1450,0.014742604975498537
10.0,6,sr,0,1475,0.015887558278363148
10.0,6,sr,0,1500,0.014778953145793913
10.0,6,sr,0,1525,0.01694248368852132
10.0,6,sr,0,1550,0.015509243397987081
10.0,6,sr,0,1575,0.01664525227675969
10.0,6,sr,0,1600,0.01841593404041133
10.0,6,sr,0,1625,0.01658992307172645
10.0,6,sr,0,1650,0.01646844833994302
10.0,6,sr,0,1675,0.015389376447905322
10.0,6,sr,0,1700,0.018033239573825684
10.0,6,sr,0,1725,0.015176501026193957
10.0,6,sr,0,1750,0.017584854803110055
10.0,6,sr,0,1775,0.015132297171709249
10.0,6,sr,0,1800,0.016434325039405555
10.0,6,sr,0,1825,0.016404876828061896
10.0,6,sr,0,1850,0.015304856658970004
10.0,6,sr,0,1875,0.015639335744313972
10.0,6,sr,0,1900,0.015156750443931943
10.0,6,sr,0,1925,0.01683880946182391
10.0,6,sr,0,1950,0.017931185989062428
10.0,6,sr,0,1975,0.017172332139448437
10.0,6,sr,0,2000,0.014952075588554048
10.0,6,sr,0,2025,0.01620755714111275
10.0,6,sr,0,2050,0.015411100448780182
10.0,6,sr,0,2075,0.01559063264115976
10.0,6,sr,0,2100,0.01629274941060857
10.0,6,sr,0,2125,0.01783497916393466
10.0,6,sr,0,2150,0.017398829974367386
10.0,6,sr,0,2175,0.01611006816103243
10.0,6,sr,0,2200,0.015203775817849555
10.0,6,sr,0,2225,0.01578497893538868
10.0,6,sr,0,2250,0.016151271005496893
10.0,6,sr,0,2275,0.016100552870526693
10.0,6,sr,0,2300,0.017594789179407305
10.0,6,sr,0,2325,0.017687198622365778
10.0,6,sr,0,2350,0.017121759528913472
10.0,6,sr,0,2375,0.017796032675658324
10.0,6,sr,0,2400,0.015661041637746665
10.0,6,sr,0,2425,0.015543204519213797
10.0,6,sr,0,2450,0.01726651747525788
10.0,6,sr,0,2475,0.015232175230160154
10.0,6,sr,0,2500,0.014525044252213083
10.0,6,sr,0,2525,0.01608693381219847
10.0,6,sr,0,2550,0.01622842650702507
10.0,6,sr,0,2575,0.018363565194323875
10.0,6,sr,0,2600,0.015081588120733418
10.0,6,sr,0,2625,0.014067945611821401
10.0,6,sr,0,2650,0.015809354540679214
10.0,6,sr,0,2675,0.01735873611084858
10.0,6,sr,0,2700,0.01595798405519239
10.0,6,sr,0,2725,0.016625501701603304
10.0,6,sr,0,2750,0.01589476792659662
10.0,6,sr,0,2775,0.017495123796338698
10.0,6,sr,0,2800,0.01623384424434589
10.0,6,sr,0,2825,0.015680013907676225
10.0,6,sr,0,2850,0.01739875119170976
10.0,6,sr,0,2875,0.015867540970856298
10.0,6,sr,0,2900,0.015121592212188655
10.0,6,sr,0,2925,0.01421623194189063
10.0,6,sr,0,2950,0.016107689652816927
10.0,6,sr,0,2975,0.017444619809691166
10.0,6,sr,0,2999,0.014651173880855529
10.0,6,sr,1,0,0.23132213952006925
10.0,6,sr,1,25,0.015109405420902538
10.0,6,sr,1,50,0.014702035304783588
10.0,6,sr,1,75,0.015854053194147556
10.0,6,sr,1,100,0.019849008659825983
10.0,6,sr,1,125,0.01689689282409904
10.0,6,sr,1,150,0.015790896001894678
10.0,6,sr,1,175,0.017718618995808285
10.0,6,sr,1,200,0.01617714561306352
10.0,6,sr,1,225,0.013972472560103536
10.0,6,sr,1,250,0.0179971888813197
10.0,6,sr,1,275,0.014794159343941545
10.0,6,sr,1,300,0.016242462677814255
10.0,6,sr,1,325,0.017318004225734183
10.0,6,sr,1,350,0.016346248499115458
10.0,6,sr,1,375,0.016718139501326355
10.0,6,sr,1,400,0.015964728722995248
10.0,6,sr,1,425,0.015983875426128284
10.0,6,sr,1,450,0.018425849124654843
10.0,6,sr,1,475,0.016372163234344345
10.0,6,sr,1,500,0.015901855258521835
10.0,6,sr,1,525,0.01567678412105443
10.0,6,sr,1,550,0.01738258444713163
10.0,6,sr,1,575,0.016898485609336017
10.0,6,sr,1,600,0.01622475596055385
10.0,6,sr,1,625,0.014910798248666545
10.0,6,sr,1,650,0.015971412979278947
10.0,6,sr,1,675,0.01617407371322824
10.0,6,sr,1,700,0.015024494612243523
10.0,6,sr,1,725,0.014668807417275564
10.0,6,sr,1,750,0.01611372620206879
10.0,6,sr,1,775,0.01753460432514845
10.0,6,sr,1,800,0.016468113169207214
10.0,6,sr,1,825,0.017035073235737663
10.0,6,sr,1,850,0.01645919469820817
10.0,6,sr,1,875,0.016514352813862702
10.0,6,sr,1,900,0.015969787540869623
10.0,6,sr,1,925,0.01545031353568683
10.0,6,sr,1,950,0.015027917684683999
10.0,6,sr,1,975,0.016776235635096243
10.0,6,sr,1,1000,0.017042982503269896
10.0,6,sr,1,1025,0.01705707958049914
10.0,6,sr,1,1050,0.01610823320309796
10.0,6,sr,1,1075,0.015562045441678446
10.0,6,sr,1,1100,0.017336288930452512
10.0,6,sr,1,1125,0.015074212734245388
10.0,6,sr,1,1150,0.016558941208087888
10.0,6,sr,1,1175,0.01930778923464729
10.0,6,sr,1,1200,0.018032607408825178
10.0,6,sr,1,1225,0.01678881440729682
10.0,6,sr,1,1250,0.017240534712603964
10.0,6,sr,1,1275,0.01769427719620214
10.0,6,sr,1,1300,0.017178453928244887
10.0,6,sr,1,1325,0.01698796482881198
10.0,6,sr,1,1350,0.014677326935881195
10.0,6,sr,1,1375,0.016410235157343522
10.0,6,sr,1,1400,0.01643910827925623
10.0,6,sr,1,1425,0.015500030898955063
10.0,6,sr,1,1450,0.01667894976036158
10.0,6,sr,1,1475,0.016923213977615075
10.0,6,sr,1,1500,0.015335518175485483
10.0,6,sr,1,1525,0.01649736178444629
10.0,6,sr,1,1550,0.016988993260644784
10.0,6,sr,1,1575,0.016387462176111693
10.0,6,sr,1,1600,0.016053482212369206
10.0,6,sr,1,1625,0.017408011360685805
10.0,6,sr,1,1650,0.01592688579539535
10.0,6,sr,1,1675,0.014938474373192127
10.0,6,sr,1,1700,0.016478781483695127
10.0,6,sr,1,1725,0.016574949722912798
10.0,6,sr,1,1750,0.01564736282850687
10.0,6,sr,1,1775,0.01511241141320811
10.0,6,sr,1,1800,0.014649489371276575
10.0,6,sr,1,1825,0.017598299901963
10.0,6,sr,1,1850,0.0170673494627869
10.0,6,sr,1,1875,0.016471996131799976
10.0,6,sr,1,1900,0.015759823992329416
10.0,6,sr,1,1925,0.016945266700177614
10.0,6,sr,1,1950,0.01673507461013705
10.0,6,sr,1,1975,0.01617618900726992
10.0,6,sr,1,2000,0.016733072965028795
10.0,6,sr,1,2025,0.01659537654380648
10.0,6,sr,1,2050,0.017105769806163535
10.0,6,sr,1,2075,0.015796729268631335
10.0,6,sr,1,2100,0.017180627137003735
10.0,6,sr,1,2125,0.016393708595401173
10.0,6,sr,1,2150,0.015227585536535948
10.0,6,sr,1,2175,0.016283161361770448
10.0,6,sr,1,2200,0.01614928361173143
10.0,6,sr,1,2225,0.017527767367734155
10.0,6,sr,1,2250,0.017073527797743536
10.0,6,sr,1,2275,0.015656270623480514
10.0,6,sr,1,2300,0.015138920205020962
10.0,6,sr,1,2325,0.016434629683260524
10.0,6,sr,1,2350,0.01493663094484036
10.0,6,sr,1,2375,0.015249906204237492
10.0,6,sr,1,2400,0.015347341462089225
10.0,6,sr,1,2425,0.015650722670511402
10.0,6,sr,1,2450,0.015081872059708885
10.0,6,sr,1,2475,0.01435123877385868
10.0,6,sr,1,2500,0.01577031150190046
10.0,6,sr,1,2525,0.016918235864758154
10.0,6,sr,1,2550,0.016448771717722695
10.0,6,sr,1,2575,0.016504212210330674
10.0,6,sr,1,2600,0.016025731442982347
10.0,6,sr,1,2625,0.015185006713076743
10.0,6,sr,1,2650,0.01568983986875814
10.0,6,sr,1,2675,0.017247870723722743
10.0,6,sr,1,2700,0.015250759574048601
10.0,6,sr,1,2725,0.017627934410875547
10.0,6,sr,1,2750,0.016289568173631076
10.0,6,sr,1,2775,0.014868756353071987
10.0,6,sr,1,2800,0.017327556146572092
10.0,6,sr,1,2825,0.01607076964376695
10.0,6,sr,1,2850,0.015329268714586316
10.0,6,sr,1,2875,0.01826399212610316
10.0,6,sr,1,2900,0.015195067715123795
10.0,6,sr,1,2925,0.01694913908001732
10.0,6,sr,1,2950,0.017626075806531572
10.0,6,sr,1,2975,0.017484244799158836
10.0,6,sr,1,2999,0.015508200323751067
10.0,6,sr,2,0,0.2307022274213169
10.0,6,sr,2,25,0.015898451834053556
10.0,6,sr,2,50,0.016203331507611673
10.0,6,sr,2,75,0.017209253076966868
10.0,6,sr,2,100,0.01586066013251725
10.0,6,sr,2,125,0.015945205044652782
10.0,6,sr,2,150,0.016798476774572548
10.0,6,sr,2,175,0.015602517360647045
10.0,6,sr,2,200,0.015049516509116779
10.0,6,sr,2,225,0.017691433789106537
10.0,6,sr,2,250,0.016463721607648515
10.0,6,sr,2,275,0.017509870437404512
10.0,6,sr,2,300,0.016099907261201907
10.0,6,sr,2,325,0.015345720536021491
10.0,6,sr,2,350,0.01607040075949456
10.0,6,sr,2,375,0.017170541374154198
10.0,6,sr,2,400,0.01602801737863192
10.0,6,sr,2,425,0.0167685468941559
10.0,6,sr,2,450,0.016285982556810127
10.0,6,sr,2,475,0.015102788614555591
10.0,6,sr,2,500,0.015090302531973398
10.0,6,sr,2,525,0.0164692743553855
10.0,6,sr,2,550,0.017248137827028956
10.0,6,sr,2,575,0.014569348873964945
10.0,6,sr,2,600,0.017508064077544436
10.0,6,sr,2,625,0.018280407997471347
10.0,6,sr,2,650,0.015923703678361822
10.0,6,sr,2,675,0.01623292122855457
10.0,6,sr,2,700,0.0160930439774954
10.0,6,sr,2,725,0.0177867326961454
10.0,6,sr,2,750,0.015997119480939015
10.0,6,sr,2,775,0.01423030719959399
10.0,6,sr,2,800,0.015589249540946091
10.0,6,sr,2,825,0.015992282143892582
10.0,6,sr,2,850,0.01517903027549563
10.0,6,sr,2,875,0.015545758903629291
10.0,6,sr,2,900,0.015744452401581687
10.0,6,sr,2,925,0.016800915990884985
10.0,6,sr,2,950,0.01509218838245552
10.0,6,sr,2,975,0.015668100586607947
10.0,6,sr,2,1000,0.015823224446836526
10.0,6,sr,2,1025,0.015334254009475847
10.0,6,sr,2,1050,0.017089118880649724
10.0,6,sr,2,1075,0.01608924692367875
10.0,6,sr,2,1100,0.016345922101314844
10.0,6,sr,2,1125,0.017426413325218163
10.0,6,sr,2,1150,0.01627474941702774
10.0,6,sr,2,1175,0.015607549494771713
10.0,6,sr,2,1200,0.015623250462710596
10.0,6,sr,2,1225,0.014500624887392967
10.0,6,sr,2,1250,0.015338550539065434
10.0,6,sr,2,1275,0.017774954161201274
10.0,6,sr,2,1300,0.017264758411895356
10.0,6,sr,2,1325,0.016027040297776914
10.0,6,sr,2,1350,0.016028533852221916
10.0,6,sr,2,1375,0.017086318125974997
10.0,6,sr,2,1400,0.01480551180695305
10.0,6,sr,2,1425,0.017047718803722134
10.0,6,sr,2,1450,0.016451660126339827
10.0,6,sr,2,1475,0.015642123945129958
10.0,6,sr,2,1500,0.01713823056131555
10.0,6,sr,2,1525,0.01649728454576872
10.0,6,sr,2,1550,0.016632400185113767
10.0,6,sr,2,1575,0.017438175194293998
10.0,6,sr,2,1600,0.017302904901507623
10.0,6,sr,2,1625,0.014760913307426335
10.0,6,sr,2,1650,0.016158732868507174
10.0,6,sr,2,1675,0.016061110291061987
10.0,6,sr,2,1700,0.017386454956046536
10.0,6,sr,2,1725,0.015463695192941912
10.0,6,sr,2,1750,0.01719265532685851
10.0,6,sr,2,1775,0.01566326667625196
10.0,6,sr,2,1800,0.015999282986751562
10.0,6,sr,2,1825,0.01530993711069163
10.0,6,sr,2,1850,0.016737199141879648
10.0,6,sr,2,1875,0.01709780845155984
10.0,6,sr,2,1900,0.014576682711780803
10.0,6,sr,2,1925,0.016030039778217608
10.0,6,sr,2,1950,0.01629519844793227
10.0,6,sr,2,1975,0.014703663557013802
10.0,6,sr,2,2000,0.016016863633655957
10.0,6,sr,2,2025,0.017303701787864837
10.0,6,sr,2,2050,0.015946908790001803
10.0,6,sr,2,2075,0.017228925120287297
10.0,6,sr,2,2100,0.015566097100745283
10.0,6,sr,2,2125,0.01638585801324981
10.0,6,sr,2,2150,0.01468481819418875
10.0,6,sr,2,2175,0.01719389600689239
10.0,6,sr,2,2200,0.0162843301277935
10.0,6,sr,2,2225,0.0160684243093418
10.0,6,sr,2,2250,0.017884136961876417
10.0,6,sr,2,2275,0.01733767241918198
10.0,6,sr,2,2300,0.016458510946873815
10.0,6,sr,2,2325,0.016567591293951005
10.0,6,sr,2,2350,0.015334912211276015
10.0,6,sr,2,2375,0.01841957143237747
10.0,6,sr,2,2400,0.015039846992864404
10.0,6,sr,2,2425,0.015356896323906388
10.0,6,sr,2,2450,0.01750563528716796
10.0,6,sr,2,2475,0.015424175285811475
10.0,6,sr,2,2500,0.016477053192036125
10.0,6,sr,2,2525,0.015048935122770512
10.0,6,sr,2,2550,0.01571118286675571
10.0,6,sr,2,2575,0.01602741366959249
10.0,6,sr,2,2600,0.01804709836237168
10.0,6,sr,2,2625,0.01775887440224202
10.0,6,sr,2,2650,0.016199597006010716
10.0,6,sr,2,2675,0.01722104674724087
10.0,6,sr,2,2700,0.01654102671586036
10.0,6,sr,2,2725,0.018063455798882157
10.0,6,sr,2,2750,0.016648043760350468
10.0,6,sr,2,2775,0.015739385883321487
10.0,6,sr,2,2800,0.016480910085372356
10.0,6,sr,2,2825,0.01480466286257122
10.0,6,sr,2,2850,0.01740764830548362
10.0,6,sr,2,2875,0.017135711071319264
10.0,6,sr,2,2900,0.014863281925847634
10.0,6,sr,2,2925,0.015293800467398866
10.0,6,sr,2,2950,0.01674442216943149
10.0,6,sr,2,2975,0.01548356045752782
10.0,6,sr,2,2999,0.014429474922163612
10.0,6,ef,0,0,0.22661224448387093
10.0,6,ef,0,25,0.019829780069394398
10.0,6,ef,0,50,0.020718696574292064
10.0,6,ef,0,75,0.020916352333284406
10.0,6,ef,0,100,0.018645252216649727
10.0,6,ef,0,125,0.019399345219582108
10.0,6,ef,0,150,0.018009989339874983
10.0,6,ef,0,175,0.020023864971267305
10.0,6,ef,0,200,0.02039813075796638
10.0,6,ef,0,225,0.019997441970269796
10.0,6,ef,0,250,0.018717223674143295
10.0,6,ef,0,275,0.016717579418058993
10.0,6,ef,0,300,0.018346464976268677
10.0,6,ef,0,325,0.01810675181183043
10.0,6,ef,0,350,0.016823378699988806
10.0,6,ef,0,375,0.02036730352003145
10.0,6,ef,0,400,0.017830031348113652
10.0,6,ef,0,425,0.018210849062975848
10.0,6,ef,0,450,0.021448964339491706
10.0,6,ef,0,475,0.018767881004512255
10.0,6,ef,0,500,0.01880316232505611
10.0,6,ef,0,525,0.01811029409510403
10.0,6,ef,0,550,0.01805773784438808
10.0,6,ef,0,575,0.018483354535783286
10.0,6,ef,0,600,0.022092690761637595
10.0,6,ef,0,625,0.019535500443642682
10.0,6,ef,0,650,0.019420405781916672
10.0,6,ef,0,675,0.018844820793408528
10.0,6,ef,0,700,0.01919418843955922
10.0,6,ef,0,725,0.019360877124204097
10.0,6,ef,0,750,0.01931546822447411
10.0,6,ef,0,775,0.017286820378771457
10.0,6,ef,0,800,0.01930103069197877
10.0,6,ef,0,825,0.020747436648056176
10.0,6,ef,0,850,0.019846091182309965
10.0,6,ef,0,875,0.019274315244028506
10.0,6,ef,0,900,0.017482275495913198
10.0,6,ef,0,925,0.01697200316145696
10.0,6,ef,0,950,0.019813491816357533
10.0,6,ef,0,975,0.018514941740105057
10.0,6,ef,0,1000,0.01983545460152346
10.0,6,ef,0,1025,0.017506384813028193
10.0,6,ef,0,1050,0.017450841020613297
10.0,6,ef,0,1075,0.017713875153839233
10.0,6,ef,0,1100,0.02025554017490089
10.0,6,ef,0,1125,0.018416274756529443
10.0,6,ef,0,1150,0.020898649640025472
10.0,6,ef,0,1175,0.02086726614445148
10.0,6,ef,0,1200,0.019611333733811166
10.0,6,ef,0,1225,0.01960114798427822
10.0,6,ef,0,1250,0.017105100568310744
10.0,6,ef,0,1275,0.018663376186436466
10.0,6,ef,0,1300,0.01883703221390937
10.0,6,ef,0,1325,0.019090351844317104
10.0,6,ef,0,1350,0.017464885084509624
10.0,6,ef,0,1375,0.01822818958536281
10.0,6,ef,0,1400,0.017563178838473918
10.0,6,ef,0,1425,0.018071965142398654
10.0,6,ef,0,1450,0.021324278070450408
10.0,6,ef,0,1475,0.019872988118659077
10.0,6,ef,0,1500,0.01774241307458008
10.0,6,ef,0,1525,0.018281440003013197
10.0,6,ef,0,1550,0.020489258582413405
10.0,6,ef,0,1575,0.018615422382579187
10.0,6,ef,0,1600,0.017941840982663847
10.0,6,ef,0,1625,0.016485678613950602
10.0,6,ef,0,1650,0.018231925901901792
10.0,6,ef,0,1675,0.021147491980857372
10.0,6,ef,0,1700,0.020570213448718642
10.0,6,ef,0,1725,0.019379107986938114
10.0,6,ef,0,1750,0.01953978548201817
10.0,6,ef,0,1775,0.01795339175640932
10.0,6,ef,0,1800,0.020237842603522193
10.0,6,ef,0,1825,0.017705041849006602
10.0,6,ef,0,1850,0.020928113648908127
10.0,6,ef,0,1875,0.01829585281742653
10.0,6,ef,0,1900,0.017621055620209002
10.0,6,ef,0,1925,0.01988988608833638
10.0,6,ef,0,1950,0.018672161560668858
10.0,6,ef,0,1975,0.019317455682871427
10.0,6,ef,0,2000,0.01798326601054183
10.0,6,ef,0,2025,0.017608664272956084
10.0,6,ef,0,2050,0.020184287315808954
10.0,6,ef,0,2075,0.021341944376995155
10.0,6,ef,0,2100,0.018434492271527703
10.0,6,ef,0,2125,0.019109524959352975
10.0,6,ef,0,2150,0.02017259900140734
10.0,6,ef,0,2175,0.01805144248383637
10.0,6,ef,0,2200,0.019139189221088662
10.0,6,ef,0,2225,0.020662111231439552
10.0,6,ef,0,2250,0.019787519924597787
10.0,6,ef,0,2275,0.01996446838878982
10.0,6,ef,0,2300,0.018651100137582057
10.0,6,ef,0,2325,0.02033230892212035
10.0,6,ef,0,2350,0.016545599929786867
10.0,6,ef,0,2375,0.018811390550383986
10.0,6,ef,0,2400,0.02012047762097157
10.0,6,ef,0,2425,0.020853851561745188
10.0,6,ef,0,2450,0.01952428117912728
10.0,6,ef,0,2475,0.017161439847715475
10.0,6,ef,0,2500,0.022271691773266305
10.0,6,ef,0,2525,0.02035506881890771
10.0,6,ef,0,2550,0.02123928273137834
10.0,6,ef,0,2575,0.020348940297172352
10.0,6,ef,0,2600,0.018613897206764336
10.0,6,ef,0,2625,0.021124895838100205
10.0,6,ef,0,2650,0.01933701386216633
10.0,6,ef,0,2675,0.019558777220660056
10.0,6,ef,0,2700,0.019219524371550833
10.0,6,ef,0,2725,0.019667685675925077
10.0,6,ef,0,2750,0.018659633984004442
10.0,6,ef,0,2775,0.01729917570067599
10.0,6,ef,0,2800,0.019900135250843196
10.0,6,ef,0,2825,0.018815053759653654
10.0,6,ef,0,2850,0.01848875334294687
10.0,6,ef,0,2875,0.018576769750252634
10.0,6,ef,0,2900,0.019989534699832865
10.0,6,ef,0,2925,0.019185364036422927
10.0,6,ef,0,2950,0.018658281978457227
10.0,6,ef,0,2975,0.019201912525929482
10.0,6,ef,0,2999,0.020895332029224105
10.0,6,ef,1,0,0.22661224448387093
10.0,6,ef,1,25,0.019829780069394398
10.0,6,ef,1,50,0.020718696574292064
10.0,6,ef,1,75,0.020916352333284406
10.0,6,ef,1,100,0.018645252216649727
10.0,6,ef,1,125,0.019399345219582108
10.0,6,ef,1,150,0.018009989339874983
10.0,6,ef,1,175,0.020023864971267305
10.0,6,ef,1,200,0.02039813075796638
10.0,6,ef,1,225,0.019997441970269796
10.0,6,ef,1,250,0.018717223674143295
10.0,6,ef,1,275,0.016717579418058993
10.0,6,ef,1,300,0.018346464976268677
10.0,6,ef,1,325,0.01810675181183043
10.0,6,ef,1,350,0.016823378699988806
10.0,6,ef,1,375,0.02036730352003145
10.0,6,ef,1,400,0.017830031348113652
10.0,6,ef,1,425,0.018210849062975848
10.0,6,ef,1,450,0.021448964339491706
10.0,6,ef,1,475,0.018767881004512255
10.0,6,ef,1,500,0.01880316232505611
10.0,6,ef,1,525,0.01811029409510403
10.0,6,ef,1,550,0.01805773784438808
10.0,6,ef,1,575,0.018483354535783286
10.0,6,ef,1,600,0.022092690761637595
10.0,6,ef,1,625,0.019535500443642682
10.0,6,ef,1,650,0.019420405781916672
10.0,6,ef,1,675,0.018844820793408528
10.0,6,ef,1,700,0.01919418843955922
10.0,6,ef,1,725,0.019360877124204097
10.0,6,ef,1,750,0.01931546822447411
10.0,6,ef,1,775,0.017286820378771457
10.0,6,ef,1,800,0.01930103069197877
10.0,6,ef,1,825,0.020747436648056176
10.0,6,ef,1,850,0.019846091182309965
10.0,6,ef,1,875,0.019274315244028506
10.0,6,ef,1,900,0.017482275495913198
10.0,6,ef,1,925,0.01697200316145696
10.0,6,ef,1,950,0.019813491816357533
10.0,6,ef,1,975,0.018514941740105057
10.0,6,ef,1,1000,0.01983545460152346
10.0,6,ef,1,1025,0.017506384813028193
10.0,6,ef,1,1050,0.017450841020613297
10.0,6,ef,1,1075,0.017713875153839233
10.0,6,ef,1,1100,0.02025554017490089
10.0,6,ef,1,1125,0.018416274756529443
10.0,6,ef,1,1150,0.020898649640025472
10.0,6,ef,1,1175,0.02086726614445148
10.0,6,ef,1,1200,0.019611333733811166
10.0,6,ef,1,1225,0.01960114798427822
10.0,6,ef,1,1250,0.017105100568310744
10.0,6,ef,1,1275,0.018663376186436466
10.0,6,ef,1,1300,0.01883703221390937
10.0,6,ef,1,1325,0.019090351844317104
10.0,6,ef,1,1350,0.017464885084509624
10.0,6,ef,1,1375,0.01822818958536281
10.0,6,ef,1,1400,0.017563178838473918
10.0,6,ef,1,1425,0.018071965142398654
10.0,6,ef,1,1450,0.021324278070450408
10.0,6,ef,1,1475,0.019872988118659077
10.0,6,ef,1,1500,0.01774241307458008
10.0,6,ef,1,1525,0.018281440003013197
10.0,6,ef,1,1550,0.020489258582413405
10.0,6,ef,1,1575,0.018615422382579187
10.0,6,ef,1,1600,0.017941840982663847
10.0,6,ef,1,1625,0.016485678613950602
10.0,6,ef,1,1650,0.018231925901901792
10.0,6,ef,1,1675,0.021147491980857372
10.0,6,ef,1,1700,0.020570213448718642
10.0,6,ef,1,1725,0.019379107986938114
10.0,6,ef,1,1750,0.01953978548201817
10.0,6,ef,1,1775,0.01795339175640932
10.0,6,ef,1,1800,0.020237842603522193
10.0,6,ef,1,1825,0.017705041849006602
10.0,6,ef,1,1850,0.020928113648908127
10.0,6,ef,1,1875,0.01829585281742653
10.0,6,ef,1,1900,0.017621055620209002
10.0,6,ef,1,1925,0.01988988608833638
10.0,6,ef,1,1950,0.018672161560668858
10.0,6,ef,1,1975,0.019317455682871427
10.0,6,ef,1,2000,0.01798326601054183
10.0,6,ef,1,2025,0.017608664272956084
10.0,6,ef,1,2050,0.020184287315808954
10.0,6,ef,1,2075,0.021341944376995155
10.0,6,ef,1,2100,0.018434492271527703
10.0,6,ef,1,2125,0.019109524959352975
10.0,6,ef,1,2150,0.02017259900140734
10.0,6,ef,1,2175,0.01805144248383637
10.0,6,ef,1,2200,0.019139189221088662
10.0,6,ef,1,2225,0.020662111231439552
10.0,6,ef,1,2250,0.019787519924597787
10.0,6,ef,1,2275,0.01996446838878982
10.0,6,ef,1,2300,0.018651100137582057
10.0,6,ef,1,2325,0.02033230892212035
10.0,6,ef,1,2350,0.016545599929786867
10.0,6,ef,1,2375,0.018811390550383986
10.0,6,ef,1,2400,0.02012047762097157
10.0,6,ef,1,2425,0.020853851561745188
10.0,6,ef,1,2450,0.01952428117912728
10.0,6,ef,1,2475,0.017161439847715475
10.0,6,ef,1,2500,0.022271691773266305
10.0,6,ef,1,2525,0.02035506881890771
10.0,6,ef,1,2550,0.02123928273137834
10.0,6,ef,1,2575,0.020348940297172352
10.0,6,ef,1,2600,0.018613897206764336
10.0,6,ef,1,2625,0.021124895838100205
10.0,6,ef,1,2650,0.01933701386216633
10.0,6,ef,1,2675,0.019558777220660056
10.0,6,ef,1,2700,0.019219524371550833
10.0,6,ef,1,2725,0.019667685675925077
10.0,6,ef,1,2750,0.018659633984004442
10.0,6,ef,1,2775,0.01729917570067599
10.0,6,ef,1,2800,0.019900135250843196
10.0,6,ef,1,2825,0.018815053759653654
10.0,6,ef,1,2850,0.01848875334294687
10.0,6,ef,1,2875,0.018576769750252634
10.0,6,ef,1,2900,0.019989534699832865
10.0,6,ef,1,2925,0.019185364036422927
10.0,6,ef,1,2950,0.018658281978457227
10.0,6,ef,1,2975,0.019201912525929482
10.0,6,ef,1,2999,0.020895332029224105
10.0,6,ef,2,0,0.22661224448387093
10.0,6,ef,2,25,0.019829780069394398
10.0,6,ef,2,50,0.020718696574292064
10.0,6,ef,2,75,0.020916352333284406
10.0,6,ef,2,100,0.018645252216649727
10.0,6,ef,2,125,0.019399345219582108
10.0,6,ef,2,150,0.018009989339874983
10.0,6,ef,2,175,0.020023864971267305
10.0,6,ef,2,200,0.02039813075796638
10.0,6,ef,2,225,0.019997441970269796
10.0,6,ef,2,250,0.018717223674143295
10.0,6,ef,2,275,0.016717579418058993
10.0,6,ef,2,300,0.018346464976268677
10.0,6,ef,2,325,0.01810675181183043
10.0,6,ef,2,350,0.016823378699988806
10.0,6,ef,2,375,0.02036730352003145
10.0,6,ef,2,400,0.017830031348113652
10.0,6,ef,2,425,0.018210849062975848
10.0,6,ef,2,450,0.021448964339491706
10.0,6,ef,2,475,0.018767881004512255
10.0,6,ef,2,500,0.01880316232505611
10.0,6,ef,2,525,0.01811029409510403
10.0,6,ef,2,550,0.01805773784438808
10.0,6,ef,2,575,0.018483354535783286
10.0,6,ef,2,600,0.022092690761637595
10.0,6,ef,2,625,0.019535500443642682
10.0,6,ef,2,650,0.019420405781916672
10.0,6,ef,2,675,0.018844820793408528
10.0,6,ef,2,700,0.01919418843955922
10.0,6,ef,2,725,0.019360877124204097
10.0,6,ef,2,750,0.01931546822447411
10.0,6,ef,2,775,0.017286820378771457
10.0,6,ef,2,800,0.01930103069197877
10.0,6,ef,2,825,0.020747436648056176
10.0,6,ef,2,850,0.019846091182309965
10.0,6,ef,2,875,0.019274315244028506
10.0,6,ef,2,900,0.017482275495913198
10.0,6,ef,2,925,0.01697200316145696
10.0,6,ef,2,950,0.019813491816357533
10.0,6,ef,2,975,0.018514941740105057
10.0,6,ef,2,1000,0.01983545460152346
10.0,6,ef,2,1025,0.017506384813028193
10.0,6,ef,2,1050,0.017450841020613297
10.0,6,ef,2,1075,0.017713875153839233
10.0,6,ef,2,1100,0.02025554017490089
10.0,6,ef,2,1125,0.018416274756529443
10.0,6,ef,2,1150,0.020898649640025472
10.0,6,ef,2,1175,0.02086726614445148
10.0,6,ef,2,1200,0.019611333733811166
10.0,6,ef,2,1225,0.01960114798427822
10.0,6,ef,2,1250,0.017105100568310744
10.0,6,ef,2,1275,0.018663376186436466
10.0,6,ef,2,1300,0.01883703221390937
10.0,6,ef,2,1325,0.019090351844317104
10.0,6,ef,2,1350,0.017464885084509624
10.0,6,ef,2,1375,0.01822818958536281
10.0,6,ef,2,1400,0.017563178838473918
10.0,6,ef,2,1425,0.018071965142398654
10.0,6,ef,2,1450,0.021324278070450408
10.0,6,ef,2,1475,0.019872988118659077
10.0,6,ef,2,1500,0.01774241307458008
10.0,6,ef,2,1525,0.018281440003013197
10.0,6,ef,2,1550,0.020489258582413405
10.0,6,ef,2,1575,0.018615422382579187
10.0,6,ef,2,1600,0.017941840982663847
10.0,6,ef,2,1625,0.016485678613950602
10.0,6,ef,2,1650,0.018231925901901792
10.0,6,ef,2,1675,0.021147491980857372
10.0,6,ef,2,1700,0.020570213448718642
10.0,6,ef,2,1725,0.019379107986938114
10.0,6,ef,2,1750,0.01953978548201817
10.0,6,ef,2,1775,0.01795339175640932
10.0,6,ef,2,1800,0.020237842603522193
10.0,6,ef,2,1825,0.017705041849006602
10.0,6,ef,2,1850,0.020928113648908127
10.0,6,ef,2,1875,0.01829585281742653
10.0,6,ef,2,1900,0.017621055620209002
10.0,6,ef,2,1925,0.01988988608833638
10.0,6,ef,2,1950,0.018672161560668858
10.0,6,ef,2,1975,0.019317455682871427
10.0,6,ef,2,2000,0.01798326601054183
10.0,6,ef,2,2025,0.017608664272956084
10.0,6,ef,2,2050,0.020184287315808954
10.0,6,ef,2,2075,0.021341944376995155
10.0,6,ef,2,2100,0.018434492271527703
10.0,6,ef,2,2125,0.019109524959352975
10.0,6,ef,2,2150,0.02017259900140734
10.0,6,ef,2,2175,0.01805144248383637
10.0,6,ef,2,2200,0.019139189221088662
10.0,6,ef,2,2225,0.020662111231439552
10.0,6,ef,2,2250,0.019787519924597787
10.0,6,ef,2,2275,0.01996446838878982
10.0,6,ef,2,2300,0.018651100137582057
10.0,6,ef,2,2325,0.02033230892212035
10.0,6,ef,2,2350,0.016545599929786867
10.0,6,ef,2,2375,0.018811390550383986
10.0,6,ef,2,2400,0.02012047762097157
10.0,6,ef,2,2425,0.020853851561745188
10.0,6,ef,2,2450,0.01952428117912728
10.0,6,ef,2,2475,0.017161439847715475
10.0,6,ef,2,2500,0.022271691773266305
10.0,6,ef,2,2525,0.02035506881890771
10.0,6,ef,2,2550,0.02123928273137834
10.0,6,ef,2,2575,0.020348940297172352
10.0,6,ef,2,2600,0.018613897206764336
10.0,6,ef,2,2625,0.021124895838100205
10.0,6,ef,2,2650,0.01933701386216633
10.0,6,ef,2,2675,0.019558777220660056
10.0,6,ef,2,2700,0.019219524371550833
10.0,6,ef,2,2725,0.019667685675925077
10.0,6,ef,2,2750,0.018659633984004442
10.0,6,ef,2,2775,0.01729917570067599
10.0,6,ef,2,2800,0.019900135250843196
10.0,6,ef,2,2825,0.018815053759653654
10.0,6,ef,2,2850,0.01848875334294687
10.0,6,ef,2,2875,0.018576769750252634
10.0,6,ef,2,2900,0.019989534699832865
10.0,6,ef,2,2925,0.019185364036422927
10.0,6,ef,2,2950,0.018658281978457227
10.0,6,ef,2,2975,0.019201912525929482
10.0,6,ef,2,2999,0.020895332029224105
10.0,4,rtn,0,0,0.3174529348057185
10.0,4,rtn,0,25,0.12150068354024843
10.0,4,rtn,0,50,0.12150068354024843
10.0,4,rtn,0,75,0.12150068354024843
10.0,4,rtn,0,100,0.12150068354024843
10.0,4,rtn,0,125,0.12150068354024843
10.0,4,rtn,0,150,0.12150068354024843
10.0,4,rtn,0,175,0.12150068354024843
10.0,4,rtn,0,200,0.12150068354024843
10.0,4,rtn,0,225,0.12150068354024843
10.0,4,rtn,0,250,0.12150068354024843
10.0,4,rtn,0,275,0.12150068354024843
10.0,4,rtn,0,300,0.12150068354024843
10.0,4,rtn,0,325,0.12150068354024843
10.0,4,rtn,0,350,0.12150068354024843
10.0,4,rtn,0,375,0.12150068354024843
10.0,4,rtn,0,400,0.12150068354024843
10.0,4,rtn,0,425,0.12150068354024843
10.0,4,rtn,0,450,0.12150068354024843
10.0,4,rtn,0,475,0.12150068354024843
10.0,4,rtn,0,500,0.12150068354024843
10.0,4,rtn,0,525,0.12150068354024843
10.0,4,rtn,0,550,0.12150068354024843
10.0,4,rtn,0,575,0.12150068354024843
10.0,4,rtn,0,600,0.12150068354024843
10.0,4,rtn,0,625,0.12150068354024843
10.0,4,rtn,0,650,0.12150068354024843
10.0,4,rtn,0,675,0.12150068354024843
10.0,4,rtn,0,700,0.12150068354024843
10.0,4,rtn,0,725,0.12150068354024843
10.0,4,rtn,0,750,0.12150068354024843
10.0,4,rtn,0,775,0.12150068354024843
10.0,4,rtn,0,800,0.12150068354024843
10.0,4,rtn,0,825,0.12150068354024843
10.0,4,rtn,0,850,0.12150068354024843
10.0,4,rtn,0,875,0.12150068354024843
10.0,4,rtn,0,900,0.12150068354024843
10.0,4,rtn,0,925,0.12150068354024843
10.0,4,rtn,0,950,0.12150068354024843
10.0,4,rtn,0,975,0.12150068354024843
10.0,4,rtn,0,1000,0.12150068354024843
10.0,4,rtn,0,1025,0.12150068354024843
10.0,4,rtn,0,1050,0.12150068354024843
10.0,4,rtn,0,1075,0.12150068354024843
10.0,4,rtn,0,1100,0.12150068354024843
10.0,4,rtn,0,1125,0.12150068354024843
10.0,4,rtn,0,1150,0.12150068354024843
10.0,4,rtn,0,1175,0.12150068354024843
10.0,4,rtn,0,1200,0.12150068354024843
10.0,4,rtn,0,1225,0.12150068354024843
10.0,4,rtn,0,1250,0.12150068354024843
10.0,4,rtn,0,1275,0.12150068354024843
10.0,4,rtn,0,1300,0.12150068354024843
10.0,4,rtn,0,1325,0.12150068354024843
10.0,4,rtn,0,1350,0.12150068354024843
10.0,4,rtn,0,1375,0.12150068354024843
10.0,4,rtn,0,1400,0.12150068354024843
10.0,4,rtn,0,1425,0.12150068354024843
10.0,4,rtn,0,1450,0.12150068354024843
10.0,4,rtn,0,1475,0.12150068354024843
10.0,4,rtn,0,1500,0.12150068354024843
10.0,4,rtn,0,1525,0.12150068354024843
10.0,4,rtn,0,1550,0.12150068354024843
10.0,4,rtn,0,1575,0.12150068354024843
10.0,4,rtn,0,1600,0.12150068354024843
10.0,4,rtn,0,1625,0.12150068354024843
10.0,4,rtn,0,1650,0.12150068354024843
10.0,4,rtn,0,1675,0.12150068354024843
10.0,4,rtn,0,1700,0.12150068354024843
10.0,4,rtn,0,1725,0.12150068354024843
10.0,4,rtn,0,1750,0.12150068354024843
10.0,4,rtn,0,1775,0.12150068354024843
10.0,4,rtn,0,1800,0.12150068354024843
10.0,4,rtn,0,1825,0.12150068354024843
10.0,4,rtn,0,1850,0.12150068354024843
10.0,4,rtn,0,1875,0.12150068354024843
10.0,4,rtn,0,1900,0.12150068354024843
10.0,4,rtn,0,1925,0.12150068354024843
10.0,4,rtn,0,1950,0.12150068354024843
10.0,4,rtn,0,1975,0.12150068354024843
10.0,4,rtn,0,2000,0.12150068354024843
10.0,4,rtn,0,2025,0.12150068354024843
10.0,4,rtn,0,2050,0.12150068354024843
10.0,4,rtn,0,2075,0.12150068354024843
10.0,4,rtn,0,2100,0.12150068354024843
10.0,4,rtn,0,2125,0.12150068354024843
10.0,4,rtn,0,2150,0.12150068354024843
10.0,4,rtn,0,2175,0.12150068354024843
10.0,4,rtn,0,2200,0.12150068354024843
10.0,4,rtn,0,2225,0.12150068354024843
10.0,4,rtn,0,2250,0.12150068354024843
10.0,4,rtn,0,2275,0.12150068354024843
10.0,4,rtn,0,2300,0.12150068354024843
10.0,4,rtn,0,2325,0.12150068354024843
10.0,4,rtn,0,2350,0.12150068354024843
10.0,4,rtn,0,2375,0.12150068354024843
10.0,4,rtn,0,2400,0.12150068354024843
10.0,4,rtn,0,2425,0.12150068354024843
10.0,4,rtn,0,2450,0.12150068354024843
10.0,4,rtn,0,2475,0.12150068354024843
10.0,4,rtn,0,2500,0.12150068354024843
10.0,4,rtn,0,2525,0.12150068354024843
10.0,4,rtn,0,2550,0.12150068354024843
10.0,4,rtn,0,2575,0.12150068354024843
10.0,4,rtn,0,2600,0.12150068354024843
10.0,4,rtn,0,2625,0.12150068354024843
10.0,4,rtn,0,2650,0.12150068354024843
10.0,4,rtn,0,2675,0.12150068354024843
10.0,4,rtn,0,2700,0.12150068354024843
10.0,4,rtn,0,2725,0.12150068354024843
10.0,4,rtn,0,2750,0.12150068354024843
10.0,4,rtn,0,2775,0.12150068354024843
10.0,4,rtn,0,2800,0.12150068354024843
10.0,4,rtn,0,2825,0.12150068354024843
10.0,4,rtn,0,2850,0.12150068354024843
10.0,4,rtn,0,2875,0.12150068354024843
10.0,4,rtn,0,2900,0.12150068354024843
10.0,4,rtn,0,2925,0.12150068354024843
10.0,4,rtn,0,2950,0.12150068354024843
10.0,4,rtn,0,2975,0.12150068354024843
10.0,4,rtn,0,2999,0.12150068354024843
10.0,4,rtn,1,0,0.3174529348057185
10.0,4,rtn,1,25,0.12150068354024843
10.0,4,rtn,1,50,0.12150068354024843
10.0,4,rtn,1,75,0.12150068354024843
10.0,4,rtn,1,100,0.12150068354024843
10.0,4,rtn,1,125,0.12150068354024843
10.0,4,rtn,1,150,0.12150068354024843
10.0,4,rtn,1,175,0.12150068354024843
10.0,4,rtn,1,200,0.12150068354024843
10.0,4,rtn,1,225,0.12150068354024843
10.0,4,rtn,1,250,0.12150068354024843
10.0,4,rtn,1,275,0.12150068354024843
10.0,4,rtn,1,300,0.12150068354024843
10.0,4,rtn,1,325,0.12150068354024843
10.0,4,rtn,1,350,0.12150068354024843
10.0,4,rtn,1,375,0.12150068354024843
10.0,4,rtn,1,400,0.12150068354024843
10.0,4,rtn,1,425,0.12150068354024843
10.0,4,rtn,1,450,0.12150068354024843
10.0,4,rtn,1,475,0.12150068354024843
10.0,4,rtn,1,500,0.12150068354024843
10.0,4,rtn,1,525,0.12150068354024843
10.0,4,rtn,1,550,0.12150068354024843
10.0,4,rtn,1,575,0.12150068354024843
10.0,4,rtn,1,600,0.12150068354024843
10.0,4,rtn,1,625,0.12150068354024843
10.0,4,rtn,1,650,0.12150068354024843
10.0,4,rtn,1,675,0.12150068354024843
10.0,4,rtn,1,700,0.12150068354024843
10.0,4,rtn,1,725,0.12150068354024843
10.0,4,rtn,1,750,0.12150068354024843
10.0,4,rtn,1,775,0.12150068354024843
10.0,4,rtn,1,800,0.12150068354024843
10.0,4,rtn,1,825,0.12150068354024843
10.0,4,rtn,1,850,0.12150068354024843
10.0,4,rtn,1,875,0.12150068354024843
10.0,4,rtn,1,900,0.12150068354024843
10.0,4,rtn,1,925,0.12150068354024843
10.0,4,rtn,1,950,0.12150068354024843
10.0,4,rtn,1,975,0.12150068354024843
10.0,4,rtn,1,1000,0.12150068354024843
10.0,4,rtn,1,1025,0.12150068354024843
10.0,4,rtn,1,1050,0.12150068354024843
10.0,4,rtn,1,1075,0.12150068354024843
10.0,4,rtn,1,1100,0.12150068354024843
10.0,4,rtn,1,1125,0.12150068354024843
10.0,4,rtn,1,1150,0.12150068354024843
10.0,4,rtn,1,1175,0.12150068354024843
10.0,4,rtn,1,1200,0.12150068354024843
10.0,4,rtn,1,1225,0.12150068354024843
10.0,4,rtn,1,1250,0.12150068354024843
10.0,4,rtn,1,1275,0.12150068354024843
10.0,4,rtn,1,1300,0.12150068354024843
10.0,4,rtn,1,1325,0.12150068354024843
10.0,4,rtn,1,1350,0.12150068354024843
10.0,4,rtn,1,1375,0.12150068354024843
10.0,4,rtn,1,1400,0.12150068354024843
10.0,4,rtn,1,1425,0.12150068354024843
10.0,4,rtn,1,1450,0.12150068354024843
10.0,4,rtn,1,1475,0.12150068354024843
10.0,4,rtn,1,1500,0.12150068354024843
10.0,4,rtn,1,1525,0.12150068354024843
10.0,4,rtn,1,1550,0.12150068354024843
10.0,4,rtn,1,1575,0.12150068354024843
10.0,4,rtn,1,1600,0.12150068354024843
10.0,4,rtn,1,1625,0.12150068354024843
10.0,4,rtn,1,1650,0.12150068354024843
10.0,4,rtn,1,1675,0.12150068354024843
10.0,4,rtn,1,1700,0.12150068354024843
10.0,4,rtn,1,1725,0.12150068354024843
10.0,4,rtn,1,1750,0.12150068354024843
10.0,4,rtn,1,1775,0.12150068354024843
10.0,4,rtn,1,1800,0.12150068354024843
10.0,4,rtn,1,1825,0.12150068354024843
10.0,4,rtn,1,1850,0.12150068354024843
10.0,4,rtn,1,1875,0.12150068354024843
10.0,4,rtn,1,1900,0.12150068354024843
10.0,4,rtn,1,1925,0.12150068354024843
10.0,4,rtn,1,1950,0.12150068354024843
10.0,4,rtn,1,1975,0.12150068354024843
10.0,4,rtn,1,2000,0.12150068354024843
10.0,4,rtn,1,2025,0.12150068354024843
10.0,4,rtn,1,2050,0.12150068354024843
10.0,4,rtn,1,2075,0.12150068354024843
10.0,4,rtn,1,2100,0.12150068354024843
10.0,4,rtn,1,2125,0.12150068354024843
10.0,4,rtn,1,2150,0.12150068354024843
10.0,4,rtn,1,2175,0.12150068354024843
10.0,4,rtn,1,2200,0.12150068354024843
10.0,4,rtn,1,2225,0.12150068354024843
10.0,4,rtn,1,2250,0.12150068354024843
10.0,4,rtn,1,2275,0.12150068354024843
10.0,4,rtn,1,2300,0.12150068354024843
10.0,4,rtn,1,2325,0.12150068354024843
10.0,4,rtn,1,2350,0.12150068354024843
10.0,4,rtn,1,2375,0.12150068354024843
10.0,4,rtn,1,2400,0.12150068354024843
10.0,4,rtn,1,2425,0.12150068354024843
10.0,4,rtn,1,2450,0.12150068354024843
10.0,4,rtn,1,2475,0.12150068354024843
10.0,4,rtn,1,2500,0.12150068354024843
10.0,4,rtn,1,2525,0.12150068354024843
10.0,4,rtn,1,2550,0.12150068354024843
10.0,4,rtn,1,2575,0.12150068354024843
10.0,4,rtn,1,2600,0.12150068354024843
10.0,4,rtn,1,2625,0.12150068354024843
10.0,4,rtn,1,2650,0.12150068354024843
10.0,4,rtn,1,2675,0.12150068354024843
10.0,4,rtn,1,2700,0.12150068354024843
10.0,4,rtn,1,2725,0.12150068354024843
10.0,4,rtn,1,2750,0.12150068354024843
10.0,4,rtn,1,2775,0.12150068354024843
10.0,4,rtn,1,2800,0.12150068354024843
10.0,4,rtn,1,2825,0.12150068354024843
10.0,4,rtn,1,2850,0.12150068354024843
10.0,4,rtn,1,2875,0.12150068354024843
10.0,4,rtn,1,2900,0.12150068354024843
10.0,4,rtn,1,2925,0.12150068354024843
10.0,4,rtn,1,2950,0.12150068354024843
10.0,4,rtn,1,2975,0.12150068354024843
10.0,4,rtn,1,2999,0.12150068354024843
10.0,4,rtn,2,0,0.3174529348057185
10.0,4,rtn,2,25,0.12150068354024843
10.0,4,rtn,2,50,0.12150068354024843
10.0,4,rtn,2,75,0.12150068354024843
10.0,4,rtn,2,100,0.12150068354024843
10.0,4,rtn,2,125,0.12150068354024843
10.0,4,rtn,2,150,0.12150068354024843
10.0,4,rtn,2,175,0.12150068354024843
10.0,4,rtn,2,200,0.12150068354024843
10.0,4,rtn,2,225,0.12150068354024843
10.0,4,rtn,2,250,0.12150068354024843
10.0,4,rtn,2,275,0.12150068354024843
10.0,4,rtn,2,300,0.12150068354024843
10.0,4,rtn,2,325,0.12150068354024843
10.0,4,rtn,2,350,0.12150068354024843
10.0,4,rtn,2,375,0.12150068354024843
10.0,4,rtn,2,400,0.12150068354024843
10.0,4,rtn,2,425,0.12150068354024843
10.0,4,rtn,2,450,0.12150068354024843
10.0,4,rtn,2,475,0.12150068354024843
10.0,4,rtn,2,500,0.12150068354024843
10.0,4,rtn,2,525,0.12150068354024843
10.0,4,rtn,2,550,0.12150068354024843
10.0,4,rtn,2,575,0.12150068354024843
10.0,4,rtn,2,600,0.12150068354024843
10.0,4,rtn,2,625,0.12150068354024843
10.0,4,rtn,2,650,0.12150068354024843
10.0,4,rtn,2,675,0.12150068354024843
10.0,4,rtn,2,700,0.12150068354024843
10.0,4,rtn,2,725,0.12150068354024843
10.0,4,rtn,2,750,0.12150068354024843
10.0,4,rtn,2,775,0.12150068354024843
10.0,4,rtn,2,800,0.12150068354024843
10.0,4,rtn,2,825,0.12150068354024843
10.0,4,rtn,2,850,0.12150068354024843
10.0,4,rtn,2,875,0.12150068354024843
10.0,4,rtn,2,900,0.12150068354024843
10.0,4,rtn,2,925,0.12150068354024843
10.0,4,rtn,2,950,0.12150068354024843
10.0,4,rtn,2,975,0.12150068354024843
10.0,4,rtn,2,1000,0.12150068354024843
10.0,4,rtn,2,1025,0.12150068354024843
10.0,4,rtn,2,1050,0.12150068354024843
10.0,4,rtn,2,1075,0.12150068354024843
10.0,4,rtn,2,1100,0.12150068354024843
10.0,4,rtn,2,1125,0.12150068354024843
10.0,4,rtn,2,1150,0.12150068354024843
10.0,4,rtn,2,1175,0.12150068354024843
10.0,4,rtn,2,1200,0.12150068354024843
10.0,4,rtn,2,1225,0.12150068354024843
10.0,4,rtn,2,1250,0.12150068354024843
10.0,4,rtn,2,1275,0.12150068354024843
10.0,4,rtn,2,1300,0.12150068354024843
10.0,4,rtn,2,1325,0.12150068354024843
10.0,4,rtn,2,1350,0.12150068354024843
10.0,4,rtn,2,1375,0.12150068354024843
10.0,4,rtn,2,1400,0.12150068354024843
10.0,4,rtn,2,1425,0.12150068354024843
10.0,4,rtn,2,1450,0.12150068354024843
10.0,4,rtn,2,1475,0.12150068354024843
10.0,4,rtn,2,1500,0.12150068354024843
10.0,4,rtn,2,1525,0.12150068354024843
10.0,4,rtn,2,1550,0.12150068354024843
10.0,4,rtn,2,1575,0.12150068354024843
10.0,4,rtn,2,1600,0.12150068354024843
10.0,4,rtn,2,1625,0.12150068354024843
10.0,4,rtn,2,1650,0.12150068354024843
10.0,4,rtn,2,1675,0.12150068354024843
10.0,4,rtn,2,1700,0.12150068354024843
10.0,4,rtn,2,1725,0.12150068354024843
10.0,4,rtn,2,1750,0.12150068354024843
10.0,4,rtn,2,1775,0.12150068354024843
10.0,4,rtn,2,1800,0.12150068354024843
10.0,4,rtn,2,1825,0.12150068354024843
10.0,4,rtn,2,1850,0.12150068354024843
10.0,4,rtn,2,1875,0.12150068354024843
10.0,4,rtn,2,1900,0.12150068354024843
10.0,4,rtn,2,1925,0.12150068354024843
10.0,4,rtn,2,1950,0.12150068354024843
10.0,4,rtn,2,1975,0.12150068354024843
10.0,4,rtn,2,2000,0.12150068354024843
10.0,4,rtn,2,2025,0.12150068354024843
10.0,4,rtn,2,2050,0.12150068354024843
10.0,4,rtn,2,2075,0.12150068354024843
10.0,4,rtn,2,2100,0.12150068354024843
10.0,4,rtn,2,2125,0.12150068354024843
10.0,4,rtn,2,2150,0.12150068354024843
10.0,4,rtn,2,2175,0.12150068354024843
10.0,4,rtn,2,2200,0.12150068354024843
10.0,4,rtn,2,2225,0.12150068354024843
10.0,4,rtn,2,2250,0.12150068354024843
10.0,4,rtn,2,2275,0.12150068354024843
10.0,4,rtn,2,2300,0.12150068354024843
10.0,4,rtn,2,2325,0.12150068354024843
10.0,4,rtn,2,2350,0.12150068354024843
10.0,4,rtn,2,2375,0.12150068354024843
10.0,4,rtn,2,2400,0.12150068354024843
10.0,4,rtn,2,2425,0.12150068354024843
10.0,4,rtn,2,2450,0.12150068354024843
10.0,4,rtn,2,2475,0.12150068354024843
10.0,4,rtn,2,2500,0.12150068354024843
10.0,4,rtn,2,2525,0.12150068354024843
10.0,4,rtn,2,2550,0.12150068354024843
10.0,4,rtn,2,2575,0.12150068354024843
10.0,4,rtn,2,2600,0.12150068354024843
10.0,4,rtn,2,2625,0.12150068354024843
10.0,4,rtn,2,2650,0.12150068354024843
10.0,4,rtn,2,2675,0.12150068354024843
10.0,4,rtn,2,2700,0.12150068354024843
10.0,4,rtn,2,2725,0.12150068354024843
10.0,4,rtn,2,2750,0.12150068354024843
10.0,4,rtn,2,2775,0.12150068354024843
10.0,4,rtn,2,2800,0.12150068354024843
10.0,4,rtn,2,2825,0.12150068354024843
10.0,4,rtn,2,2850,0.12150068354024843
10.0,4,rtn,2,2875,0.12150068354024843
10.0,4,rtn,2,2900,0.12150068354024843
10.0,4,rtn,2,2925,0.12150068354024843
10.0,4,rtn,2,2950,0.12150068354024843
10.0,4,rtn,2,2975,0.12150068354024843
10.0,4,rtn,2,2999,0.12150068354024843
10.0,4,sr,0,0,0.5121387810347005
10.0,4,sr,0,25,0.31039575193980606
10.0,4,sr,0,50,0.3069330256069481
10.0,4,sr,0,75,0.3520416207612492
10.0,4,sr,0,100,0.3170879621046772
10.0,4,sr,0,125,0.33435393042756695
10.0,4,sr,0,150,0.322322616052255
10.0,4,sr,0,175,0.3485472437906652
10.0,4,sr,0,200,0.27994124025284994
10.0,4,sr,0,225,0.30240005132207454
10.0,4,sr,0,250,0.3122163391403268
10.0,4,sr,0,275,0.34173220357635054
10.0,4,sr,0,300,0.3273683708022717
10.0,4,sr,0,325,0.31647679193144407
10.0,4,sr,0,350,0.3238199386266981
10.0,4,sr,0,375,0.3548642546419474
10.0,4,sr,0,400,0.3246595973127571
10.0,4,sr,0,425,0.3005600090387244
10.0,4,sr,0,450,0.34629775520665496
10.0,4,sr,0,475,0.33137009045100724
10.0,4,sr,0,500,0.33024206271278694
10.0,4,sr,0,525,0.33062004883694485
10.0,4,sr,0,550,0.3060216890164919
10.0,4,sr,0,575,0.30655712902003385
10.0,4,sr,0,600,0.27945302956467044
10.0,4,sr,0,625,0.37359692741184714
10.0,4,sr,0,650,0.329493254989831
10.0,4,sr,0,675,0.3361787827326052
10.0,4,sr,0,700,0.34989406615157115
10.0,4,sr,0,725,0.3519587703428062
10.0,4,sr,0,750,0.35931514545110926
10.0,4,sr,0,775,0.3470719403174759
10.0,4,sr,0,800,0.332278771721062
10.0,4,sr,0,825,0.28319580135478556
10.0,4,sr,0,850,0.30082727279277377
10.0,4,sr,0,875,0.3230765615530277
10.0,4,sr,0,900,0.35138953475882406
10.0,4,sr,0,925,0.31310951939344195
10.0,4,sr,0,950,0.3485509444346618
10.0,4,sr,0,975,0.3382356704247055
10.0,4,sr,0,1000,0.33807130607106856
10.0,4,sr,0,1025,0.3309535110017827
10.0,4,sr,0,1050,0.32537713675170993
10.0,4,sr,0,1075,0.3132468933806788
10.0,4,sr,0,1100,0.32693997378087647
10.0,4,sr,0,1125,0.32768985469981216
10.0,4,sr,0,1150,0.2935118539798216
10.0,4,sr,0,1175,0.35432201962844434
10.0,4,sr,0,1200,0.27479760496134176
10.0,4,sr,0,1225,0.3194450988693455
10.0,4,sr,0,1250,0.3034720037598215
10.0,4,sr,0,1275,0.30733996166875194
10.0,4,sr,0,1300,0.3465099140341881
10.0,4,sr,0,1325,0.31661081767832683
10.0,4,sr,0,1350,0.34875048449497315
10.0,4,sr,0,1375,0.31589020617377217
10.0,4,sr,0,1400,0.3187757017822938
10.0,4,sr,0,1425,0.34316281564460116
10.0,4,sr,0,1450,0.32275382301329314
10.0,4,sr,0,1475,0.32076025565901356
10.0,4,sr,0,1500,0.31782008124386946
10.0,4,sr,0,1525,0.320308407559981
10.0,4,sr,0,1550,0.3094019655575668
10.0,4,sr,0,1575,0.29242653946845715
10.0,4,sr,0,1600,0.3320751336573447
10.0,4,sr,0,1625,0.3040415269544419
10.0,4,sr,0,1650,0.3159821612880785
10.0,4,sr,0,1675,0.32987849825689514
10.0,4,sr,0,1700,0.3377195878752994
10.0,4,sr,0,1725,0.2984435457465797
10.0,4,sr,0,1750,0.31478547869940804
10.0,4,sr,0,1775,0.28905035317969746
10.0,4,sr,0,1800,0.30537696505191236
10.0,4,sr,0,1825,0.33732548163937265
10.0,4,sr,0,1850,0.3011711027651749
10.0,4,sr,0,1875,0.2975746564968174
10.0,4,sr,0,1900,0.2833418987383215
10.0,4,sr,0,1925,0.32279675657113305
10.0,4,sr,0,1950,0.3424465924677818
10.0,4,sr,0,1975,0.29779776302367345
10.0,4,sr,0,2000,0.3208401794937531
10.0,4,sr,0,2025,0.3423454628840219
10.0,4,sr,0,2050,0.313470761609419
10.0,4,sr,0,2075,0.29623380509655417
10.0,4,sr,0,2100,0.3026551040447814
10.0,4,sr,0,2125,0.33146753302652193
10.0,4,sr,0,2150,0.3310017082516966
10.0,4,sr,0,2175,0.29295449271418944
10.0,4,sr,0,2200,0.31860276334366316
10.0,4,sr,0,2225,0.30182001818269766
10.0,4,sr,0,2250,0.3298913162714537
10.0,4,sr,0,2275,0.32917923898409535
10.0,4,sr,0,2300,0.3014975447453385
10.0,4,sr,0,2325,0.3352527911753236
10.0,4,sr,0,2350,0.29870016694217694
10.0,4,sr,0,2375,0.3692723361388178
10.0,4,sr,0,2400,0.29755607625330804
10.0,4,sr,0,2425,0.3346904343922595
10.0,4,sr,0,2450,0.3296233160292938
10.0,4,sr,0,2475,0.2882036361201894
10.0,4,sr,0,2500,0.32223082659040836
10.0,4,sr,0,2525,0.3148230394611678
10.0,4,sr,0,2550,0.3076072175320508
10.0,4,sr,0,2575,0.3458393419329029
10.0,4,sr,0,2600,0.3217040809548596
10.0,4,sr,0,2625,0.29180930507431596
10.0,4,sr,0,2650,0.3153261386320401
10.0,4,sr,0,2675,0.3291212076552605
10.0,4,sr,0,2700,0.31544038105827343
10.0,4,sr,0,2725,0.2894725902035039
10.0,4,sr,0,2750,0.309982206305712
10.0,4,sr,0,2775,0.32480237097263637
10.0,4,sr,0,2800,0.31014896651477614
10.0,4,sr,0,2825,0.3259754825696253
10.0,4,sr,0,2850,0.35692358229103377
10.0,4,sr,0,2875,0.3434353750488509
10.0,4,sr,0,2900,0.29125911065927546
10.0,4,sr,0,2925,0.3045497447438423
10.0,4,sr,0,2950,0.30396208409984643
10.0,4,sr,0,2975,0.30506022860105125
10.0,4,sr,0,2999,0.3351297417935648
10.0,4,sr,1,0,0.4855675764966818
10.0,4,sr,1,25,0.2683075561693882
10.0,4,sr,1,50,0.2918733597909442
10.0,4,sr,1,75,0.31192981476024695
10.0,4,sr,1,100,0.3385999031336173
10.0,4,sr,1,125,0.302153805534905
10.0,4,sr,1,150,0.301224117216435
10.0,4,sr,1,175,0.3344610779434489
10.0,4,sr,1,200,0.3135381314762889
10.0,4,sr,1,225,0.3047298755393084
10.0,4,sr,1,250,0.30074880346229677
10.0,4,sr,1,275,0.2905511805045609
10.0,4,sr,1,300,0.33894059751195726
10.0,4,sr,1,325,0.3359321416216927
10.0,4,sr,1,350,0.314795309653002
10.0,4,sr,1,375,0.31339289097028045
10.0,4,sr,1,400,0.30961311653231144
10.0,4,sr,1,425,0.32487130147357574
10.0,4,sr,1,450,0.32691888792123863
10.0,4,sr,1,475,0.3090802712211588
10.0,4,sr,1,500,0.32557186142988476
10.0,4,sr,1,525,0.3062277141031469
10.0,4,sr,1,550,0.32089788285467213
10.0,4,sr,1,575,0.3221466290756267
10.0,4,sr,1,600,0.306204637969349
10.0,4,sr,1,625,0.3257004854904773
10.0,4,sr,1,650,0.3258595304278333
10.0,4,sr,1,675,0.3264735713676913
10.0,4,sr,1,700,0.334523152760423
10.0,4,sr,1,725,0.2957211398567528
10.0,4,sr,1,750,0.327189146296144
10.0,4,sr,1,775,0.3504784012017065
10.0,4,sr,1,800,0.3055901355937258
10.0,4,sr,1,825,0.29716165270114053
10.0,4,sr,1,850,0.3315093259360422
10.0,4,sr,1,875,0.28321517761005843
10.0,4,sr,1,900,0.331992648973665
10.0,4,sr,1,925,0.31587053183761515
10.0,4,sr,1,950,0.3058349643356996
10.0,4,sr,1,975,0.336440041577387
10.0,4,sr,1,1000,0.33719683425192504
10.0,4,sr,1,1025,0.33122402626456754
10.0,4,sr,1,1050,0.34784322853763966
10.0,4,sr,1,1075,0.33322356629664085
10.0,4,sr,1,1100,0.317480477171333
10.0,4,sr,1,1125,0.3233639975615263
10.0,4,sr,1,1150,0.31400827298331024
10.0,4,sr,1,1175,0.33014290846210986
10.0,4,sr,1,1200,0.34993875477117503
10.0,4,sr,1,1225,0.33591841113733506
10.0,4,sr,1,1250,0.32470372881350884
10.0,4,sr,1,1275,0.3454108040783468
10.0,4,sr,1,1300,0.32171623186462805
10.0,4,sr,1,1325,0.3061674594618723
10.0,4,sr,1,1350,0.2774895438935383
10.0,4,sr,1,1375,0.3383688860005668
10.0,4,sr,1,1400,0.317220959316974
10.0,4,sr,1,1425,0.3390182160130534
10.0,4,sr,1,1450,0.32224814654562123
10.0,4,sr,1,1475,0.30924194635261004
10.0,4,sr,1,1500,0.3181675018306795
10.0,4,sr,1,1525,0.3142779932603479
10.0,4,sr,1,1550,0.32520983224822286
10.0,4,sr,1,1575,0.30446470284545635
10.0,4,sr,1,1600,0.31217817612915794
10.0,4,sr,1,1625,0.3557124403544421
10.0,4,sr,1,1650,0.3058469929227452
10.0,4,sr,1,1675,0.3443920027093514
10.0,4,sr,1,1700,0.3235545828153126
10.0,4,sr,1,1725,0.30458079440913943
10.0,4,sr,1,1750,0.306767557652796
10.0,4,sr,1,1775,0.3208612666515445
10.0,4,sr,1,1800,0.31251913363829165
10.0,4,sr,1,1825,0.30796178215862535
10.0,4,sr,1,1850,0.3438670523365548
10.0,4,sr,1,1875,0.3332281651365253
10.0,4,sr,1,1900,0.3378443563702195
10.0,4,sr,1,1925,0.354698000168081
10.0,4,sr,1,1950,0.32900568371674294
10.0,4,sr,1,1975,0.2897500758949569
10.0,4,sr,1,2000,0.32719772354290333
10.0,4,sr,1,2025,0.3306709827415292
10.0,4,sr,1,2050,0.33041780773955287
10.0,4,sr,1,2075,0.3222134761386148
10.0,4,sr,1,2100,0.34749973318379157
10.0,4,sr,1,2125,0.3095880669214904
10.0,4,sr,1,2150,0.3135441257165554
10.0,4,sr,1,2175,0.3123952521208571
10.0,4,sr,1,2200,0.3153907433221734
10.0,4,sr,1,2225,0.2880877776055296
10.0,4,sr,1,2250,0.34736698381420283
10.0,4,sr,1,2275,0.30188085442084434
10.0,4,sr,1,2300,0.3224235029545137
10.0,4,sr,1,2325,0.3146641834218488
10.0,4,sr,1,2350,0.2996911026930677
10.0,4,sr,1,2375,0.36452563514969577
10.0,4,sr,1,2400,0.33467749805723424
10.0,4,sr,1,2425,0.31921771725332626
10.0,4,sr,1,2450,0.3464949299082492
10.0,4,sr,1,2475,0.3092878865843849
10.0,4,sr,1,2500,0.3214354499733908
10.0,4,sr,1,2525,0.2988979332685916
10.0,4,sr,1,2550,0.3113890177244146
10.0,4,sr,1,2575,0.33619016763179643
10.0,4,sr,1,2600,0.317044051337407
10.0,4,sr,1,2625,0.3101712508032009
10.0,4,sr,1,2650,0.30715185077862267
10.0,4,sr,1,2675,0.30780094412763176
10.0,4,sr,1,2700,0.31169922850357035
10.0,4,sr,1,2725,0.35075162224224526
10.0,4,sr,1,2750,0.3312946858160588
10.0,4,sr,1,2775,0.30666245786363006
10.0,4,sr,1,2800,0.32161817993812475
10.0,4,sr,1,2825,0.3457256296171985
10.0,4,sr,1,2850,0.2945496634169078
10.0,4,sr,1,2875,0.330363076844375
10.0,4,sr,1,2900,0.3219734159558676
10.0,4,sr,1,2925,0.3192192990497974
10.0,4,sr,1,2950,0.3150680381050142
10.0,4,sr,1,2975,0.33930382273465676
10.0,4,sr,1,2999,0.3276404553833746
10.0,4,sr,2,0,0.4613002401601977
10.0,4,sr,2,25,0.350521972121039
10.0,4,sr,2,50,0.27968359089368716
10.0,4,sr,2,75,0.29806830789136585
10.0,4,sr,2,100,0.3182642270848049
10.0,4,sr,2,125,0.30779346011166586
10.0,4,sr,2,150,0.32690614208370145
10.0,4,sr,2,175,0.2974801042558475
10.0,4,sr,2,200,0.316681941999691
10.0,4,sr,2,225,0.33378584890911084
10.0,4,sr,2,250,0.3182740748015779
10.0,4,sr,2,275,0.3418596299897808
10.0,4,sr,2,300,0.30894849797160034
10.0,4,sr,2,325,0.3351551195390447
10.0,4,sr,2,350,0.31032884648639886
10.0,4,sr,2,375,0.3272707965272217
10.0,4,sr,2,400,0.3076703123115656
10.0,4,sr,2,425,0.3457607049931532
10.0,4,sr,2,450,0.32105450266604685
10.0,4,sr,2,475,0.3124292287254263
10.0,4,sr,2,500,0.30358370888946884
10.0,4,sr,2,525,0.33708056725544744
10.0,4,sr,2,550,0.36722389358391
10.0,4,sr,2,575,0.3162931317518879
10.0,4,sr,2,600,0.3336601417137568
10.0,4,sr,2,625,0.3484894421510636
10.0,4,sr,2,650,0.3175841466335621
10.0,4,sr,2,675,0.3051208820579755
10.0,4,sr,2,700,0.2935178437321376
10.0,4,sr,2,725,0.3307338977219202
10.0,4,sr,2,750,0.3052250161109073
10.0,4,sr,2,775,0.32514228037133275
10.0,4,sr,2,800,0.31675871990057575
10.0,4,sr,2,825,0.3021719300142365
10.0,4,sr,2,850,0.2783545326324041
10.0,4,sr,2,875,0.30943478177759115
10.0,4,sr,2,900,0.2980967238458548
10.0,4,sr,2,925,0.30992842978108587
10.0,4,sr,2,950,0.3116092878220493
10.0,4,sr,2,975,0.3234070817170074
10.0,4,sr,2,1000,0.3337870164413653
10.0,4,sr,2,1025,0.31629278119253257
10.0,4,sr,2,1050,0.32497883889662643
10.0,4,sr,2,1075,0.3173372047208797
10.0,4,sr,2,1100,0.32777751434135405
10.0,4,sr,2,1125,0.32966785996952097
10.0,4,sr,2,1150,0.28673788765328295
10.0,4,sr,2,1175,0.2950642291730254
10.0,4,sr,2,1200,0.31150401474071504
10.0,4,sr,2,1225,0.327577981270325
10.0,4,sr,2,1250,0.30806297990681225
10.0,4,sr,2,1275,0.3253431110915668
10.0,4,sr,2,1300,0.31822818203978354
10.0,4,sr,2,1325,0.31903841601107835
10.0,4,sr,2,1350,0.32080628449861265
10.0,4,sr,2,1375,0.3029632588223917
10.0,4,sr,2,1400,0.3324456355033503
10.0,4,sr,2,1425,0.3018619663664424
10.0,4,sr,2,1450,0.28801584879405223
10.0,4,sr,2,1475,0.3367850796046808
10.0,4,sr,2,1500,0.3325294757465014
10.0,4,sr,2,1525,0.3093944718220511
10.0,4,sr,2,1550,0.3416204268294291
10.0,4,sr,2,1575,0.3290933520608654
10.0,4,sr,2,1600,0.3305746988055717
10.0,4,sr,2,1625,0.27898821036928745
10.0,4,sr,2,1650,0.3116361650659556
10.0,4,sr,2,1675,0.32465833175991565
10.0,4,sr,2,1700,0.33193291905061373
10.0,4,sr,2,1725,0.31576218673410805
10.0,4,sr,2,1750,0.31606373907654245
10.0,4,sr,2,1775,0.29559344495529144
10.0,4,sr,2,1800,0.32702880311496874
10.0,4,sr,2,1825,0.31210036435714245
10.0,4,sr,2,1850,0.3606117830114417
10.0,4,sr,2,1875,0.30708501755683876
10.0,4,sr,2,1900,0.30324108097027597
10.0,4,sr,2,1925,0.34885771671100624
10.0,4,sr,2,1950,0.3021181288959086
10.0,4,sr,2,1975,0.2961134156311901
10.0,4,sr,2,2000,0.32593287144094063
10.0,4,sr,2,2025,0.3151351803327122
10.0,4,sr,2,2050,0.31181282609654504
10.0,4,sr,2,2075,0.3172371372035199
10.0,4,sr,2,2100,0.30401170021986157
10.0,4,sr,2,2125,0.32367585078740496
10.0,4,sr,2,2150,0.32651519759961306
10.0,4,sr,2,2175,0.33990196580358645
10.0,4,sr,2,2200,0.3161412621709656
10.0,4,sr,2,2225,0.2888787428013446
10.0,4,sr,2,2250,0.34896716999598193
10.0,4,sr,2,2275,0.31454912348767977
10.0,4,sr,2,2300,0.30559512292311625
10.0,4,sr,2,2325,0.3034029296934427
10.0,4,sr,2,2350,0.357578910958504
10.0,4,sr,2,2375,0.33259915429810155
10.0,4,sr,2,2400,0.2936380837892147
10.0,4,sr,2,2425,0.2989792640446461
10.0,4,sr,2,2450,0.32764967865023564
10.0,4,sr,2,2475,0.27323904442214175
10.0,4,sr,2,2500,0.3330195771965264
10.0,4,sr,2,2525,0.3105871427377278
10.0,4,sr,2,2550,0.3062148905807197
10.0,4,sr,2,2575,0.3437309424853354
10.0,4,sr,2,2600,0.31751799180987184
10.0,4,sr,2,2625,0.3053108968176717
10.0,4,sr,2,2650,0.32257030006568643
10.0,4,sr,2,2675,0.3702848911119231
10.0,4,sr,2,2700,0.28954684562916594
10.0,4,sr,2,2725,0.32858366331787314
10.0,4,sr,2,2750,0.2868035800168308
10.0,4,sr,2,2775,0.3177699353619424
10.0,4,sr,2,2800,0.32783013324707155
10.0,4,sr,2,2825,0.30389817492789994
10.0,4,sr,2,2850,0.3487023941017547
10.0,4,sr,2,2875,0.3195988079836648
10.0,4,sr,2,2900,0.29985506606051116
10.0,4,sr,2,2925,0.3043388496221973
10.0,4,sr,2,2950,0.28261149900030896
10.0,4,sr,2,2975,0.3324543979119806
10.0,4,sr,2,2999,0.3032046798183124
10.0,4,ef,0,0,0.3174529348057185
10.0,4,ef,0,25,0.35326154010754407
10.0,4,ef,0,50,0.3617818588411072
10.0,4,ef,0,75,0.3781102626855681
10.0,4,ef,0,100,0.3948066657602914
10.0,4,ef,0,125,0.4061663418312447
10.0,4,ef,0,150,0.41287244068135387
10.0,4,ef,0,175,0.3497182300760855
10.0,4,ef,0,200,0.4206681875313826
10.0,4,ef,0,225,0.4380947883179058
10.0,4,ef,0,250,0.3831544885272926
10.0,4,ef,0,275,0.34983037945211576
10.0,4,ef,0,300,0.3644724067796461
10.0,4,ef,0,325,0.4085772388638294
10.0,4,ef,0,350,0.32756140100385644
10.0,4,ef,0,375,0.37505642573056774
10.0,4,ef,0,400,0.3268399330452336
10.0,4,ef,0,425,0.39679862553662654
10.0,4,ef,0,450,0.35872706992276826
10.0,4,ef,0,475,0.3591895991347077
10.0,4,ef,0,500,0.36835361298290925
10.0,4,ef,0,525,0.34731551336513605
10.0,4,ef,0,550,0.38888511466309245
10.0,4,ef,0,575,0.37470580233590994
10.0,4,ef,0,600,0.3850745229690475
10.0,4,ef,0,625,0.36577200784548153
10.0,4,ef,0,650,0.3548731636264823
10.0,4,ef,0,675,0.3727910254849468
10.0,4,ef,0,700,0.3326181353632807
10.0,4,ef,0,725,0.48248024943657225
10.0,4,ef,0,750,0.3730648648848311
10.0,4,ef,0,775,0.34897494082297126
10.0,4,ef,0,800,0.3540044002061146
10.0,4,ef,0,825,0.34412893000614
10.0,4,ef,0,850,0.3561482684216882
10.0,4,ef,0,875,0.3459745406718979
10.0,4,ef,0,900,0.36087159792520096
10.0,4,ef,0,925,0.3501733798715791
10.0,4,ef,0,950,0.38019631864613074
10.0,4,ef,0,975,0.3252904004414271
10.0,4,ef,0,1000,0.3735953863241022
10.0,4,ef,0,1025,0.38835506679837023
10.0,4,ef,0,1050,0.38009368606254335
10.0,4,ef,0,1075,0.4022488200719766
10.0,4,ef,0,1100,0.3785657396365268
10.0,4,ef,0,1125,0.34233949838897926
10.0,4,ef,0,1150,0.3989180788947645
10.0,4,ef,0,1175,0.39416329826148505
10.0,4,ef,0,1200,0.3718275434748018
10.0,4,ef,0,1225,0.3512070879602766
10.0,4,ef,0,1250,0.3890397453981935
10.0,4,ef,0,1275,0.3726368418775169
10.0,4,ef,0,1300,0.40988207621103806
10.0,4,ef,0,1325,0.3996244972811904
10.0,4,ef,0,1350,0.3471581525279398
10.0,4,ef,0,1375,0.3962968551946823
10.0,4,ef,0,1400,0.3416441474114818
10.0,4,ef,0,1425,0.3831241134971833
10.0,4,ef,0,1450,0.3766497405477656
10.0,4,ef,0,1475,0.34587613828129393
10.0,4,ef,0,1500,0.39760488071882494
10.0,4,ef,0,1525,0.359794851551653
10.0,4,ef,0,1550,0.3649199590231468
10.0,4,ef,0,1575,0.3972563714587043
10.0,4,ef,0,1600,0.40077404959532553
10.0,4,ef,0,1625,0.34646620651630644
10.0,4,ef,0,1650,0.4042105923097461
10.0,4,ef,0,1675,0.38389579258930673
10.0,4,ef,0,1700,0.343945158653175
10.0,4,ef,0,1725,0.4218365485499568
10.0,4,ef,0,1750,0.3403001513399164
10.0,4,ef,0,1775,0.3393506997388963
10.0,4,ef,0,1800,0.4171706374128646
10.0,4,ef,0,1825,0.34270657880642014
10.0,4,ef,0,1850,0.3737016590872863
10.0,4,ef,0,1875,0.3749023893088047
10.0,4,ef,0,1900,0.36259915380613966
10.0,4,ef,0,1925,0.3568836242369444
10.0,4,ef,0,1950,0.3862189872923692
10.0,4,ef,0,1975,0.3787280357515897
10.0,4,ef,0,2000,0.3574290006598907
10.0,4,ef,0,2025,0.3689587983018787
10.0,4,ef,0,2050,0.4083879786388264
10.0,4,ef,0,2075,0.37282543078088937
10.0,4,ef,0,2100,0.3695653208241818
10.0,4,ef,0,2125,0.33727541451279175
10.0,4,ef,0,2150,0.38625872267977723
10.0,4,ef,0,2175,0.33365568264814427
10.0,4,ef,0,2200,0.38995836230027375
10.0,4,ef,0,2225,0.3805138616383581
10.0,4,ef,0,2250,0.37361844316069776
10.0,4,ef,0,2275,0.3674187231691754
10.0,4,ef,0,2300,0.3300321945174619
10.0,4,ef,0,2325,0.40460494004781483
10.0,4,ef,0,2350,0.4067525556588209
10.0,4,ef,0,2375,0.37795064124484457
10.0,4,ef,0,2400,0.3543349025281593
10.0,4,ef,0,2425,0.35758436847265396
10.0,4,ef,0,2450,0.35377532765582576
10.0,4,ef,0,2475,0.3975484668289461
10.0,4,ef,0,2500,0.3706616680562436
10.0,4,ef,0,2525,0.39205023541302275
10.0,4,ef,0,2550,0.42817102647987965
10.0,4,ef,0,2575,0.35278897962548617
10.0,4,ef,0,2600,0.4142118673043171
10.0,4,ef,0,2625,0.4215678609073212
10.0,4,ef,0,2650,0.3447061544242893
10.0,4,ef,0,2675,0.38560300899209743
10.0,4,ef,0,2700,0.34600849873887496
10.0,4,ef,0,2725,0.3491892970436915
10.0,4,ef,0,2750,0.37346676455004796
10.0,4,ef,0,2775,0.34368840342457446
10.0,4,ef,0,2800,0.38096438511961384
10.0,4,ef,0,2825,0.33673093799390075
10.0,4,ef,0,2850,0.4063067266941017
10.0,4,ef,0,2875,0.44664713280612217
10.0,4,ef,0,2900,0.38548060995093
10.0,4,ef,0,2925,0.337480124626257
10.0,4,ef,0,2950,0.37155210811109135
10.0,4,ef,0,2975,0.33676434005314126
10.0,4,ef,0,2999,0.3741544099565337
10.0,4,ef,1,0,0.3174529348057185
10.0,4,ef,1,25,0.35326154010754407
10.0,4,ef,1,50,0.3617818588411072
10.0,4,ef,1,75,0.3781102626855681
10.0,4,ef,1,100,0.3948066657602914
10.0,4,ef,1,125,0.4061663418312447
10.0,4,ef,1,150,0.41287244068135387
10.0,4,ef,1,175,0.3497182300760855
10.0,4,ef,1,200,0.4206681875313826
10.0,4,ef,1,225,0.4380947883179058
10.0,4,ef,1,250,0.3831544885272926
10.0,4,ef,1,275,0.34983037945211576
10.0,4,ef,1,300,0.3644724067796461
10.0,4,ef,1,325,0.4085772388638294
10.0,4,ef,1,350,0.32756140100385644
10.0,4,ef,1,375,0.37505642573056774
10.0,4,ef,1,400,0.3268399330452336
10.0,4,ef,1,425,0.39679862553662654
10.0,4,ef,1,450,0.35872706992276826
10.0,4,ef,1,475,0.3591895991347077
10.0,4,ef,1,500,0.36835361298290925
10.0,4,ef,1,525,0.34731551336513605
10.0,4,ef,1,550,0.38888511466309245
10.0,4,ef,1,575,0.37470580233590994
10.0,4,ef,1,600,0.3850745229690475
10.0,4,ef,1,625,0.36577200784548153
10.0,4,ef,1,650,0.3548731636264823
10.0,4,ef,1,675,0.3727910254849468
10.0,4,ef,1,700,0.3326181353632807
10.0,4,ef,1,725,0.48248024943657225
10.0,4,ef,1,750,0.3730648648848311
10.0,4,ef,1,775,0.34897494082297126
10.0,4,ef,1,800,0.3540044002061146
10.0,4,ef,1,825,0.34412893000614
10.0,4,ef,1,850,0.3561482684216882
10.0,4,ef,1,875,0.3459745406718979
10.0,4,ef,1,900,0.36087159792520096
10.0,4,ef,1,925,0.3501733798715791
10.0,4,ef,1,950,0.38019631864613074
10.0,4,ef,1,975,0.3252904004414271
10.0,4,ef,1,1000,0.3735953863241022
10.0,4,ef,1,1025,0.38835506679837023
10.0,4,ef,1,1050,0.38009368606254335
10.0,4,ef,1,1075,0.4022488200719766
10.0,4,ef,1,1100,0.3785657396365268
10.0,4,ef,1,1125,0.34233949838897926
10.0,4,ef,1,1150,0.3989180788947645
10.0,4,ef,1,1175,0.39416329826148505
10.0,4,ef,1,1200,0.3718275434748018
10.0,4,ef,1,1225,0.3512070879602766
10.0,4,ef,1,1250,0.3890397453981935
10.0,4,ef,1,1275,0.3726368418775169
10.0,4,ef,1,1300,0.40988207621103806
10.0,4,ef,1,1325,0.3996244972811904
10.0,4,ef,1,1350,0.3471581525279398
10.0,4,ef,1,1375,0.3962968551946823
10.0,4,ef,1,1400,0.3416441474114818
10.0,4,ef,1,1425,0.3831241134971833
10.0,4,ef,1,1450,0.3766497405477656
10.0,4,ef,1,1475,0.34587613828129393
10.0,4,ef,1,1500,0.39760488071882494
10.0,4,ef,1,1525,0.359794851551653
10.0,4,ef,1,1550,0.3649199590231468
10.0,4,ef,1,1575,0.3972563714587043
10.0,4,ef,1,1600,0.40077404959532553
10.0,4,ef,1,1625,0.34646620651630644
10.0,4,ef,1,1650,0.4042105923097461
10.0,4,ef,1,1675,0.38389579258930673
10.0,4,ef,1,1700,0.343945158653175
10.0,4,ef,1,1725,0.4218365485499568
10.0,4,ef,1,1750,0.3403001513399164
10.0,4,ef,1,1775,0.3393506997388963
10.0,4,ef,1,1800,0.4171706374128646
10.0,4,ef,1,1825,0.34270657880642014
10.0,4,ef,1,1850,0.3737016590872863
10.0,4,ef,1,1875,0.3749023893088047
10.0,4,ef,1,1900,0.36259915380613966
10.0,4,ef,1,1925,0.3568836242369444
10.0,4,ef,1,1950,0.3862189872923692
10.0,4,ef,1,1975,0.3787280357515897
10.0,4,ef,1,2000,0.3574290006598907
10.0,4,ef,1,2025,0.3689587983018787
10.0,4,ef,1,2050,0.4083879786388264
10.0,4,ef,1,2075,0.37282543078088937
10.0,4,ef,1,2100,0.3695653208241818
10.0,4,ef,1,2125,0.33727541451279175
10.0,4,ef,1,2150,0.38625872267977723
10.0,4,ef,1,2175,0.33365568264814427
10.0,4,ef,1,2200,0.38995836230027375
10.0,4,ef,1,2225,0.3805138616383581
10.0,4,ef,1,2250,0.37361844316069776
10.0,4,ef,1,2275,0.3674187231691754
10.0,4,ef,1,2300,0.3300321945174619
10.0,4,ef,1,2325,0.40460494004781483
10.0,4,ef,1,2350,0.4067525556588209
10.0,4,ef,1,2375,0.37795064124484457
10.0,4,ef,1,2400,0.3543349025281593
10.0,4,ef,1,2425,0.35758436847265396
10.0,4,ef,1,2450,0.35377532765582576
10.0,4,ef,1,2475,0.3975484668289461
10.0,4,ef,1,2500,0.3706616680562436
10.0,4,ef,1,2525,0.39205023541302275
10.0,4,ef,1,2550,0.42817102647987965
10.0,4,ef,1,2575,0.35278897962548617
10.0,4,ef,1,2600,0.4142118673043171
10.0,4,ef,1,2625,0.4215678609073212
10.0,4,ef,1,2650,0.3447061544242893
10.0,4,ef,1,2675,0.38560300899209743
10.0,4,ef,1,2700,0.34600849873887496
10.0,4,ef,1,2725,0.3491892970436915
10.0,4,ef,1,2750,0.37346676455004796
10.0,4,ef,1,2775,0.34368840342457446
10.0,4,ef,1,2800,0.38096438511961384
10.0,4,ef,1,2825,0.33673093799390075
10.0,4,ef,1,2850,0.4063067266941017
10.0,4,ef,1,2875,0.44664713280612217
10.0,4,ef,1,2900,0.38548060995093
10.0,4,ef,1,2925,0.337480124626257
10.0,4,ef,1,2950,0.37155210811109135
10.0,4,ef,1,2975,0.33676434005314126
10.0,4,ef,1,2999,0.3741544099565337
10.0,4,ef,2,0,0.3174529348057185
10.0,4,ef,2,25,0.35326154010754407
10.0,4,ef,2,50,0.3617818588411072
10.0,4,ef,2,75,0.3781102626855681
10.0,4,ef,2,100,0.3948066657602914
10.0,4,ef,2,125,0.4061663418312447
10.0,4,ef,2,150,0.41287244068135387
10.0,4,ef,2,175,0.3497182300760855
10.0,4,ef,2,200,0.4206681875313826
10.0,4,ef,2,225,0.4380947883179058
10.0,4,ef,2,250,0.3831544885272926
10.0,4,ef,2,275,0.34983037945211576
10.0,4,ef,2,300,0.3644724067796461
10.0,4,ef,2,325,0.4085772388638294
10.0,4,ef,2,350,0.32756140100385644
10.0,4,ef,2,375,0.37505642573056774
10.0,4,ef,2,400,0.3268399330452336
10.0,4,ef,2,425,0.39679862553662654
10.0,4,ef,2,450,0.35872706992276826
10.0,4,ef,2,475,0.3591895991347077
10.0,4,ef,2,500,0.36835361298290925
10.0,4,ef,2,525,0.34731551336513605
10.0,4,ef,2,550,0.38888511466309245
10.0,4,ef,2,575,0.37470580233590994
10.0,4,ef,2,600,0.3850745229690475
10.0,4,ef,2,625,0.36577200784548153
10.0,4,ef,2,650,0.3548731636264823
10.0,4,ef,2,675,0.3727910254849468
10.0,4,ef,2,700,0.3326181353632807
10.0,4,ef,2,725,0.48248024943657225
10.0,4,ef,2,750,0.3730648648848311
10.0,4,ef,2,775,0.34897494082297126
10.0,4,ef,2,800,0.3540044002061146
10.0,4,ef,2,825,0.34412893000614
10.0,4,ef,2,850,0.3561482684216882
10.0,4,ef,2,875,0.3459745406718979
10.0,4,ef,2,900,0.36087159792520096
10.0,4,ef,2,925,0.3501733798715791
10.0,4,ef,2,950,0.38019631864613074
10.0,4,ef,2,975,0.3252904004414271
10.0,4,ef,2,1000,0.3735953863241022
10.0,4,ef,2,1025,0.38835506679837023
10.0,4,ef,2,1050,0.38009368606254335
10.0,4,ef,2,1075,0.4022488200719766
10.0,4,ef,2,1100,0.3785657396365268
10.0,4,ef,2,1125,0.34233949838897926
10.0,4,ef,2,1150,0.3989180788947645
10.0,4,ef,2,1175,0.39416329826148505
10.0,4,ef,2,1200,0.3718275434748018
10.0,4,ef,2,1225,0.3512070879602766
10.0,4,ef,2,1250,0.3890397453981935
10.0,4,ef,2,1275,0.3726368418775169
10.0,4,ef,2,1300,0.40988207621103806
10.0,4,ef,2,1325,0.3996244972811904
10.0,4,ef,2,1350,0.3471581525279398
10.0,4,ef,2,1375,0.3962968551946823
10.0,4,ef,2,1400,0.3416441474114818
10.0,4,ef,2,1425,0.3831241134971833
10.0,4,ef,2,1450,0.3766497405477656
10.0,4,ef,2,1475,0.34587613828129393
10.0,4,ef,2,1500,0.39760488071882494
10.0,4,ef,2,1525,0.359794851551653
10.0,4,ef,2,1550,0.3649199590231468
10.0,4,ef,2,1575,0.3972563714587043
10.0,4,ef,2,1600,0.40077404959532553
10.0,4,ef,2,1625,0.34646620651630644
10.0,4,ef,2,1650,0.4042105923097461
10.0,4,ef,2,1675,0.38389579258930673
10.0,4,ef,2,1700,0.343945158653175
10.0,4,ef,2,1725,0.4218365485499568
10.0,4,ef,2,1750,0.3403001513399164
10.0,4,ef,2,1775,0.3393506997388963
10.0,4,ef,2,1800,0.4171706374128646
10.0,4,ef,2,1825,0.34270657880642014
10.0,4,ef,2,1850,0.3737016590872863
10.0,4,ef,2,1875,0.3749023893088047
10.0,4,ef,2,1900,0.36259915380613966
10.0,4,ef,2,1925,0.3568836242369444
10.0,4,ef,2,1950,0.3862189872923692
10.0,4,ef,2,1975,0.3787280357515897
10.0,4,ef,2,2000,0.3574290006598907
10.0,4,ef,2,2025,0.3689587983018787
10.0,4,ef,2,2050,0.4083879786388264
10.0,4,ef,2,2075,0.37282543078088937
10.0,4,ef,2,2100,0.3695653208241818
10.0,4,ef,2,2125,0.33727541451279175
10.0,4,ef,2,2150,0.38625872267977723
10.0,4,ef,2,2175,0.33365568264814427
10.0,4,ef,2,2200,0.38995836230027375
10.0,4,ef,2,2225,0.3805138616383581
10.0,4,ef,2,2250,0.37361844316069776
10.0,4,ef,2,2275,0.3674187231691754
10.0,4,ef,2,2300,0.3300321945174619
10.0,4,ef,2,2325,0.40460494004781483
10.0,4,ef,2,2350,0.4067525556588209
10.0,4,ef,2,2375,0.37795064124484457
10.0,4,ef,2,2400,0.3543349025281593
10.0,4,ef,2,2425,0.35758436847265396
10.0,4,ef,2,2450,0.35377532765582576
10.0,4,ef,2,2475,0.3975484668289461
10.0,4,ef,2,2500,0.3706616680562436
10.0,4,ef,2,2525,0.39205023541302275
10.0,4,ef,2,2550,0.42817102647987965
10.0,4,ef,2,2575,0.35278897962548617
10.0,4,ef,2,2600,0.4142118673043171
10.0,4,ef,2,2625,0.4215678609073212
10.0,4,ef,2,2650,0.3447061544242893
10.0,4,ef,2,2675,0.38560300899209743
10.0,4,ef,2,2700,0.34600849873887496
10.0,4,ef,2,2725,0.3491892970436915
10.0,4,ef,2,2750,0.37346676455004796
10.0,4,ef,2,2775,0.34368840342457446
10.0,4,ef,2,2800,0.38096438511961384
10.0,4,ef,2,2825,0.33673093799390075
10.0,4,ef,2,2850,0.4063067266941017
10.0,4,ef,2,2875,0.44664713280612217
10.0,4,ef,2,2900,0.38548060995093
10.0,4,ef,2,2925,0.337480124626257
10.0,4,ef,2,2950,0.37155210811109135
10.0,4,ef,2,2975,0.33676434005314126
10.0,4,ef,2,2999,0.3741544099565337
100.0,fp32,-,0,0,0.3227110439951517
100.0,fp32,-,0,25,0.007080101303005788
100.0,fp32,-,0,50,0.0015050611662917796
100.0,fp32,-,0,75,0.00043454907893346323
100.0,fp32,-,0,100,0.0001409293080474969
100.0,fp32,-,0,125,4.8100189538234564e-05
100.0,fp32,-,0,150,1.6840799259700495e-05
100.0,fp32,-,0,175,5.980386801556877e-06
100.0,fp32,-,0,200,2.142745982103417e-06
100.0,fp32,-,0,225,7.720936371781679e-07
100.0,fp32,-,0,250,2.7940560346292343e-07
100.0,fp32,-,0,275,1.0139413366913542e-07
100.0,fp32,-,0,300,3.6904702592209315e-08
100.0,fp32,-,0,325,1.3458113841383079e-08
100.0,fp32,-,0,350,4.915657700486736e-09
100.0,fp32,-,0,375,1.7961430930139063e-09
100.0,fp32,-,0,400,6.568558912483405e-10
100.0,fp32,-,0,425,2.4037895548700615e-10
100.0,fp32,-,0,450,8.738462563568391e-11
100.0,fp32,-,0,475,3.2362641867672556e-11
100.0,fp32,-,0,500,1.207558207565196e-11
100.0,fp32,-,0,525,4.577989140964236e-12
100.0,fp32,-,0,550,1.9194821894492587e-12
100.0,fp32,-,0,575,9.330348122200564e-13
100.0,fp32,-,0,600,6.241927550775919e-13
100.0,fp32,-,0,625,4.5345710265737897e-13
100.0,fp32,-,0,650,4.2009547252235366e-13
100.0,fp32,-,0,675,3.965920262315729e-13
100.0,fp32,-,0,700,4.0168941157831016e-13
100.0,fp32,-,0,725,4.172454389623596e-13
100.0,fp32,-,0,750,3.877769993661914e-13
100.0,fp32,-,0,775,3.7143178148687595e-13
100.0,fp32,-,0,800,3.735476235840077e-13
100.0,fp32,-,0,825,3.719456952912722e-13
100.0,fp32,-,0,850,3.8914940365098683e-13
100.0,fp32,-,0,875,3.9439015324543883e-13
100.0,fp32,-,0,900,4.0050520860187576e-13
100.0,fp32,-,0,925,4.1301480196852706e-13
100.0,fp32,-,0,950,3.93207677976218e-13
100.0,fp32,-,0,975,3.8669930208010984e-13
100.0,fp32,-,0,1000,3.636647032864933e-13
100.0,fp32,-,0,1025,3.8381878383581156e-13
100.0,fp32,-,0,1050,4.0192523886759846e-13
100.0,fp32,-,0,1075,3.877448318592019e-13
100.0,fp32,-,0,1100,3.9135429993335077e-13
100.0,fp32,-,0,1125,3.7436747575881917e-13
100.0,fp32,-,0,1150,3.688401470999798e-13
100.0,fp32,-,0,1175,4.006155212082287e-13
100.0,fp32,-,0,1200,3.931926676920217e-13
100.0,fp32,-,0,1225,3.7451478292376495e-13
100.0,fp32,-,0,1250,3.514708437483802e-13
100.0,fp32,-,0,1275,3.6500608782294435e-13
100.0,fp32,-,0,1300,3.791323347114022e-13
100.0,fp32,-,0,1325,4.062457098920901e-13
100.0,fp32,-,0,1350,4.0992028716812306e-13
100.0,fp32,-,0,1375,3.903331746354633e-13
100.0,fp32,-,0,1400,3.720455216557999e-13
100.0,fp32,-,0,1425,3.584864286116749e-13
100.0,fp32,-,0,1450,3.358695713650148e-13
100.0,fp32,-,0,1475,3.487207626282072e-13
100.0,fp32,-,0,1500,3.472123345370984e-13
100.0,fp32,-,0,1525,3.593778986992845e-13
100.0,fp32,-,0,1550,3.5117980755522837e-13
100.0,fp32,-,0,1575,3.7058450346119126e-13
100.0,fp32,-,0,1600,3.8503456682300894e-13
100.0,fp32,-,0,1625,3.7568380013423585e-13
100.0,fp32,-,0,1650,3.6667362998274735e-13
100.0,fp32,-,0,1675,4.0429175124077025e-13
100.0,fp32,-,0,1700,4.126111643290543e-13
100.0,fp32,-,0,1725,4.1395863101308354e-13
100.0,fp32,-,0,1750,3.7259628299859885e-13
100.0,fp32,-,0,1775,3.706707186504703e-13
100.0,fp32,-,0,1800,3.746259495230946e-13
100.0,fp32,-,0,1825,4.040816297043731e-13
100.0,fp32,-,0,1850,4.042426069114817e-13
100.0,fp32,-,0,1875,3.9878253580083283e-13
100.0,fp32,-,0,1900,4.0092717013426774e-13
100.0,fp32,-,0,1925,3.904161452420553e-13
100.0,fp32,-,0,1950,3.619563423354246e-13
100.0,fp32,-,0,1975,3.6138385263379146e-13
100.0,fp32,-,0,2000,3.824817836597015e-13
100.0,fp32,-,0,2025,3.5833897343078015e-13
100.0,fp32,-,0,2050,3.583615864728747e-13
100.0,fp32,-,0,2075,3.722624947755954e-13
100.0,fp32,-,0,2100,4.047416158122342e-13
100.0,fp32,-,0,2125,3.7368736376483397e-13
100.0,fp32,-,0,2150,3.775933943422356e-13
100.0,fp32,-,0,2175,3.7610316806998725e-13
100.0,fp32,-,0,2200,3.6460030612610154e-13
100.0,fp32,-,0,2225,3.691191707380212e-13
100.0,fp32,-,0,2250,4.1034569924773245e-13
100.0,fp32,-,0,2275,3.788023608587866e-13
100.0,fp32,-,0,2300,4.040305976356649e-13
100.0,fp32,-,0,2325,3.903827366562108e-13
100.0,fp32,-,0,2350,3.9104797714813133e-13
100.0,fp32,-,0,2375,3.81508911581352e-13
100.0,fp32,-,0,2400,3.699704239976621e-13
100.0,fp32,-,0,2425,3.758481820008448e-13
100.0,fp32,-,0,2450,4.1744076146206814e-13
100.0,fp32,-,0,2475,4.059143942042392e-13
100.0,fp32,-,0,2500,4.2215713364575315e-13
100.0,fp32,-,0,2525,3.868648654029055e-13
100.0,fp32,-,0,2550,3.738283323368822e-13
100.0,fp32,-,0,2575,3.7927445570838563e-13
100.0,fp32,-,0,2600,3.9784345924299116e-13
100.0,fp32,-,0,2625,4.2735652151990543e-13
100.0,fp32,-,0,2650,4.359468813152807e-13
100.0,fp32,-,0,2675,4.0960002155960645e-13
100.0,fp32,-,0,2700,4.148033895313597e-13
100.0,fp32,-,0,2725,3.9213885627462865e-13
100.0,fp32,-,0,2750,4.0208730584658877e-13
100.0,fp32,-,0,2775,3.695420480754353e-13
100.0,fp32,-,0,2800,3.9687825078283044e-13
100.0,fp32,-,0,2825,4.03077702976054e-13
100.0,fp32,-,0,2850,3.9020963519013237e-13
100.0,fp32,-,0,2875,3.835316535179432e-13
100.0,fp32,-,0,2900,3.7776304700159427e-13
100.0,fp32,-,0,2925,4.010420462872385e-13
100.0,fp32,-,0,2950,4.053145146484175e-13
100.0,fp32,-,0,2975,3.825770706674272e-13
100.0,fp32,-,0,2999,3.6519089865630865e-13
100.0,fp32,-,1,0,0.3227110439951517
100.0,fp32,-,1,25,0.007080101303005788
100.0,fp32,-,1,50,0.0015050611662917796
100.0,fp32,-,1,75,0.00043454907893346323
100.0,fp32,-,1,100,0.0001409293080474969
100.0,fp32,-,1,125,4.8100189538234564e-05
100.0,fp32,-,1,150,1.6840799259700495e-05
100.0,fp32,-,1,175,5.980386801556877e-06
100.0,fp32,-,1,200,2.142745982103417e-06
100.0,fp32,-,1,225,7.720936371781679e-07
100.0,fp32,-,1,250,2.7940560346292343e-07
100.0,fp32,-,1,275,1.0139413366913542e-07
100.0,fp32,-,1,300,3.6904702592209315e-08
100.0,fp32,-,1,325,1.3458113841383079e-08
100.0,fp32,-,1,350,4.915657700486736e-09
100.0,fp32,-,1,375,1.7961430930139063e-09
100.0,fp32,-,1,400,6.568558912483405e-10
100.0,fp32,-,1,425,2.4037895548700615e-10
100.0,fp32,-,1,450,8.738462563568391e-11
100.0,fp32,-,1,475,3.2362641867672556e-11
100.0,fp32,-,1,500,1.207558207565196e-11
100.0,fp32,-,1,525,4.577989140964236e-12
100.0,fp32,-,1,550,1.9194821894492587e-12
100.0,fp32,-,1,575,9.330348122200564e-13
100.0,fp32,-,1,600,6.241927550775919e-13
100.0,fp32,-,1,625,4.5345710265737897e-13
100.0,fp32,-,1,650,4.2009547252235366e-13
100.0,fp32,-,1,675,3.965920262315729e-13
100.0,fp32,-,1,700,4.0168941157831016e-13
100.0,fp32,-,1,725,4.172454389623596e-13
100.0,fp32,-,1,750,3.877769993661914e-13
100.0,fp32,-,1,775,3.7143178148687595e-13
100.0,fp32,-,1,800,3.735476235840077e-13
100.0,fp32,-,1,825,3.719456952912722e-13
100.0,fp32,-,1,850,3.8914940365098683e-13
100.0,fp32,-,1,875,3.9439015324543883e-13
100.0,fp32,-,1,900,4.0050520860187576e-13
100.0,fp32,-,1,925,4.1301480196852706e-13
100.0,fp32,-,1,950,3.93207677976218e-13
100.0,fp32,-,1,975,3.8669930208010984e-13
100.0,fp32,-,1,1000,3.636647032864933e-13
100.0,fp32,-,1,1025,3.8381878383581156e-13
100.0,fp32,-,1,1050,4.0192523886759846e-13
100.0,fp32,-,1,1075,3.877448318592019e-13
100.0,fp32,-,1,1100,3.9135429993335077e-13
100.0,fp32,-,1,1125,3.7436747575881917e-13
100.0,fp32,-,1,1150,3.688401470999798e-13
100.0,fp32,-,1,1175,4.006155212082287e-13
100.0,fp32,-,1,1200,3.931926676920217e-13
100.0,fp32,-,1,1225,3.7451478292376495e-13
100.0,fp32,-,1,1250,3.514708437483802e-13
100.0,fp32,-,1,1275,3.6500608782294435e-13
100.0,fp32,-,1,1300,3.791323347114022e-13
100.0,fp32,-,1,1325,4.062457098920901e-13
100.0,fp32,-,1,1350,4.0992028716812306e-13
100.0,fp32,-,1,1375,3.903331746354633e-13
100.0,fp32,-,1,1400,3.720455216557999e-13
100.0,fp32,-,1,1425,3.584864286116749e-13
100.0,fp32,-,1,1450,3.358695713650148e-13
100.0,fp32,-,1,1475,3.487207626282072e-13
100.0,fp32,-,1,1500,3.472123345370984e-13
100.0,fp32,-,1,1525,3.593778986992845e-13
100.0,fp32,-,1,1550,3.5117980755522837e-13
100.0,fp32,-,1,1575,3.7058450346119126e-13
100.0,fp32,-,1,1600,3.8503456682300894e-13
100.0,fp32,-,1,1625,3.7568380013423585e-13
100.0,fp32,-,1,1650,3.6667362998274735e-13
100.0,fp32,-,1,1675,4.0429175124077025e-13
100.0,fp32,-,1,1700,4.126111643290543e-13
100.0,fp32,-,1,1725,4.1395863101308354e-13
100.0,fp32,-,1,1750,3.7259628299859885e-13
100.0,fp32,-,1,1775,3.706707186504703e-13
100.0,fp32,-,1,1800,3.746259495230946e-13
100.0,fp32,-,1,1825,4.040816297043731e-13
100.0,fp32,-,1,1850,4.042426069114817e-13
100.0,fp32,-,1,1875,3.9878253580083283e-13
100.0,fp32,-,1,1900,4.0092717013426774e-13
100.0,fp32,-,1,1925,3.904161452420553e-13
100.0,fp32,-,1,1950,3.619563423354246e-13
100.0,fp32,-,1,1975,3.6138385263379146e-13
100.0,fp32,-,1,2000,3.824817836597015e-13
100.0,fp32,-,1,2025,3.5833897343078015e-13
100.0,fp32,-,1,2050,3.583615864728747e-13
100.0,fp32,-,1,2075,3.722624947755954e-13
100.0,fp32,-,1,2100,4.047416158122342e-13
100.0,fp32,-,1,2125,3.7368736376483397e-13
100.0,fp32,-,1,2150,3.775933943422356e-13
100.0,fp32,-,1,2175,3.7610316806998725e-13
100.0,fp32,-,1,2200,3.6460030612610154e-13
100.0,fp32,-,1,2225,3.691191707380212e-13
100.0,fp32,-,1,2250,4.1034569924773245e-13
100.0,fp32,-,1,2275,3.788023608587866e-13
100.0,fp32,-,1,2300,4.040305976356649e-13
100.0,fp32,-,1,2325,3.903827366562108e-13
100.0,fp32,-,1,2350,3.9104797714813133e-13
100.0,fp32,-,1,2375,3.81508911581352e-13
100.0,fp32,-,1,2400,3.699704239976621e-13
100.0,fp32,-,1,2425,3.758481820008448e-13
100.0,fp32,-,1,2450,4.1744076146206814e-13
100.0,fp32,-,1,2475,4.059143942042392e-13
100.0,fp32,-,1,2500,4.2215713364575315e-13
100.0,fp32,-,1,2525,3.868648654029055e-13
100.0,fp32,-,1,2550,3.738283323368822e-13
100.0,fp32,-,1,2575,3.7927445570838563e-13
100.0,fp32,-,1,2600,3.9784345924299116e-13
100.0,fp32,-,1,2625,4.2735652151990543e-13
100.0,fp32,-,1,2650,4.359468813152807e-13
100.0,fp32,-,1,2675,4.0960002155960645e-13
100.0,fp32,-,1,2700,4.148033895313597e-13
100.0,fp32,-,1,2725,3.9213885627462865e-13
100.0,fp32,-,1,2750,4.0208730584658877e-13
100.0,fp32,-,1,2775,3.695420480754353e-13
100.0,fp32,-,1,2800,3.9687825078283044e-13
100.0,fp32,-,1,2825,4.03077702976054e-13
100.0,fp32,-,1,2850,3.9020963519013237e-13
100.0,fp32,-,1,2875,3.835316535179432e-13
100.0,fp32,-,1,2900,3.7776304700159427e-13
100.0,fp32,-,1,2925,4.010420462872385e-13
100.0,fp32,-,1,2950,4.053145146484175e-13
100.0,fp32,-,1,2975,3.825770706674272e-13
100.0,fp32,-,1,2999,3.6519089865630865e-13
100.0,fp32,-,2,0,0.3227110439951517
100.0,fp32,-,2,25,0.007080101303005788
100.0,fp32,-,2,50,0.0015050611662917796
100.0,fp32,-,2,75,0.00043454907893346323
100.0,fp32,-,2,100,0.0001409293080474969
100.0,fp32,-,2,125,4.8100189538234564e-05
100.0,fp32,-,2,150,1.6840799259700495e-05
100.0,fp32,-,2,175,5.980386801556877e-06
100.0,fp32,-,2,200,2.142745982103417e-06
100.0,fp32,-,2,225,7.720936371781679e-07
100.0,fp32,-,2,250,2.7940560346292343e-07
100.0,fp32,-,2,275,1.0139413366913542e-07
100.0,fp32,-,2,300,3.6904702592209315e-08
100.0,fp32,-,2,325,1.3458113841383079e-08
100.0,fp32,-,2,350,4.915657700486736e-09
100.0,fp32,-,2,375,1.7961430930139063e-09
100.0,fp32,-,2,400,6.568558912483405e-10
100.0,fp32,-,2,425,2.4037895548700615e-10
100.0,fp32,-,2,450,8.738462563568391e-11
100.0,fp32,-,2,475,3.2362641867672556e-11
100.0,fp32,-,2,500,1.207558207565196e-11
100.0,fp32,-,2,525,4.577989140964236e-12
100.0,fp32,-,2,550,1.9194821894492587e-12
100.0,fp32,-,2,575,9.330348122200564e-13
100.0,fp32,-,2,600,6.241927550775919e-13
100.0,fp32,-,2,625,4.5345710265737897e-13
100.0,fp32,-,2,650,4.2009547252235366e-13
100.0,fp32,-,2,675,3.965920262315729e-13
100.0,fp32,-,2,700,4.0168941157831016e-13
100.0,fp32,-,2,725,4.172454389623596e-13
100.0,fp32,-,2,750,3.877769993661914e-13
100.0,fp32,-,2,775,3.7143178148687595e-13
100.0,fp32,-,2,800,3.735476235840077e-13
100.0,fp32,-,2,825,3.719456952912722e-13
100.0,fp32,-,2,850,3.8914940365098683e-13
100.0,fp32,-,2,875,3.9439015324543883e-13
100.0,fp32,-,2,900,4.0050520860187576e-13
100.0,fp32,-,2,925,4.1301480196852706e-13
100.0,fp32,-,2,950,3.93207677976218e-13
100.0,fp32,-,2,975,3.8669930208010984e-13
100.0,fp32,-,2,1000,3.636647032864933e-13
100.0,fp32,-,2,1025,3.8381878383581156e-13
100.0,fp32,-,2,1050,4.0192523886759846e-13
100.0,fp32,-,2,1075,3.877448318592019e-13
100.0,fp32,-,2,1100,3.9135429993335077e-13
100.0,fp32,-,2,1125,3.7436747575881917e-13
100.0,fp32,-,2,1150,3.688401470999798e-13
100.0,fp32,-,2,1175,4.006155212082287e-13
100.0,fp32,-,2,1200,3.931926676920217e-13
100.0,fp32,-,2,1225,3.7451478292376495e-13
100.0,fp32,-,2,1250,3.514708437483802e-13
100.0,fp32,-,2,1275,3.6500608782294435e-13
100.0,fp32,-,2,1300,3.791323347114022e-13
100.0,fp32,-,2,1325,4.062457098920901e-13
100.0,fp32,-,2,1350,4.0992028716812306e-13
100.0,fp32,-,2,1375,3.903331746354633e-13
100.0,fp32,-,2,1400,3.720455216557999e-13
100.0,fp32,-,2,1425,3.584864286116749e-13
100.0,fp32,-,2,1450,3.358695713650148e-13
100.0,fp32,-,2,1475,3.487207626282072e-13
100.0,fp32,-,2,1500,3.472123345370984e-13
100.0,fp32,-,2,1525,3.593778986992845e-13
100.0,fp32,-,2,1550,3.5117980755522837e-13
100.0,fp32,-,2,1575,3.7058450346119126e-13
100.0,fp32,-,2,1600,3.8503456682300894e-13
100.0,fp32,-,2,1625,3.7568380013423585e-13
100.0,fp32,-,2,1650,3.6667362998274735e-13
100.0,fp32,-,2,1675,4.0429175124077025e-13
100.0,fp32,-,2,1700,4.126111643290543e-13
100.0,fp32,-,2,1725,4.1395863101308354e-13
100.0,fp32,-,2,1750,3.7259628299859885e-13
100.0,fp32,-,2,1775,3.706707186504703e-13
100.0,fp32,-,2,1800,3.746259495230946e-13
100.0,fp32,-,2,1825,4.040816297043731e-13
100.0,fp32,-,2,1850,4.042426069114817e-13
100.0,fp32,-,2,1875,3.9878253580083283e-13
100.0,fp32,-,2,1900,4.0092717013426774e-13
100.0,fp32,-,2,1925,3.904161452420553e-13
100.0,fp32,-,2,1950,3.619563423354246e-13
100.0,fp32,-,2,1975,3.6138385263379146e-13
100.0,fp32,-,2,2000,3.824817836597015e-13
100.0,fp32,-,2,2025,3.5833897343078015e-13
100.0,fp32,-,2,2050,3.583615864728747e-13
100.0,fp32,-,2,2075,3.722624947755954e-13
100.0,fp32,-,2,2100,4.047416158122342e-13
100.0,fp32,-,2,2125,3.7368736376483397e-13
100.0,fp32,-,2,2150,3.775933943422356e-13
100.0,fp32,-,2,2175,3.7610316806998725e-13
100.0,fp32,-,2,2200,3.6460030612610154e-13
100.0,fp32,-,2,2225,3.691191707380212e-13
100.0,fp32,-,2,2250,4.1034569924773245e-13
100.0,fp32,-,2,2275,3.788023608587866e-13
100.0,fp32,-,2,2300,4.040305976356649e-13
100.0,fp32,-,2,2325,3.903827366562108e-13
100.0,fp32,-,2,2350,3.9104797714813133e-13
100.0,fp32,-,2,2375,3.81508911581352e-13
100.0,fp32,-,2,2400,3.699704239976621e-13
100.0,fp32,-,2,2425,3.758481820008448e-13
100.0,fp32,-,2,2450,4.1744076146206814e-13
100.0,fp32,-,2,2475,4.059143942042392e-13
100.0,fp32,-,2,2500,4.2215713364575315e-13
100.0,fp32,-,2,2525,3.868648654029055e-13
100.0,fp32,-,2,2550,3.738283323368822e-13
100.0,fp32,-,2,2575,3.7927445570838563e-13
100.0,fp32,-,2,2600,3.9784345924299116e-13
100.0,fp32,-,2,2625,4.2735652151990543e-13
100.0,fp32,-,2,2650,4.359468813152807e-13
100.0,fp32,-,2,2675,4.0960002155960645e-13
100.0,fp32,-,2,2700,4.148033895313597e-13
100.0,fp32,-,2,2725,3.9213885627462865e-13
100.0,fp32,-,2,2750,4.0208730584658877e-13
100.0,fp32,-,2,2775,3.695420480754353e-13
100.0,fp32,-,2,2800,3.9687825078283044e-13
100.0,fp32,-,2,2825,4.03077702976054e-13
100.0,fp32,-,2,2850,3.9020963519013237e-13
100.0,fp32,-,2,2875,3.835316535179432e-13
100.0,fp32,-,2,2900,3.7776304700159427e-13
100.0,fp32,-,2,2925,4.010420462872385e-13
100.0,fp32,-,2,2950,4.053145146484175e-13
100.0,fp32,-,2,2975,3.825770706674272e-13
100.0,fp32,-,2,2999,3.6519089865630865e-13
100.0,16,rtn,0,0,0.3227117886121288
100.0,16,rtn,0,25,0.007074966620250026
100.0,16,rtn,0,50,0.0015041714443102987
100.0,16,rtn,0,75,0.000433949142461141
100.0,16,rtn,0,100,0.00014000133715289824
100.0,16,rtn,0,125,4.777392004963308e-05
100.0,16,rtn,0,150,1.6948135489057003e-05
100.0,16,rtn,0,175,6.077962058149652e-06
100.0,16,rtn,0,200,2.226647651027427e-06
100.0,16,rtn,0,225,8.423224849439859e-07
100.0,16,rtn,0,250,4.652059725438239e-07
100.0,16,rtn,0,275,3.8812378533661055e-07
100.0,16,rtn,0,300,3.2578341974179054e-07
100.0,16,rtn,0,325,2.7442354951440893e-07
100.0,16,rtn,0,350,2.178697908585907e-07
100.0,16,rtn,0,375,1.9853941182520447e-07
100.0,16,rtn,0,400,1.8775759863148644e-07
100.0,16,rtn,0,425,1.8329349811574655e-07
100.0,16,rtn,0,450,1.809680007486672e-07
100.0,16,rtn,0,475,1.82667691843729e-07
100.0,16,rtn,0,500,1.809680007486672e-07
100.0,16,rtn,0,525,1.82667691843729e-07
100.0,16,rtn,0,550,1.809680007486672e-07
100.0,16,rtn,0,575,1.82667691843729e-07
100.0,16,rtn,0,600,1.809680007486672e-07
100.0,16,rtn,0,625,1.82667691843729e-07
100.0,16,rtn,0,650,1.809680007486672e-07
100.0,16,rtn,0,675,1.82667691843729e-07
100.0,16,rtn,0,700,1.809680007486672e-07
100.0,16,rtn,0,725,1.82667691843729e-07
100.0,16,rtn,0,750,1.809680007486672e-07
100.0,16,rtn,0,775,1.82667691843729e-07
100.0,16,rtn,0,800,1.809680007486672e-07
100.0,16,rtn,0,825,1.82667691843729e-07
100.0,16,rtn,0,850,1.809680007486672e-07
100.0,16,rtn,0,875,1.82667691843729e-07
100.0,16,rtn,0,900,1.809680007486672e-07
100.0,16,rtn,0,925,1.82667691843729e-07
100.0,16,rtn,0,950,1.809680007486672e-07
100.0,16,rtn,0,975,1.82667691843729e-07
100.0,16,rtn,0,1000,1.809680007486672e-07
100.0,16,rtn,0,1025,1.82667691843729e-07
100.0,16,rtn,0,1050,1.809680007486672e-07
100.0,16,rtn,0,1075,1.82667691843729e-07
100.0,16,rtn,0,1100,1.809680007486672e-07
100.0,16,rtn,0,1125,1.82667691843729e-07
100.0,16,rtn,0,1150,1.809680007486672e-07
100.0,16,rtn,0,1175,1.82667691843729e-07
100.0,16,rtn,0,1200,1.809680007486672e-07
100.0,16,rtn,0,1225,1.82667691843729e-07
100.0,16,rtn,0,1250,1.809680007486672e-07
100.0,16,rtn,0,1275,1.82667691843729e-07
100.0,16,rtn,0,1300,1.809680007486672e-07
100.0,16,rtn,0,1325,1.82667691843729e-07
100.0,16,rtn,0,1350,1.809680007486672e-07
100.0,16,rtn,0,1375,1.82667691843729e-07
100.0,16,rtn,0,1400,1.809680007486672e-07
100.0,16,rtn,0,1425,1.82667691843729e-07
100.0,16,rtn,0,1450,1.809680007486672e-07
100.0,16,rtn,0,1475,1.82667691843729e-07
100.0,16,rtn,0,1500,1.809680007486672e-07
100.0,16,rtn,0,1525,1.82667691843729e-07
100.0,16,rtn,0,1550,1.809680007486672e-07
100.0,16,rtn,0,1575,1.82667691843729e-07
100.0,16,rtn,0,1600,1.809680007486672e-07
100.0,16,rtn,0,1625,1.82667691843729e-07
100.0,16,rtn,0,1650,1.809680007486672e-07
100.0,16,rtn,0,1675,1.82667691843729e-07
100.0,16,rtn,0,1700,1.809680007486672e-07
100.0,16,rtn,0,1725,1.82667691843729e-07
100.0,16,rtn,0,1750,1.809680007486672e-07
100.0,16,rtn,0,1775,1.82667691843729e-07
100.0,16,rtn,0,1800,1.809680007486672e-07
100.0,16,rtn,0,1825,1.82667691843729e-07
100.0,16,rtn,0,1850,1.809680007486672e-07
100.0,16,rtn,0,1875,1.82667691843729e-07
100.0,16,rtn,0,1900,1.809680007486672e-07
100.0,16,rtn,0,1925,1.82667691843729e-07
100.0,16,rtn,0,1950,1.809680007486672e-07
100.0,16,rtn,0,1975,1.82667691843729e-07
100.0,16,rtn,0,2000,1.809680007486672e-07
100.0,16,rtn,0,2025,1.82667691843729e-07
100.0,16,rtn,0,2050,1.809680007486672e-07
100.0,16,rtn,0,2075,1.82667691843729e-07
100.0,16,rtn,0,2100,1.809680007486672e-07
100.0,16,rtn,0,2125,1.82667691843729e-07
100.0,16,rtn,0,2150,1.809680007486672e-07
100.0,16,rtn,0,2175,1.82667691843729e-07
100.0,16,rtn,0,2200,1.809680007486672e-07
100.0,16,rtn,0,2225,1.82667691843729e-07
100.0,16,rtn,0,2250,1.809680007486672e-07
100.0,16,rtn,0,2275,1.82667691843729e-07
100.0,16,rtn,0,2300,1.809680007486672e-07
100.0,16,rtn,0,2325,1.82667691843729e-07
100.0,16,rtn,0,2350,1.809680007486672e-07
100.0,16,rtn,0,2375,1.82667691843729e-07
100.0,16,rtn,0,2400,1.809680007486672e-07
100.0,16,rtn,0,2425,1.82667691843729e-07
100.0,16,rtn,0,2450,1.809680007486672e-07
100.0,16,rtn,0,2475,1.82667691843729e-07
100.0,16,rtn,0,2500,1.809680007486672e-07
100.0,16,rtn,0,2525,1.82667691843729e-07
100.0,16,rtn,0,2550,1.809680007486672e-07
100.0,16,rtn,0,2575,1.82667691843729e-07
100.0,16,rtn,0,2600,1.809680007486672e-07
100.0,16,rtn,0,2625,1.82667691843729e-07
100.0,16,rtn,0,2650,1.809680007486672e-07
100.0,16,rtn,0,2675,1.82667691843729e-07
100.0,16,rtn,0,2700,1.809680007486672e-07
100.0,16,rtn,0,2725,1.82667691843729e-07
100.0,16,rtn,0,2750,1.809680007486672e-07
100.0,16,rtn,0,2775,1.82667691843729e-07
100.0,16,rtn,0,2800,1.809680007486672e-07
100.0,16,rtn,0,2825,1.82667691843729e-07
100.0,16,rtn,0,2850,1.809680007486672e-07
100.0,16,rtn,0,2875,1.82667691843729e-07
100.0,16,rtn,0,2900,1.809680007486672e-07
100.0,16,rtn,0,2925,1.82667691843729e-07
100.0,16,rtn,0,2950,1.809680007486672e-07
100.0,16,rtn,0,2975,1.82667691843729e-07
100.0,16,rtn,0,2999,1.82667691843729e-07
100.0,16,rtn,1,0,0.3227117886121288
100.0,16,rtn,1,25,0.007074966620250026
100.0,16,rtn,1,50,0.0015041714443102987
100.0,16,rtn,1,75,0.000433949142461141
100.0,16,rtn,1,100,0.00014000133715289824
100.0,16,rtn,1,125,4.777392004963308e-05
100.0,16,rtn,1,150,1.6948135489057003e-05
100.0,16,rtn,1,175,6.077962058149652e-06
100.0,16,rtn,1,200,2.226647651027427e-06
100.0,16,rtn,1,225,8.423224849439859e-07
100.0,16,rtn,1,250,4.652059725438239e-07
100.0,16,rtn,1,275,3.8812378533661055e-07
100.0,16,rtn,1,300,3.2578341974179054e-07
100.0,16,rtn,1,325,2.7442354951440893e-07
100.0,16,rtn,1,350,2.178697908585907e-07
100.0,16,rtn,1,375,1.9853941182520447e-07
100.0,16,rtn,1,400,1.8775759863148644e-07
100.0,16,rtn,1,425,1.8329349811574655e-07
100.0,16,rtn,1,450,1.809680007486672e-07
100.0,16,rtn,1,475,1.82667691843729e-07
100.0,16,rtn,1,500,1.809680007486672e-07
100.0,16,rtn,1,525,1.82667691843729e-07
100.0,16,rtn,1,550,1.809680007486672e-07
100.0,16,rtn,1,575,1.82667691843729e-07
100.0,16,rtn,1,600,1.809680007486672e-07
100.0,16,rtn,1,625,1.82667691843729e-07
100.0,16,rtn,1,650,1.809680007486672e-07
100.0,16,rtn,1,675,1.82667691843729e-07
100.0,16,rtn,1,700,1.809680007486672e-07
100.0,16,rtn,1,725,1.82667691843729e-07
100.0,16,rtn,1,750,1.809680007486672e-07
100.0,16,rtn,1,775,1.82667691843729e-07
100.0,16,rtn,1,800,1.809680007486672e-07
100.0,16,rtn,1,825,1.82667691843729e-07
100.0,16,rtn,1,850,1.809680007486672e-07
100.0,16,rtn,1,875,1.82667691843729e-07
100.0,16,rtn,1,900,1.809680007486672e-07
100.0,16,rtn,1,925,1.82667691843729e-07
100.0,16,rtn,1,950,1.809680007486672e-07
100.0,16,rtn,1,975,1.82667691843729e-07
100.0,16,rtn,1,1000,1.809680007486672e-07
100.0,16,rtn,1,1025,1.82667691843729e-07
100.0,16,rtn,1,1050,1.809680007486672e-07
100.0,16,rtn,1,1075,1.82667691843729e-07
100.0,16,rtn,1,1100,1.809680007486672e-07
100.0,16,rtn,1,1125,1.82667691843729e-07
100.0,16,rtn,1,1150,1.809680007486672e-07
100.0,16,rtn,1,1175,1.82667691843729e-07
100.0,16,rtn,1,1200,1.809680007486672e-07
100.0,16,rtn,1,1225,1.82667691843729e-07
100.0,16,rtn,1,1250,1.809680007486672e-07
100.0,16,rtn,1,1275,1.82667691843729e-07
100.0,16,rtn,1,1300,1.809680007486672e-07
100.0,16,rtn,1,1325,1.82667691843729e-07
100.0,16,rtn,1,1350,1.809680007486672e-07
100.0,16,rtn,1,1375,1.82667691843729e-07
100.0,16,rtn,1,1400,1.809680007486672e-07
100.0,16,rtn,1,1425,1.82667691843729e-07
100.0,16,rtn,1,1450,1.809680007486672e-07
100.0,16,rtn,1,1475,1.82667691843729e-07
100.0,16,rtn,1,1500,1.809680007486672e-07
100.0,16,rtn,1,1525,1.82667691843729e-07
100.0,16,rtn,1,1550,1.809680007486672e-07
100.0,16,rtn,1,1575,1.82667691843729e-07
100.0,16,rtn,1,1600,1.809680007486672e-07
100.0,16,rtn,1,1625,1.82667691843729e-07
100.0,16,rtn,1,1650,1.809680007486672e-07
100.0,16,rtn,1,1675,1.82667691843729e-07
100.0,16,rtn,1,1700,1.809680007486672e-07
100.0,16,rtn,1,1725,1.82667691843729e-07
100.0,16,rtn,1,1750,1.809680007486672e-07
100.0,16,rtn,1,1775,1.82667691843729e-07
100.0,16,rtn,1,1800,1.809680007486672e-07
100.0,16,rtn,1,1825,1.82667691843729e-07
100.0,16,rtn,1,1850,1.809680007486672e-07
100.0,16,rtn,1,1875,1.82667691843729e-07
100.0,16,rtn,1,1900,1.809680007486672e-07
100.0,16,rtn,1,1925,1.82667691843729e-07
100.0,16,rtn,1,1950,1.809680007486672e-07
100.0,16,rtn,1,1975,1.82667691843729e-07
100.0,16,rtn,1,2000,1.809680007486672e-07
100.0,16,rtn,1,2025,1.82667691843729e-07
100.0,16,rtn,1,2050,1.809680007486672e-07
100.0,16,rtn,1,2075,1.82667691843729e-07
100.0,16,rtn,1,2100,1.809680007486672e-07
100.0,16,rtn,1,2125,1.82667691843729e-07
100.0,16,rtn,1,2150,1.809680007486672e-07
100.0,16,rtn,1,2175,1.82667691843729e-07
100.0,16,rtn,1,2200,1.809680007486672e-07
100.0,16,rtn,1,2225,1.82667691843729e-07
100.0,16,rtn,1,2250,1.809680007486672e-07
100.0,16,rtn,1,2275,1.82667691843729e-07
100.0,16,rtn,1,2300,1.809680007486672e-07
100.0,16,rtn,1,2325,1.82667691843729e-07
100.0,16,rtn,1,2350,1.809680007486672e-07
100.0,16,rtn,1,2375,1.82667691843729e-07
100.0,16,rtn,1,2400,1.809680007486672e-07
100.0,16,rtn,1,2425,1.82667691843729e-07
100.0,16,rtn,1,2450,1.809680007486672e-07
100.0,16,rtn,1,2475,1.82667691843729e-07
100.0,16,rtn,1,2500,1.809680007486672e-07
100.0,16,rtn,1,2525,1.82667691843729e-07
100.0,16,rtn,1,2550,1.809680007486672e-07
100.0,16,rtn,1,2575,1.82667691843729e-07
100.0,16,rtn,1,2600,1.809680007486672e-07
100.0,16,rtn,1,2625,1.82667691843729e-07
100.0,16,rtn,1,2650,1.809680007486672e-07
100.0,16,rtn,1,2675,1.82667691843729e-07
100.0,16,rtn,1,2700,1.809680007486672e-07
100.0,16,rtn,1,2725,1.82667691843729e-07
100.0,16,rtn,1,2750,1.809680007486672e-07
100.0,16,rtn,1,2775,1.82667691843729e-07
100.0,16,rtn,1,2800,1.809680007486672e-07
100.0,16,rtn,1,2825,1.82667691843729e-07
100.0,16,rtn,1,2850,1.809680007486672e-07
100.0,16,rtn,1,2875,1.82667691843729e-07
100.0,16,rtn,1,2900,1.809680007486672e-07
100.0,16,rtn,1,2925,1.82667691843729e-07
100.0,16,rtn,1,2950,1.809680007486672e-07
100.0,16,rtn,1,2975,1.82667691843729e-07
100.0,16,rtn,1,2999,1.82667691843729e-07
100.0,16,rtn,2,0,0.3227117886121288
100.0,16,rtn,2,25,0.007074966620250026
100.0,16,rtn,2,50,0.0015041714443102987
100.0,16,rtn,2,75,0.000433949142461141
100.0,16,rtn,2,100,0.00014000133715289824
100.0,16,rtn,2,125,4.777392004963308e-05
100.0,16,rtn,2,150,1.6948135489057003e-05
100.0,16,rtn,2,175,6.077962058149652e-06
100.0,16,rtn,2,200,2.226647651027427e-06
100.0,16,rtn,2,225,8.423224849439859e-07
100.0,16,rtn,2,250,4.652059725438239e-07
100.0,16,rtn,2,275,3.8812378533661055e-07
100.0,16,rtn,2,300,3.2578341974179054e-07
100.0,16,rtn,2,325,2.7442354951440893e-07
100.0,16,rtn,2,350,2.178697908585907e-07
100.0,16,rtn,2,375,1.9853941182520447e-07
100.0,16,rtn,2,400,1.8775759863148644e-07
100.0,16,rtn,2,425,1.8329349811574655e-07
100.0,16,rtn,2,450,1.809680007486672e-07
100.0,16,rtn,2,475,1.82667691843729e-07
100.0,16,rtn,2,500,1.809680007486672e-07
100.0,16,rtn,2,525,1.82667691843729e-07
100.0,16,rtn,2,550,1.809680007486672e-07
100.0,16,rtn,2,575,1.82667691843729e-07
100.0,16,rtn,2,600,1.809680007486672e-07
100.0,16,rtn,2,625,1.82667691843729e-07
100.0,16,rtn,2,650,1.809680007486672e-07
100.0,16,rtn,2,675,1.82667691843729e-07
100.0,16,rtn,2,700,1.809680007486672e-07
100.0,16,rtn,2,725,1.82667691843729e-07
100.0,16,rtn,2,750,1.809680007486672e-07
100.0,16,rtn,2,775,1.82667691843729e-07
100.0,16,rtn,2,800,1.809680007486672e-07
100.0,16,rtn,2,825,1.82667691843729e-07
100.0,16,rtn,2,850,1.809680007486672e-07
100.0,16,rtn,2,875,1.82667691843729e-07
100.0,16,rtn,2,900,1.809680007486672e-07
100.0,16,rtn,2,925,1.82667691843729e-07
100.0,16,rtn,2,950,1.809680007486672e-07
100.0,16,rtn,2,975,1.82667691843729e-07
100.0,16,rtn,2,1000,1.809680007486672e-07
100.0,16,rtn,2,1025,1.82667691843729e-07
100.0,16,rtn,2,1050,1.809680007486672e-07
100.0,16,rtn,2,1075,1.82667691843729e-07
100.0,16,rtn,2,1100,1.809680007486672e-07
100.0,16,rtn,2,1125,1.82667691843729e-07
100.0,16,rtn,2,1150,1.809680007486672e-07
100.0,16,rtn,2,1175,1.82667691843729e-07
100.0,16,rtn,2,1200,1.809680007486672e-07
100.0,16,rtn,2,1225,1.82667691843729e-07
100.0,16,rtn,2,1250,1.809680007486672e-07
100.0,16,rtn,2,1275,1.82667691843729e-07
100.0,16,rtn,2,1300,1.809680007486672e-07
100.0,16,rtn,2,1325,1.82667691843729e-07
100.0,16,rtn,2,1350,1.809680007486672e-07
100.0,16,rtn,2,1375,1.82667691843729e-07
100.0,16,rtn,2,1400,1.809680007486672e-07
100.0,16,rtn,2,1425,1.82667691843729e-07
100.0,16,rtn,2,1450,1.809680007486672e-07
100.0,16,rtn,2,1475,1.82667691843729e-07
100.0,16,rtn,2,1500,1.809680007486672e-07
100.0,16,rtn,2,1525,1.82667691843729e-07
100.0,16,rtn,2,1550,1.809680007486672e-07
100.0,16,rtn,2,1575,1.82667691843729e-07
100.0,16,rtn,2,1600,1.809680007486672e-07
100.0,16,rtn,2,1625,1.82667691843729e-07
100.0,16,rtn,2,1650,1.809680007486672e-07
100.0,16,rtn,2,1675,1.82667691843729e-07
100.0,16,rtn,2,1700,1.809680007486672e-07
100.0,16,rtn,2,1725,1.82667691843729e-07
100.0,16,rtn,2,1750,1.809680007486672e-07
100.0,16,rtn,2,1775,1.82667691843729e-07
100.0,16,rtn,2,1800,1.809680007486672e-07
100.0,16,rtn,2,1825,1.82667691843729e-07
100.0,16,rtn,2,1850,1.809680007486672e-07
100.0,16,rtn,2,1875,1.82667691843729e-07
100.0,16,rtn,2,1900,1.809680007486672e-07
100.0,16,rtn,2,1925,1.82667691843729e-07
100.0,16,rtn,2,1950,1.809680007486672e-07
100.0,16,rtn,2,1975,1.82667691843729e-07
100.0,16,rtn,2,2000,1.809680007486672e-07
100.0,16,rtn,2,2025,1.82667691843729e-07
100.0,16,rtn,2,2050,1.809680007486672e-07
100.0,16,rtn,2,2075,1.82667691843729e-07
100.0,16,rtn,2,2100,1.809680007486672e-07
100.0,16,rtn,2,2125,1.82667691843729e-07
100.0,16,rtn,2,2150,1.809680007486672e-07
100.0,16,rtn,2,2175,1.82667691843729e-07
100.0,16,rtn,2,2200,1.809680007486672e-07
100.0,16,rtn,2,2225,1.82667691843729e-07
100.0,16,rtn,2,2250,1.809680007486672e-07
100.0,16,rtn,2,2275,1.82667691843729e-07
100.0,16,rtn,2,2300,1.809680007486672e-07
100.0,16,rtn,2,2325,1.82667691843729e-07
100.0,16,rtn,2,2350,1.809680007486672e-07
100.0,16,rtn,2,2375,1.82667691843729e-07
100.0,16,rtn,2,2400,1.809680007486672e-07
100.0,16,rtn,2,2425,1.82667691843729e-07
100.0,16,rtn,2,2450,1.809680007486672e-07
100.0,16,rtn,2,2475,1.82667691843729e-07
100.0,16,rtn,2,2500,1.809680007486672e-07
100.0,16,rtn,2,2525,1.82667691843729e-07
100.0,16,rtn,2,2550,1.809680007486672e-07
100.0,16,rtn,2,2575,1.82667691843729e-07
100.0,16,rtn,2,2600,1.809680007486672e-07
100.0,16,rtn,2,2625,1.82667691843729e-07
100.0,16,rtn,2,2650,1.809680007486672e-07
100.0,16,rtn,2,2675,1.82667691843729e-07
100.0,16,rtn,2,2700,1.809680007486672e-07
100.0,16,rtn,2,2725,1.82667691843729e-07
100.0,16,rtn,2,2750,1.809680007486672e-07
100.0,16,rtn,2,2775,1.82667691843729e-07
100.0,16,rtn,2,2800,1.809680007486672e-07
100.0,16,rtn,2,2825,1.82667691843729e-07
100.0,16,rtn,2,2850,1.809680007486672e-07
100.0,16,rtn,2,2875,1.82667691843729e-07
100.0,16,rtn,2,2900,1.809680007486672e-07
100.0,16,rtn,2,2925,1.82667691843729e-07
100.0,16,rtn,2,2950,1.809680007486672e-07
100.0,16,rtn,2,2975,1.82667691843729e-07
100.0,16,rtn,2,2999,1.82667691843729e-07
100.0,16,sr,0,0,0.32271370081451933
100.0,16,sr,0,25,0.007081159227118837
100.0,16,sr,0,50,0.0015079722621041934
100.0,16,sr,0,75,0.00043525738476748993
100.0,16,sr,0,100,0.0001412483433829378
100.0,16,sr,0,125,4.8138228568550465e-05
100.0,16,sr,0,150,1.6878900906701914e-05
100.0,16,sr,0,175,6.047993711796456e-06
100.0,16,sr,0,200,2.327522645712733e-06
100.0,16,sr,0,225,9.26757020914941e-07
100.0,16,sr,0,250,3.842023421316479e-07
100.0,16,sr,0,275,1.643485004882974e-07
100.0,16,sr,0,300,7.126364653005596e-08
100.0,16,sr,0,325,2.8537071053104246e-08
100.0,16,sr,0,350,2.2611493337464423e-08
100.0,16,sr,0,375,2.1471428749564146e-08
100.0,16,sr,0,400,2.4887059809305304e-08
100.0,16,sr,0,425,2.0612938249753462e-08
100.0,16,sr,0,450,2.54930193197384e-08
100.0,16,sr,0,475,2.9609213243348823e-08
100.0,16,sr,0,500,3.002128389686521e-08
100.0,16,sr,0,525,2.6032347000234303e-08
100.0,16,sr,0,550,2.144713333891768e-08
100.0,16,sr,0,575,2.2949127849474152e-08
100.0,16,sr,0,600,2.4091562927095753e-08
100.0,16,sr,0,625,3.3847828320497995e-08
100.0,16,sr,0,650,2.3584508551810907e-08
100.0,16,sr,0,675,2.604515512749139e-08
100.0,16,sr,0,700,2.722719198701297e-08
100.0,16,sr,0,725,3.0104392614916084e-08
100.0,16,sr,0,750,2.103506689028805e-08
100.0,16,sr,0,775,2.897427572004195e-08
100.0,16,sr,0,800,2.75806491038085e-08
100.0,16,sr,0,825,2.2607082160058974e-08
100.0,16,sr,0,850,2.408178290439004e-08
100.0,16,sr,0,875,2.050910393581214e-08
100.0,16,sr,0,900,2.209898062721722e-08
100.0,16,sr,0,925,2.367259587310456e-08
100.0,16,sr,0,950,2.197859783796591e-08
100.0,16,sr,0,975,2.5674351543268074e-08
100.0,16,sr,0,1000,2.5427671399034954e-08
100.0,16,sr,0,1025,2.6970970948640512e-08
100.0,16,sr,0,1050,2.7260226477916863e-08
100.0,16,sr,0,1075,2.5131159619313102e-08
100.0,16,sr,0,1100,2.539610541157462e-08
100.0,16,sr,0,1125,2.2976713654856023e-08
100.0,16,sr,0,1150,2.3333144397085063e-08
100.0,16,sr,0,1175,3.350626046108509e-08
100.0,16,sr,0,1200,2.727852841578858e-08
100.0,16,sr,0,1225,2.236611326840858e-08
100.0,16,sr,0,1250,2.263506325125786e-08
100.0,16,sr,0,1275,2.2860564618313573e-08
100.0,16,sr,0,1300,2.4836441181400563e-08
100.0,16,sr,0,1325,2.1007131681385255e-08
100.0,16,sr,0,1350,2.2290694808571573e-08
100.0,16,sr,0,1375,2.2079799553451866e-08
100.0,16,sr,0,1400,2.2621554892657754e-08
100.0,16,sr,0,1425,2.5974732695132103e-08
100.0,16,sr,0,1450,2.178476754914247e-08
100.0,16,sr,0,1475,2.120580734477702e-08
100.0,16,sr,0,1500,1.9798067986690778e-08
100.0,16,sr,0,1525,2.6132946571951602e-08
100.0,16,sr,0,1550,2.1020994492666293e-08
100.0,16,sr,0,1575,2.347505851044183e-08
100.0,16,sr,0,1600,2.7808083688938986e-08
100.0,16,sr,0,1625,2.5483445820467145e-08
100.0,16,sr,0,1650,2.4194100703796996e-08
100.0,16,sr,0,1675,2.5108718021909876e-08
100.0,16,sr,0,1700,2.3601106430249712e-08
100.0,16,sr,0,1725,2.209696852069653e-08
100.0,16,sr,0,1750,2.0467693694151626e-08
100.0,16,sr,0,1775,2.1093492896527253e-08
100.0,16,sr,0,1800,2.7509004948937347e-08
100.0,16,sr,0,1825,2.3261573920954743e-08
100.0,16,sr,0,1850,2.955294661454513e-08
100.0,16,sr,0,1875,2.223046039689462e-08
100.0,16,sr,0,1900,2.4476564656743195e-08
100.0,16,sr,0,1925,2.9245273050337132e-08
100.0,16,sr,0,1950,3.6538285542311065e-08
100.0,16,sr,0,1975,3.1213133712964786e-08
100.0,16,sr,0,2000,2.558121780772409e-08
100.0,16,sr,0,2025,2.678135124692671e-08
100.0,16,sr,0,2050,2.4058106772703656e-08
100.0,16,sr,0,2075,2.1072019452468564e-08
100.0,16,sr,0,2100,2.6242645314498216e-08
100.0,16,sr,0,2125,2.5870231689012595e-08
100.0,16,sr,0,2150,2.667302961507149e-08
100.0,16,sr,0,2175,2.53349978387025e-08
100.0,16,sr,0,2200,2.4975229234030823e-08
100.0,16,sr,0,2225,2.419258083203496e-08
100.0,16,sr,0,2250,3.305086646292377e-08
100.0,16,sr,0,2275,2.5833675938188182e-08
100.0,16,sr,0,2300,2.368202485851235e-08
100.0,16,sr,0,2325,2.36662387396342e-08
100.0,16,sr,0,2350,2.8013324934272624e-08
100.0,16,sr,0,2375,2.3682280214829383e-08
100.0,16,sr,0,2400,2.4730946318298727e-08
100.0,16,sr,0,2425,2.1261873216112613e-08
100.0,16,sr,0,2450,2.4002825908807037e-08
100.0,16,sr,0,2475,2.1228963020297092e-08
100.0,16,sr,0,2500,2.5176444931603174e-08
100.0,16,sr,0,2525,2.0133212586296338e-08
100.0,16,sr,0,2550,2.290649953593097e-08
100.0,16,sr,0,2575,3.0357904578591354e-08
100.0,16,sr,0,2600,2.217952347577251e-08
100.0,16,sr,0,2625,2.6353430587498557e-08
100.0,16,sr,0,2650,2.5507000656488483e-08
100.0,16,sr,0,2675,2.9678174143209113e-08
100.0,16,sr,0,2700,2.509255629373431e-08
100.0,16,sr,0,2725,2.3706381510063067e-08
100.0,16,sr,0,2750,3.092803551103448e-08
100.0,16,sr,0,2775,1.9531901925203772e-08
100.0,16,sr,0,2800,2.9390560693729047e-08
100.0,16,sr,0,2825,2.3198970068084646e-08
100.0,16,sr,0,2850,2.404904516804381e-08
100.0,16,sr,0,2875,2.3637251732624266e-08
100.0,16,sr,0,2900,2.99881895881909e-08
100.0,16,sr,0,2925,1.8753735257731415e-08
100.0,16,sr,0,2950,2.639532708694026e-08
100.0,16,sr,0,2975,2.5437716459018786e-08
100.0,16,sr,0,2999,2.2008362397149305e-08
100.0,16,sr,1,0,0.3227175510241269
100.0,16,sr,1,25,0.007086453717224431
100.0,16,sr,1,50,0.0015084254387521415
100.0,16,sr,1,75,0.0004370657964403855
100.0,16,sr,1,100,0.00014111242057953982
100.0,16,sr,1,125,4.8396480167696276e-05
100.0,16,sr,1,150,1.6966066908672863e-05
100.0,16,sr,1,175,5.960519795312698e-06
100.0,16,sr,1,200,2.1943467316054826e-06
100.0,16,sr,1,225,8.743476720257829e-07
100.0,16,sr,1,250,2.7267451358244143e-07
100.0,16,sr,1,275,1.2344871843316102e-07
100.0,16,sr,1,300,4.4549477088770926e-08
100.0,16,sr,1,325,2.7448254476675444e-08
100.0,16,sr,1,350,2.5547974789335333e-08
100.0,16,sr,1,375,2.5343973707911276e-08
100.0,16,sr,1,400,2.6480860888527588e-08
100.0,16,sr,1,425,2.364326616691332e-08
100.0,16,sr,1,450,2.5291343403537962e-08
100.0,16,sr,1,475,2.9049093520634926e-08
100.0,16,sr,1,500,2.1515040071686186e-08
100.0,16,sr,1,525,2.1737145458571526e-08
100.0,16,sr,1,550,2.6395497866346796e-08
100.0,16,sr,1,575,2.7273891605133554e-08
100.0,16,sr,1,600,2.3918288435209375e-08
100.0,16,sr,1,625,2.3447172599918503e-08
100.0,16,sr,1,650,2.1500091679928117e-08
100.0,16,sr,1,675,2.2420795592446124e-08
100.0,16,sr,1,700,2.662769347179427e-08
100.0,16,sr,1,725,2.3331531585927047e-08
100.0,16,sr,1,750,2.4218649952194672e-08
100.0,16,sr,1,775,2.2585639634648997e-08
100.0,16,sr,1,800,2.3541259883866246e-08
100.0,16,sr,1,825,1.943258753866718e-08
100.0,16,sr,1,850,2.892809923020869e-08
100.0,16,sr,1,875,2.0446074703755935e-08
100.0,16,sr,1,900,2.3472343125276104e-08
100.0,16,sr,1,925,2.048272574255755e-08
100.0,16,sr,1,950,2.3671478603083717e-08
100.0,16,sr,1,975,1.949498209366111e-08
100.0,16,sr,1,1000,2.349404582530392e-08
100.0,16,sr,1,1025,3.218089402042211e-08
100.0,16,sr,1,1050,2.5807793237904945e-08
100.0,16,sr,1,1075,2.462331641729475e-08
100.0,16,sr,1,1100,2.1682136708155042e-08
100.0,16,sr,1,1125,2.317219346932736e-08
100.0,16,sr,1,1150,2.325232920344626e-08
100.0,16,sr,1,1175,2.5099328110367672e-08
100.0,16,sr,1,1200,2.7272580650311346e-08
100.0,16,sr,1,1225,2.8053385302716996e-08
100.0,16,sr,1,1250,2.3339116058587494e-08
100.0,16,sr,1,1275,3.128887868656988e-08
100.0,16,sr,1,1300,2.2256847678618852e-08
100.0,16,sr,1,1325,1.9556921152068522e-08
100.0,16,sr,1,1350,2.5005369685186835e-08
100.0,16,sr,1,1375,2.1375409642737642e-08
100.0,16,sr,1,1400,2.362015334008693e-08
100.0,16,sr,1,1425,2.238916694490593e-08
100.0,16,sr,1,1450,2.0041583498565113e-08
100.0,16,sr,1,1475,2.432913242125443e-08
100.0,16,sr,1,1500,2.260917009117818e-08
100.0,16,sr,1,1525,2.9562348620422086e-08
100.0,16,sr,1,1550,2.0902297721108982e-08
100.0,16,sr,1,1575,2.276665218441382e-08
100.0,16,sr,1,1600,2.4563188380666126e-08
100.0,16,sr,1,1625,2.579530563127915e-08
100.0,16,sr,1,1650,2.3655623684551407e-08
100.0,16,sr,1,1675,2.5184022691103455e-08
100.0,16,sr,1,1700,2.45669183487543e-08
100.0,16,sr,1,1725,2.5144063446914396e-08
100.0,16,sr,1,1750,2.2114875659353776e-08
100.0,16,sr,1,1775,2.712619981799786e-08
100.0,16,sr,1,1800,2.2588767086517987e-08
100.0,16,sr,1,1825,2.2710599665041333e-08
100.0,16,sr,1,1850,3.26687167827457e-08
100.0,16,sr,1,1875,2.2514748084379148e-08
100.0,16,sr,1,1900,2.090397549787682e-08
100.0,16,sr,1,1925,2.4708889327799945e-08
100.0,16,sr,1,1950,2.142352622432054e-08
100.0,16,sr,1,1975,2.2836163651218394e-08
100.0,16,sr,1,2000,2.9217448537911704e-08
100.0,16,sr,1,2025,2.9529450839397872e-08
100.0,16,sr,1,2050,2.1019345292917372e-08
100.0,16,sr,1,2075,2.475043176780945e-08
100.0,16,sr,1,2100,3.765929250757904e-08
100.0,16,sr,1,2125,2.321674559320017e-08
100.0,16,sr,1,2150,2.0193922446036416e-08
100.0,16,sr,1,2175,2.387920513096093e-08
100.0,16,sr,1,2200,2.4770060185035524e-08
100.0,16,sr,1,2225,2.3073433117660725e-08
100.0,16,sr,1,2250,2.5437234299513212e-08
100.0,16,sr,1,2275,2.8179864472632236e-08
100.0,16,sr,1,2300,3.179850987356659e-08
100.0,16,sr,1,2325,2.584069931740844e-08
100.0,16,sr,1,2350,2.2812324599037804e-08
100.0,16,sr,1,2375,2.546614547957444e-08
100.0,16,sr,1,2400,2.5749457289163924e-08
100.0,16,sr,1,2425,2.279377513482665e-08
100.0,16,sr,1,2450,2.466610703159434e-08
100.0,16,sr,1,2475,3.448608567585588e-08
100.0,16,sr,1,2500,2.6406801414716876e-08
100.0,16,sr,1,2525,2.6323528712783353e-08
100.0,16,sr,1,2550,2.6110584562783488e-08
100.0,16,sr,1,2575,2.3291161050750126e-08
100.0,16,sr,1,2600,2.1937992116003874e-08
100.0,16,sr,1,2625,2.350845179777901e-08
100.0,16,sr,1,2650,2.7725577616526024e-08
100.0,16,sr,1,2675,2.4519033220520822e-08
100.0,16,sr,1,2700,2.5959786440325843e-08
100.0,16,sr,1,2725,2.493318938731941e-08
100.0,16,sr,1,2750,2.3039462606526608e-08
100.0,16,sr,1,2775,2.5818957929816555e-08
100.0,16,sr,1,2800,3.28301186707254e-08
100.0,16,sr,1,2825,2.9657343686825578e-08
100.0,16,sr,1,2850,2.581545541599059e-08
100.0,16,sr,1,2875,2.8039475595609077e-08
100.0,16,sr,1,2900,2.505701641320147e-08
100.0,16,sr,1,2925,2.868987304225474e-08
100.0,16,sr,1,2950,2.6596448557650208e-08
100.0,16,sr,1,2975,2.34989407487047e-08
100.0,16,sr,1,2999,2.5693496798250156e-08
100.0,16,sr,2,0,0.32271717515195975
100.0,16,sr,2,25,0.007086741550885931
100.0,16,sr,2,50,0.001507495001443362
100.0,16,sr,2,75,0.00043401805100586055
100.0,16,sr,2,100,0.00014123400677959935
100.0,16,sr,2,125,4.8538742736261636e-05
100.0,16,sr,2,150,1.7503901070024488e-05
100.0,16,sr,2,175,6.230018843570738e-06
100.0,16,sr,2,200,2.1851104216254784e-06
100.0,16,sr,2,225,8.955879527385255e-07
100.0,16,sr,2,250,3.3941967070032327e-07
100.0,16,sr,2,275,1.1465379120800465e-07
100.0,16,sr,2,300,6.592360427828884e-08
100.0,16,sr,2,325,4.5664213407598425e-08
100.0,16,sr,2,350,2.426828835612108e-08
100.0,16,sr,2,375,2.3873546656299395e-08
100.0,16,sr,2,400,2.2749648913926106e-08
100.0,16,sr,2,425,2.276493759174191e-08
100.0,16,sr,2,450,2.2263391877199405e-08
100.0,16,sr,2,475,2.226199270541802e-08
100.0,16,sr,2,500,2.2915685117625567e-08
100.0,16,sr,2,525,2.408251929487371e-08
100.0,16,sr,2,550,2.466921658190835e-08
100.0,16,sr,2,575,2.5225880449820687e-08
100.0,16,sr,2,600,2.4941593749378683e-08
100.0,16,sr,2,625,2.6323118057715278e-08
100.0,16,sr,2,650,2.8515288299823624e-08
100.0,16,sr,2,675,2.2853314872781413e-08
100.0,16,sr,2,700,2.3830975681524425e-08
100.0,16,sr,2,725,2.3792150559838314e-08
100.0,16,sr,2,750,2.0545060491331578e-08
100.0,16,sr,2,775,2.055116786052781e-08
100.0,16,sr,2,800,2.3053753162990933e-08
100.0,16,sr,2,825,2.2545300430183596e-08
100.0,16,sr,2,850,2.263385181011959e-08
100.0,16,sr,2,875,2.8142060961907775e-08
100.0,16,sr,2,900,3.048038107227974e-08
100.0,16,sr,2,925,3.7749080184438905e-08
100.0,16,sr,2,950,2.2632529869955082e-08
100.0,16,sr,2,975,2.276341671707616e-08
100.0,16,sr,2,1000,1.8811538843996038e-08
100.0,16,sr,2,1025,2.6924488545927922e-08
100.0,16,sr,2,1050,2.324959297966288e-08
100.0,16,sr,2,1075,1.960463857505245e-08
100.0,16,sr,2,1100,2.7175062358712838e-08
100.0,16,sr,2,1125,2.3822905000969866e-08
100.0,16,sr,2,1150,2.521638513147096e-08
100.0,16,sr,2,1175,2.376619864654993e-08
100.0,16,sr,2,1200,2.707061670484542e-08
100.0,16,sr,2,1225,2.6190942329054834e-08
100.0,16,sr,2,1250,3.0649526049352766e-08
100.0,16,sr,2,1275,2.1076038834233186e-08
100.0,16,sr,2,1300,2.469099121998001e-08
100.0,16,sr,2,1325,2.3046943490736376e-08
100.0,16,sr,2,1350,2.472528862999051e-08
100.0,16,sr,2,1375,2.5886737532025783e-08
100.0,16,sr,2,1400,2.3715112206312212e-08
100.0,16,sr,2,1425,2.661595201536332e-08
100.0,16,sr,2,1450,3.336274831490147e-08
100.0,16,sr,2,1475,2.4466248338462995e-08
100.0,16,sr,2,1500,2.6278654411779335e-08
100.0,16,sr,2,1525,2.1755312124279833e-08
100.0,16,sr,2,1550,2.552467274389879e-08
100.0,16,sr,2,1575,2.985573257653355e-08
100.0,16,sr,2,1600,3.216233419301328e-08
100.0,16,sr,2,1625,1.8831554118756156e-08
100.0,16,sr,2,1650,2.1170648879252216e-08
100.0,16,sr,2,1675,2.5160340582019225e-08
100.0,16,sr,2,1700,1.976726926706458e-08
100.0,16,sr,2,1725,2.2714539253581978e-08
100.0,16,sr,2,1750,2.2874169808467303e-08
100.0,16,sr,2,1775,1.9889660680533655e-08
100.0,16,sr,2,1800,2.809041463464372e-08
100.0,16,sr,2,1825,3.013128118024571e-08
100.0,16,sr,2,1850,2.800727880531231e-08
100.0,16,sr,2,1875,2.8879586053810205e-08
100.0,16,sr,2,1900,2.651967009819533e-08
100.0,16,sr,2,1925,2.8544790457662193e-08
100.0,16,sr,2,1950,2.9685992934192673e-08
100.0,16,sr,2,1975,2.5872074791967248e-08
100.0,16,sr,2,2000,2.6065788132276505e-08
100.0,16,sr,2,2025,2.586539474915499e-08
100.0,16,sr,2,2050,2.0506660609988474e-08
100.0,16,sr,2,2075,3.0687265078498637e-08
100.0,16,sr,2,2100,2.4247321327483665e-08
100.0,16,sr,2,2125,2.4317255956564714e-08
100.0,16,sr,2,2150,3.18016000076943e-08
100.0,16,sr,2,2175,3.441212805879052e-08
100.0,16,sr,2,2200,2.7355348353346733e-08
100.0,16,sr,2,2225,2.759524489207048e-08
100.0,16,sr,2,2250,2.7445964835015884e-08
100.0,16,sr,2,2275,2.1190009816716016e-08
100.0,16,sr,2,2300,2.844835484387808e-08
100.0,16,sr,2,2325,2.6587146910255435e-08
100.0,16,sr,2,2350,3.000178583000251e-08
100.0,16,sr,2,2375,2.56081813356265e-08
100.0,16,sr,2,2400,2.0135954895968576e-08
100.0,16,sr,2,2425,1.9078302612672484e-08
100.0,16,sr,2,2450,2.2500148039098648e-08
100.0,16,sr,2,2475,2.341576630811738e-08
100.0,16,sr,2,2500,2.005889799712376e-08
100.0,16,sr,2,2525,2.4618267179075667e-08
100.0,16,sr,2,2550,2.1192671366324347e-08
100.0,16,sr,2,2575,2.05075877398808e-08
100.0,16,sr,2,2600,2.3144960028325755e-08
100.0,16,sr,2,2625,2.1775675169420375e-08
100.0,16,sr,2,2650,2.479955571500822e-08
100.0,16,sr,2,2675,3.072822057877908e-08
100.0,16,sr,2,2700,2.211943331128951e-08
100.0,16,sr,2,2725,3.131854001415582e-08
100.0,16,sr,2,2750,2.3812771013967755e-08
100.0,16,sr,2,2775,2.8778216078309805e-08
100.0,16,sr,2,2800,2.4767758669127447e-08
100.0,16,sr,2,2825,2.5357383608326575e-08
100.0,16,sr,2,2850,2.338615847345239e-08
100.0,16,sr,2,2875,2.3475639912909292e-08
100.0,16,sr,2,2900,2.8900412694448495e-08
100.0,16,sr,2,2925,2.9929186446858924e-08
100.0,16,sr,2,2950,2.634691782989214e-08
100.0,16,sr,2,2975,2.637167614378897e-08
100.0,16,sr,2,2999,2.5867793017809345e-08
100.0,16,ef,0,0,0.3227117886121288
100.0,16,ef,0,25,0.007086861090139339
100.0,16,ef,0,50,0.0015055079581376197
100.0,16,ef,0,75,0.0004370433650875236
100.0,16,ef,0,100,0.00014236943946041223
100.0,16,ef,0,125,4.858552000226723e-05
100.0,16,ef,0,150,1.750077964146e-05
100.0,16,ef,0,175,6.243301147689751e-06
100.0,16,ef,0,200,2.392840037252006e-06
100.0,16,ef,0,225,1.1679341548579934e-06
100.0,16,ef,0,250,4.956577381633212e-07
100.0,16,ef,0,275,2.3264367517383044e-07
100.0,16,ef,0,300,1.0926239720978147e-07
100.0,16,ef,0,325,7.076899533802979e-08
100.0,16,ef,0,350,4.500014303167438e-08
100.0,16,ef,0,375,3.706575201863773e-08
100.0,16,ef,0,400,3.5862081931881074e-08
100.0,16,ef,0,425,4.61062306058387e-08
100.0,16,ef,0,450,4.6384424313361735e-08
100.0,16,ef,0,475,3.713459811755492e-08
100.0,16,ef,0,500,3.842561199149451e-08
100.0,16,ef,0,525,5.607386700801556e-08
100.0,16,ef,0,550,4.37845587730299e-08
100.0,16,ef,0,575,3.6009643804043807e-08
100.0,16,ef,0,600,4.2317292343923807e-08
100.0,16,ef,0,625,4.2521197050863145e-08
100.0,16,ef,0,650,4.518691934356695e-08
100.0,16,ef,0,675,5.8610157242925106e-08
100.0,16,ef,0,700,2.9773095165836847e-08
100.0,16,ef,0,725,3.021438426764327e-08
100.0,16,ef,0,750,3.7537573822955746e-08
100.0,16,ef,0,775,5.064117938586834e-08
100.0,16,ef,0,800,7.039477019021767e-08
100.0,16,ef,0,825,6.253142311950645e-08
100.0,16,ef,0,850,3.522031928221715e-08
100.0,16,ef,0,875,4.0652626491073036e-08
100.0,16,ef,0,900,5.8551124297934984e-08
100.0,16,ef,0,925,5.0160075350746677e-08
100.0,16,ef,0,950,4.3247632469284284e-08
100.0,16,ef,0,975,5.4041900941251615e-08
100.0,16,ef,0,1000,3.6991371055608314e-08
100.0,16,ef,0,1025,3.67636832258197e-08
100.0,16,ef,0,1050,4.365956257520172e-08
100.0,16,ef,0,1075,3.8784482437077756e-08
100.0,16,ef,0,1100,6.129654992746728e-08
100.0,16,ef,0,1125,4.45617636148616e-08
100.0,16,ef,0,1150,5.7235159813067724e-08
100.0,16,ef,0,1175,6.602585808453787e-08
100.0,16,ef,0,1200,3.631963525904112e-08
100.0,16,ef,0,1225,3.4107694070725165e-08
100.0,16,ef,0,1250,4.4072672226315876e-08
100.0,16,ef,0,1275,6.482618471534294e-08
100.0,16,ef,0,1300,4.0209491170387984e-08
100.0,16,ef,0,1325,5.3057013953293526e-08
100.0,16,ef,0,1350,3.9725359857776685e-08
100.0,16,ef,0,1375,3.0012884536885357e-08
100.0,16,ef,0,1400,5.5023597430931464e-08
100.0,16,ef,0,1425,5.815541671383935e-08
100.0,16,ef,0,1450,4.18831099446884e-08
100.0,16,ef,0,1475,4.456395204774276e-08
100.0,16,ef,0,1500,4.405993581338118e-08
100.0,16,ef,0,1525,4.966525980447485e-08
100.0,16,ef,0,1550,3.332933624100062e-08
100.0,16,ef,0,1575,4.3318482282922106e-08
100.0,16,ef,0,1600,4.806176713298374e-08
100.0,16,ef,0,1625,3.806675525740817e-08
100.0,16,ef,0,1650,5.702511480915002e-08
100.0,16,ef,0,1675,7.758481163093672e-08
100.0,16,ef,0,1700,5.1488609634862486e-08
100.0,16,ef,0,1725,4.446152980408959e-08
100.0,16,ef,0,1750,4.79696425872976e-08
100.0,16,ef,0,1775,6.326048117423703e-08
100.0,16,ef,0,1800,3.229753100429466e-08
100.0,16,ef,0,1825,3.457457075674689e-08
100.0,16,ef,0,1850,6.361744472072086e-08
100.0,16,ef,0,1875,4.1045944329191935e-08
100.0,16,ef,0,1900,5.578715455383458e-08
100.0,16,ef,0,1925,4.727397385431805e-08
100.0,16,ef,0,1950,6.771907356239134e-08
100.0,16,ef,0,1975,3.860432244044871e-08
100.0,16,ef,0,2000,3.6295535136696947e-08
100.0,16,ef,0,2025,4.3380395126063694e-08
100.0,16,ef,0,2050,4.414325848323275e-08
100.0,16,ef,0,2075,3.7125102084072516e-08
100.0,16,ef,0,2100,3.101527647619663e-08
100.0,16,ef,0,2125,5.4697075136658765e-08
100.0,16,ef,0,2150,5.261681608998453e-08
100.0,16,ef,0,2175,3.5698494975332814e-08
100.0,16,ef,0,2200,2.8098858080145715e-08
100.0,16,ef,0,2225,4.1605156515014836e-08
100.0,16,ef,0,2250,5.1675578422756596e-08
100.0,16,ef,0,2275,4.9929040752897924e-08
100.0,16,ef,0,2300,2.900570920369515e-08
100.0,16,ef,0,2325,4.537626856585724e-08
100.0,16,ef,0,2350,4.272284648119483e-08
100.0,16,ef,0,2375,4.441200243270532e-08
100.0,16,ef,0,2400,3.0133672185905876e-08
100.0,16,ef,0,2425,3.504496556282917e-08
100.0,16,ef,0,2450,4.9774594989815455e-08
100.0,16,ef,0,2475,3.116044888521806e-08
100.0,16,ef,0,2500,4.661061874097298e-08
100.0,16,ef,0,2525,4.9050914131473985e-08
100.0,16,ef,0,2550,4.35897570824045e-08
100.0,16,ef,0,2575,4.9215991127511826e-08
100.0,16,ef,0,2600,4.3055675598102475e-08
100.0,16,ef,0,2625,6.245497177637509e-08
100.0,16,ef,0,2650,4.488553125686832e-08
100.0,16,ef,0,2675,6.637315776442883e-08
100.0,16,ef,0,2700,3.5824651405429775e-08
100.0,16,ef,0,2725,4.456070251043866e-08
100.0,16,ef,0,2750,6.830653906883223e-08
100.0,16,ef,0,2775,4.333822878609224e-08
100.0,16,ef,0,2800,3.1529569282732196e-08
100.0,16,ef,0,2825,3.112403638388028e-08
100.0,16,ef,0,2850,3.4753198546965375e-08
100.0,16,ef,0,2875,3.228337999908245e-08
100.0,16,ef,0,2900,3.911412609076082e-08
100.0,16,ef,0,2925,3.45147610698747e-08
100.0,16,ef,0,2950,4.892179765612528e-08
100.0,16,ef,0,2975,6.163390448878039e-08
100.0,16,ef,0,2999,3.3467986806985714e-08
100.0,16,ef,1,0,0.3227117886121288
100.0,16,ef,1,25,0.007086861090139339
100.0,16,ef,1,50,0.0015055079581376197
100.0,16,ef,1,75,0.0004370433650875236
100.0,16,ef,1,100,0.00014236943946041223
100.0,16,ef,1,125,4.858552000226723e-05
100.0,16,ef,1,150,1.750077964146e-05
100.0,16,ef,1,175,6.243301147689751e-06
100.0,16,ef,1,200,2.392840037252006e-06
100.0,16,ef,1,225,1.1679341548579934e-06
100.0,16,ef,1,250,4.956577381633212e-07
100.0,16,ef,1,275,2.3264367517383044e-07
100.0,16,ef,1,300,1.0926239720978147e-07
100.0,16,ef,1,325,7.076899533802979e-08
100.0,16,ef,1,350,4.500014303167438e-08
100.0,16,ef,1,375,3.706575201863773e-08
100.0,16,ef,1,400,3.5862081931881074e-08
100.0,16,ef,1,425,4.61062306058387e-08
100.0,16,ef,1,450,4.6384424313361735e-08
100.0,16,ef,1,475,3.713459811755492e-08
100.0,16,ef,1,500,3.842561199149451e-08
100.0,16,ef,1,525,5.607386700801556e-08
100.0,16,ef,1,550,4.37845587730299e-08
100.0,16,ef,1,575,3.6009643804043807e-08
100.0,16,ef,1,600,4.2317292343923807e-08
100.0,16,ef,1,625,4.2521197050863145e-08
100.0,16,ef,1,650,4.518691934356695e-08
100.0,16,ef,1,675,5.8610157242925106e-08
100.0,16,ef,1,700,2.9773095165836847e-08
100.0,16,ef,1,725,3.021438426764327e-08
100.0,16,ef,1,750,3.7537573822955746e-08
100.0,16,ef,1,775,5.064117938586834e-08
100.0,16,ef,1,800,7.039477019021767e-08
100.0,16,ef,1,825,6.253142311950645e-08
100.0,16,ef,1,850,3.522031928221715e-08
100.0,16,ef,1,875,4.0652626491073036e-08
100.0,16,ef,1,900,5.8551124297934984e-08
100.0,16,ef,1,925,5.0160075350746677e-08
100.0,16,ef,1,950,4.3247632469284284e-08
100.0,16,ef,1,975,5.4041900941251615e-08
100.0,16,ef,1,1000,3.6991371055608314e-08
100.0,16,ef,1,1025,3.67636832258197e-08
100.0,16,ef,1,1050,4.365956257520172e-08
100.0,16,ef,1,1075,3.8784482437077756e-08
100.0,16,ef,1,1100,6.129654992746728e-08
100.0,16,ef,1,1125,4.45617636148616e-08
100.0,16,ef,1,1150,5.7235159813067724e-08
100.0,16,ef,1,1175,6.602585808453787e-08
100.0,16,ef,1,1200,3.631963525904112e-08
100.0,16,ef,1,1225,3.4107694070725165e-08
100.0,16,ef,1,1250,4.4072672226315876e-08
100.0,16,ef,1,1275,6.482618471534294e-08
100.0,16,ef,1,1300,4.0209491170387984e-08
100.0,16,ef,1,1325,5.3057013953293526e-08
100.0,16,ef,1,1350,3.9725359857776685e-08
100.0,16,ef,1,1375,3.0012884536885357e-08
100.0,16,ef,1,1400,5.5023597430931464e-08
100.0,16,ef,1,1425,5.815541671383935e-08
100.0,16,ef,1,1450,4.18831099446884e-08
100.0,16,ef,1,1475,4.456395204774276e-08
100.0,16,ef,1,1500,4.405993581338118e-08
100.0,16,ef,1,1525,4.966525980447485e-08
100.0,16,ef,1,1550,3.332933624100062e-08
100.0,16,ef,1,1575,4.3318482282922106e-08
100.0,16,ef,1,1600,4.806176713298374e-08
100.0,16,ef,1,1625,3.806675525740817e-08
100.0,16,ef,1,1650,5.702511480915002e-08
100.0,16,ef,1,1675,7.758481163093672e-08
100.0,16,ef,1,1700,5.1488609634862486e-08
100.0,16,ef,1,1725,4.446152980408959e-08
100.0,16,ef,1,1750,4.79696425872976e-08
100.0,16,ef,1,1775,6.326048117423703e-08
100.0,16,ef,1,1800,3.229753100429466e-08
100.0,16,ef,1,1825,3.457457075674689e-08
100.0,16,ef,1,1850,6.361744472072086e-08
100.0,16,ef,1,1875,4.1045944329191935e-08
100.0,16,ef,1,1900,5.578715455383458e-08
100.0,16,ef,1,1925,4.727397385431805e-08
100.0,16,ef,1,1950,6.771907356239134e-08
100.0,16,ef,1,1975,3.860432244044871e-08
100.0,16,ef,1,2000,3.6295535136696947e-08
100.0,16,ef,1,2025,4.3380395126063694e-08
100.0,16,ef,1,2050,4.414325848323275e-08
100.0,16,ef,1,2075,3.7125102084072516e-08
100.0,16,ef,1,2100,3.101527647619663e-08
100.0,16,ef,1,2125,5.4697075136658765e-08
100.0,16,ef,1,2150,5.261681608998453e-08
100.0,16,ef,1,2175,3.5698494975332814e-08
100.0,16,ef,1,2200,2.8098858080145715e-08
100.0,16,ef,1,2225,4.1605156515014836e-08
100.0,16,ef,1,2250,5.1675578422756596e-08
100.0,16,ef,1,2275,4.9929040752897924e-08
100.0,16,ef,1,2300,2.900570920369515e-08
100.0,16,ef,1,2325,4.537626856585724e-08
100.0,16,ef,1,2350,4.272284648119483e-08
100.0,16,ef,1,2375,4.441200243270532e-08
100.0,16,ef,1,2400,3.0133672185905876e-08
100.0,16,ef,1,2425,3.504496556282917e-08
100.0,16,ef,1,2450,4.9774594989815455e-08
100.0,16,ef,1,2475,3.116044888521806e-08
100.0,16,ef,1,2500,4.661061874097298e-08
100.0,16,ef,1,2525,4.9050914131473985e-08
100.0,16,ef,1,2550,4.35897570824045e-08
100.0,16,ef,1,2575,4.9215991127511826e-08
100.0,16,ef,1,2600,4.3055675598102475e-08
100.0,16,ef,1,2625,6.245497177637509e-08
100.0,16,ef,1,2650,4.488553125686832e-08
100.0,16,ef,1,2675,6.637315776442883e-08
100.0,16,ef,1,2700,3.5824651405429775e-08
100.0,16,ef,1,2725,4.456070251043866e-08
100.0,16,ef,1,2750,6.830653906883223e-08
100.0,16,ef,1,2775,4.333822878609224e-08
100.0,16,ef,1,2800,3.1529569282732196e-08
100.0,16,ef,1,2825,3.112403638388028e-08
100.0,16,ef,1,2850,3.4753198546965375e-08
100.0,16,ef,1,2875,3.228337999908245e-08
100.0,16,ef,1,2900,3.911412609076082e-08
100.0,16,ef,1,2925,3.45147610698747e-08
100.0,16,ef,1,2950,4.892179765612528e-08
100.0,16,ef,1,2975,6.163390448878039e-08
100.0,16,ef,1,2999,3.3467986806985714e-08
100.0,16,ef,2,0,0.3227117886121288
100.0,16,ef,2,25,0.007086861090139339
100.0,16,ef,2,50,0.0015055079581376197
100.0,16,ef,2,75,0.0004370433650875236
100.0,16,ef,2,100,0.00014236943946041223
100.0,16,ef,2,125,4.858552000226723e-05
100.0,16,ef,2,150,1.750077964146e-05
100.0,16,ef,2,175,6.243301147689751e-06
100.0,16,ef,2,200,2.392840037252006e-06
100.0,16,ef,2,225,1.1679341548579934e-06
100.0,16,ef,2,250,4.956577381633212e-07
100.0,16,ef,2,275,2.3264367517383044e-07
100.0,16,ef,2,300,1.0926239720978147e-07
100.0,16,ef,2,325,7.076899533802979e-08
100.0,16,ef,2,350,4.500014303167438e-08
100.0,16,ef,2,375,3.706575201863773e-08
100.0,16,ef,2,400,3.5862081931881074e-08
100.0,16,ef,2,425,4.61062306058387e-08
100.0,16,ef,2,450,4.6384424313361735e-08
100.0,16,ef,2,475,3.713459811755492e-08
100.0,16,ef,2,500,3.842561199149451e-08
100.0,16,ef,2,525,5.607386700801556e-08
100.0,16,ef,2,550,4.37845587730299e-08
100.0,16,ef,2,575,3.6009643804043807e-08
100.0,16,ef,2,600,4.2317292343923807e-08
100.0,16,ef,2,625,4.2521197050863145e-08
100.0,16,ef,2,650,4.518691934356695e-08
100.0,16,ef,2,675,5.8610157242925106e-08
100.0,16,ef,2,700,2.9773095165836847e-08
100.0,16,ef,2,725,3.021438426764327e-08
100.0,16,ef,2,750,3.7537573822955746e-08
100.0,16,ef,2,775,5.064117938586834e-08
100.0,16,ef,2,800,7.039477019021767e-08
100.0,16,ef,2,825,6.253142311950645e-08
100.0,16,ef,2,850,3.522031928221715e-08
100.0,16,ef,2,875,4.0652626491073036e-08
100.0,16,ef,2,900,5.8551124297934984e-08
100.0,16,ef,2,925,5.0160075350746677e-08
100.0,16,ef,2,950,4.3247632469284284e-08
100.0,16,ef,2,975,5.4041900941251615e-08
100.0,16,ef,2,1000,3.6991371055608314e-08
100.0,16,ef,2,1025,3.67636832258197e-08
100.0,16,ef,2,1050,4.365956257520172e-08
100.0,16,ef,2,1075,3.8784482437077756e-08
100.0,16,ef,2,1100,6.129654992746728e-08
100.0,16,ef,2,1125,4.45617636148616e-08
100.0,16,ef,2,1150,5.7235159813067724e-08
100.0,16,ef,2,1175,6.602585808453787e-08
100.0,16,ef,2,1200,3.631963525904112e-08
100.0,16,ef,2,1225,3.4107694070725165e-08
100.0,16,ef,2,1250,4.4072672226315876e-08
100.0,16,ef,2,1275,6.482618471534294e-08
100.0,16,ef,2,1300,4.0209491170387984e-08
100.0,16,ef,2,1325,5.3057013953293526e-08
100.0,16,ef,2,1350,3.9725359857776685e-08
100.0,16,ef,2,1375,3.0012884536885357e-08
100.0,16,ef,2,1400,5.5023597430931464e-08
100.0,16,ef,2,1425,5.815541671383935e-08
100.0,16,ef,2,1450,4.18831099446884e-08
100.0,16,ef,2,1475,4.456395204774276e-08
100.0,16,ef,2,1500,4.405993581338118e-08
100.0,16,ef,2,1525,4.966525980447485e-08
100.0,16,ef,2,1550,3.332933624100062e-08
100.0,16,ef,2,1575,4.3318482282922106e-08
100.0,16,ef,2,1600,4.806176713298374e-08
100.0,16,ef,2,1625,3.806675525740817e-08
100.0,16,ef,2,1650,5.702511480915002e-08
100.0,16,ef,2,1675,7.758481163093672e-08
100.0,16,ef,2,1700,5.1488609634862486e-08
100.0,16,ef,2,1725,4.446152980408959e-08
100.0,16,ef,2,1750,4.79696425872976e-08
100.0,16,ef,2,1775,6.326048117423703e-08
100.0,16,ef,2,1800,3.229753100429466e-08
100.0,16,ef,2,1825,3.457457075674689e-08
100.0,16,ef,2,1850,6.361744472072086e-08
100.0,16,ef,2,1875,4.1045944329191935e-08
100.0,16,ef,2,1900,5.578715455383458e-08
100.0,16,ef,2,1925,4.727397385431805e-08
100.0,16,ef,2,1950,6.771907356239134e-08
100.0,16,ef,2,1975,3.860432244044871e-08
100.0,16,ef,2,2000,3.6295535136696947e-08
100.0,16,ef,2,2025,4.3380395126063694e-08
100.0,16,ef,2,2050,4.414325848323275e-08
100.0,16,ef,2,2075,3.7125102084072516e-08
100.0,16,ef,2,2100,3.101527647619663e-08
100.0,16,ef,2,2125,5.4697075136658765e-08
100.0,16,ef,2,2150,5.261681608998453e-08
100.0,16,ef,2,2175,3.5698494975332814e-08
100.0,16,ef,2,2200,2.8098858080145715e-08
100.0,16,ef,2,2225,4.1605156515014836e-08
100.0,16,ef,2,2250,5.1675578422756596e-08
100.0,16,ef,2,2275,4.9929040752897924e-08
100.0,16,ef,2,2300,2.900570920369515e-08
100.0,16,ef,2,2325,4.537626856585724e-08
100.0,16,ef,2,2350,4.272284648119483e-08
100.0,16,ef,2,2375,4.441200243270532e-08
100.0,16,ef,2,2400,3.0133672185905876e-08
100.0,16,ef,2,2425,3.504496556282917e-08
100.0,16,ef,2,2450,4.9774594989815455e-08
100.0,16,ef,2,2475,3.116044888521806e-08
100.0,16,ef,2,2500,4.661061874097298e-08
100.0,16,ef,2,2525,4.9050914131473985e-08
100.0,16,ef,2,2550,4.35897570824045e-08
100.0,16,ef,2,2575,4.9215991127511826e-08
100.0,16,ef,2,2600,4.3055675598102475e-08
100.0,16,ef,2,2625,6.245497177637509e-08
100.0,16,ef,2,2650,4.488553125686832e-08
100.0,16,ef,2,2675,6.637315776442883e-08
100.0,16,ef,2,2700,3.5824651405429775e-08
100.0,16,ef,2,2725,4.456070251043866e-08
100.0,16,ef,2,2750,6.830653906883223e-08
100.0,16,ef,2,2775,4.333822878609224e-08
100.0,16,ef,2,2800,3.1529569282732196e-08
100.0,16,ef,2,2825,3.112403638388028e-08
100.0,16,ef,2,2850,3.4753198546965375e-08
100.0,16,ef,2,2875,3.228337999908245e-08
100.0,16,ef,2,2900,3.911412609076082e-08
100.0,16,ef,2,2925,3.45147610698747e-08
100.0,16,ef,2,2950,4.892179765612528e-08
100.0,16,ef,2,2975,6.163390448878039e-08
100.0,16,ef,2,2999,3.3467986806985714e-08
100.0,12,rtn,0,0,0.32270167990630866
100.0,12,rtn,0,25,0.007095345338423517
100.0,12,rtn,0,50,0.0015760224074330056
100.0,12,rtn,0,75,0.00045382524658503666
100.0,12,rtn,0,100,0.00015430769426415155
100.0,12,rtn,0,125,8.638285714098016e-05
100.0,12,rtn,0,150,5.943797231647523e-05
100.0,12,rtn,0,175,5.266189145839877e-05
100.0,12,rtn,0,200,4.6703517053336686e-05
100.0,12,rtn,0,225,4.507322983993827e-05
100.0,12,rtn,0,250,4.420444221188283e-05
100.0,12,rtn,0,275,4.384764083633034e-05
100.0,12,rtn,0,300,4.420444221188283e-05
100.0,12,rtn,0,325,4.384764083633034e-05
100.0,12,rtn,0,350,4.420444221188283e-05
100.0,12,rtn,0,375,4.384764083633034e-05
100.0,12,rtn,0,400,4.420444221188283e-05
100.0,12,rtn,0,425,4.384764083633034e-05
100.0,12,rtn,0,450,4.420444221188283e-05
100.0,12,rtn,0,475,4.384764083633034e-05
100.0,12,rtn,0,500,4.420444221188283e-05
100.0,12,rtn,0,525,4.384764083633034e-05
100.0,12,rtn,0,550,4.420444221188283e-05
100.0,12,rtn,0,575,4.384764083633034e-05
100.0,12,rtn,0,600,4.420444221188283e-05
100.0,12,rtn,0,625,4.384764083633034e-05
100.0,12,rtn,0,650,4.420444221188283e-05
100.0,12,rtn,0,675,4.384764083633034e-05
100.0,12,rtn,0,700,4.420444221188283e-05
100.0,12,rtn,0,725,4.384764083633034e-05
100.0,12,rtn,0,750,4.420444221188283e-05
100.0,12,rtn,0,775,4.384764083633034e-05
100.0,12,rtn,0,800,4.420444221188283e-05
100.0,12,rtn,0,825,4.384764083633034e-05
100.0,12,rtn,0,850,4.420444221188283e-05
100.0,12,rtn,0,875,4.384764083633034e-05
100.0,12,rtn,0,900,4.420444221188283e-05
100.0,12,rtn,0,925,4.384764083633034e-05
100.0,12,rtn,0,950,4.420444221188283e-05
100.0,12,rtn,0,975,4.384764083633034e-05
100.0,12,rtn,0,1000,4.420444221188283e-05
100.0,12,rtn,0,1025,4.384764083633034e-05
100.0,12,rtn,0,1050,4.420444221188283e-05
100.0,12,rtn,0,1075,4.384764083633034e-05
100.0,12,rtn,0,1100,4.420444221188283e-05
100.0,12,rtn,0,1125,4.384764083633034e-05
100.0,12,rtn,0,1150,4.420444221188283e-05
100.0,12,rtn,0,1175,4.384764083633034e-05
100.0,12,rtn,0,1200,4.420444221188283e-05
100.0,12,rtn,0,1225,4.384764083633034e-05
100.0,12,rtn,0,1250,4.420444221188283e-05
100.0,12,rtn,0,1275,4.384764083633034e-05
100.0,12,rtn,0,1300,4.420444221188283e-05
100.0,12,rtn,0,1325,4.384764083633034e-05
100.0,12,rtn,0,1350,4.420444221188283e-05
100.0,12,rtn,0,1375,4.384764083633034e-05
100.0,12,rtn,0,1400,4.420444221188283e-05
100.0,12,rtn,0,1425,4.384764083633034e-05
100.0,12,rtn,0,1450,4.420444221188283e-05
100.0,12,rtn,0,1475,4.384764083633034e-05
100.0,12,rtn,0,1500,4.420444221188283e-05
100.0,12,rtn,0,1525,4.384764083633034e-05
100.0,12,rtn,0,1550,4.420444221188283e-05
100.0,12,rtn,0,1575,4.384764083633034e-05
100.0,12,rtn,0,1600,4.420444221188283e-05
100.0,12,rtn,0,1625,4.384764083633034e-05
100.0,12,rtn,0,1650,4.420444221188283e-05
100.0,12,rtn,0,1675,4.384764083633034e-05
100.0,12,rtn,0,1700,4.420444221188283e-05
100.0,12,rtn,0,1725,4.384764083633034e-05
100.0,12,rtn,0,1750,4.420444221188283e-05
100.0,12,rtn,0,1775,4.384764083633034e-05
100.0,12,rtn,0,1800,4.420444221188283e-05
100.0,12,rtn,0,1825,4.384764083633034e-05
100.0,12,rtn,0,1850,4.420444221188283e-05
100.0,12,rtn,0,1875,4.384764083633034e-05
100.0,12,rtn,0,1900,4.420444221188283e-05
100.0,12,rtn,0,1925,4.384764083633034e-05
100.0,12,rtn,0,1950,4.420444221188283e-05
100.0,12,rtn,0,1975,4.384764083633034e-05
100.0,12,rtn,0,2000,4.420444221188283e-05
100.0,12,rtn,0,2025,4.384764083633034e-05
100.0,12,rtn,0,2050,4.420444221188283e-05
100.0,12,rtn,0,2075,4.384764083633034e-05
100.0,12,rtn,0,2100,4.420444221188283e-05
100.0,12,rtn,0,2125,4.384764083633034e-05
100.0,12,rtn,0,2150,4.420444221188283e-05
100.0,12,rtn,0,2175,4.384764083633034e-05
100.0,12,rtn,0,2200,4.420444221188283e-05
100.0,12,rtn,0,2225,4.384764083633034e-05
100.0,12,rtn,0,2250,4.420444221188283e-05
100.0,12,rtn,0,2275,4.384764083633034e-05
100.0,12,rtn,0,2300,4.420444221188283e-05
100.0,12,rtn,0,2325,4.384764083633034e-05
100.0,12,rtn,0,2350,4.420444221188283e-05
100.0,12,rtn,0,2375,4.384764083633034e-05
100.0,12,rtn,0,2400,4.420444221188283e-05
100.0,12,rtn,0,2425,4.384764083633034e-05
100.0,12,rtn,0,2450,4.420444221188283e-05
100.0,12,rtn,0,2475,4.384764083633034e-05
100.0,12,rtn,0,2500,4.420444221188283e-05
100.0,12,rtn,0,2525,4.384764083633034e-05
100.0,12,rtn,0,2550,4.420444221188283e-05
100.0,12,rtn,0,2575,4.384764083633034e-05
100.0,12,rtn,0,2600,4.420444221188283e-05
100.0,12,rtn,0,2625,4.384764083633034e-05
100.0,12,rtn,0,2650,4.420444221188283e-05
100.0,12,rtn,0,2675,4.384764083633034e-05
100.0,12,rtn,0,2700,4.420444221188283e-05
100.0,12,rtn,0,2725,4.384764083633034e-05
100.0,12,rtn,0,2750,4.420444221188283e-05
100.0,12,rtn,0,2775,4.384764083633034e-05
100.0,12,rtn,0,2800,4.420444221188283e-05
100.0,12,rtn,0,2825,4.384764083633034e-05
100.0,12,rtn,0,2850,4.420444221188283e-05
100.0,12,rtn,0,2875,4.384764083633034e-05
100.0,12,rtn,0,2900,4.420444221188283e-05
100.0,12,rtn,0,2925,4.384764083633034e-05
100.0,12,rtn,0,2950,4.420444221188283e-05
100.0,12,rtn,0,2975,4.384764083633034e-05
100.0,12,rtn,0,2999,4.384764083633034e-05
100.0,12,rtn,1,0,0.32270167990630866
100.0,12,rtn,1,25,0.007095345338423517
100.0,12,rtn,1,50,0.0015760224074330056
100.0,12,rtn,1,75,0.00045382524658503666
100.0,12,rtn,1,100,0.00015430769426415155
100.0,12,rtn,1,125,8.638285714098016e-05
100.0,12,rtn,1,150,5.943797231647523e-05
100.0,12,rtn,1,175,5.266189145839877e-05
100.0,12,rtn,1,200,4.6703517053336686e-05
100.0,12,rtn,1,225,4.507322983993827e-05
100.0,12,rtn,1,250,4.420444221188283e-05
100.0,12,rtn,1,275,4.384764083633034e-05
100.0,12,rtn,1,300,4.420444221188283e-05
100.0,12,rtn,1,325,4.384764083633034e-05
100.0,12,rtn,1,350,4.420444221188283e-05
100.0,12,rtn,1,375,4.384764083633034e-05
100.0,12,rtn,1,400,4.420444221188283e-05
100.0,12,rtn,1,425,4.384764083633034e-05
100.0,12,rtn,1,450,4.420444221188283e-05
100.0,12,rtn,1,475,4.384764083633034e-05
100.0,12,rtn,1,500,4.420444221188283e-05
100.0,12,rtn,1,525,4.384764083633034e-05
100.0,12,rtn,1,550,4.420444221188283e-05
100.0,12,rtn,1,575,4.384764083633034e-05
100.0,12,rtn,1,600,4.420444221188283e-05
100.0,12,rtn,1,625,4.384764083633034e-05
100.0,12,rtn,1,650,4.420444221188283e-05
100.0,12,rtn,1,675,4.384764083633034e-05
100.0,12,rtn,1,700,4.420444221188283e-05
100.0,12,rtn,1,725,4.384764083633034e-05
100.0,12,rtn,1,750,4.420444221188283e-05
100.0,12,rtn,1,775,4.384764083633034e-05
100.0,12,rtn,1,800,4.420444221188283e-05
100.0,12,rtn,1,825,4.384764083633034e-05
100.0,12,rtn,1,850,4.420444221188283e-05
100.0,12,rtn,1,875,4.384764083633034e-05
100.0,12,rtn,1,900,4.420444221188283e-05
100.0,12,rtn,1,925,4.384764083633034e-05
100.0,12,rtn,1,950,4.420444221188283e-05
100.0,12,rtn,1,975,4.384764083633034e-05
100.0,12,rtn,1,1000,4.420444221188283e-05
100.0,12,rtn,1,1025,4.384764083633034e-05
100.0,12,rtn,1,1050,4.420444221188283e-05
100.0,12,rtn,1,1075,4.384764083633034e-05
100.0,12,rtn,1,1100,4.420444221188283e-05
100.0,12,rtn,1,1125,4.384764083633034e-05
100.0,12,rtn,1,1150,4.420444221188283e-05
100.0,12,rtn,1,1175,4.384764083633034e-05
100.0,12,rtn,1,1200,4.420444221188283e-05
100.0,12,rtn,1,1225,4.384764083633034e-05
100.0,12,rtn,1,1250,4.420444221188283e-05
100.0,12,rtn,1,1275,4.384764083633034e-05
100.0,12,rtn,1,1300,4.420444221188283e-05
100.0,12,rtn,1,1325,4.384764083633034e-05
100.0,12,rtn,1,1350,4.420444221188283e-05
100.0,12,rtn,1,1375,4.384764083633034e-05
100.0,12,rtn,1,1400,4.420444221188283e-05
100.0,12,rtn,1,1425,4.384764083633034e-05
100.0,12,rtn,1,1450,4.420444221188283e-05
100.0,12,rtn,1,1475,4.384764083633034e-05
100.0,12,rtn,1,1500,4.420444221188283e-05
100.0,12,rtn,1,1525,4.384764083633034e-05
100.0,12,rtn,1,1550,4.420444221188283e-05
100.0,12,rtn,1,1575,4.384764083633034e-05
100.0,12,rtn,1,1600,4.420444221188283e-05
100.0,12,rtn,1,1625,4.384764083633034e-05
100.0,12,rtn,1,1650,4.420444221188283e-05
100.0,12,rtn,1,1675,4.384764083633034e-05
100.0,12,rtn,1,1700,4.420444221188283e-05
100.0,12,rtn,1,1725,4.384764083633034e-05
100.0,12,rtn,1,1750,4.420444221188283e-05
100.0,12,rtn,1,1775,4.384764083633034e-05
100.0,12,rtn,1,1800,4.420444221188283e-05
100.0,12,rtn,1,1825,4.384764083633034e-05
100.0,12,rtn,1,1850,4.420444221188283e-05
100.0,12,rtn,1,1875,4.384764083633034e-05
100.0,12,rtn,1,1900,4.420444221188283e-05
100.0,12,rtn,1,1925,4.384764083633034e-05
100.0,12,rtn,1,1950,4.420444221188283e-05
100.0,12,rtn,1,1975,4.384764083633034e-05
100.0,12,rtn,1,2000,4.420444221188283e-05
100.0,12,rtn,1,2025,4.384764083633034e-05
100.0,12,rtn,1,2050,4.420444221188283e-05
100.0,12,rtn,1,2075,4.384764083633034e-05
100.0,12,rtn,1,2100,4.420444221188283e-05
100.0,12,rtn,1,2125,4.384764083633034e-05
100.0,12,rtn,1,2150,4.420444221188283e-05
100.0,12,rtn,1,2175,4.384764083633034e-05
100.0,12,rtn,1,2200,4.420444221188283e-05
100.0,12,rtn,1,2225,4.384764083633034e-05
100.0,12,rtn,1,2250,4.420444221188283e-05
100.0,12,rtn,1,2275,4.384764083633034e-05
100.0,12,rtn,1,2300,4.420444221188283e-05
100.0,12,rtn,1,2325,4.384764083633034e-05
100.0,12,rtn,1,2350,4.420444221188283e-05
100.0,12,rtn,1,2375,4.384764083633034e-05
100.0,12,rtn,1,2400,4.420444221188283e-05
100.0,12,rtn,1,2425,4.384764083633034e-05
100.0,12,rtn,1,2450,4.420444221188283e-05
100.0,12,rtn,1,2475,4.384764083633034e-05
100.0,12,rtn,1,2500,4.420444221188283e-05
100.0,12,rtn,1,2525,4.384764083633034e-05
100.0,12,rtn,1,2550,4.420444221188283e-05
100.0,12,rtn,1,2575,4.384764083633034e-05
100.0,12,rtn,1,2600,4.420444221188283e-05
100.0,12,rtn,1,2625,4.384764083633034e-05
100.0,12,rtn,1,2650,4.420444221188283e-05
100.0,12,rtn,1,2675,4.384764083633034e-05
100.0,12,rtn,1,2700,4.420444221188283e-05
100.0,12,rtn,1,2725,4.384764083633034e-05
100.0,12,rtn,1,2750,4.420444221188283e-05
100.0,12,rtn,1,2775,4.384764083633034e-05
100.0,12,rtn,1,2800,4.420444221188283e-05
100.0,12,rtn,1,2825,4.384764083633034e-05
100.0,12,rtn,1,2850,4.420444221188283e-05
100.0,12,rtn,1,2875,4.384764083633034e-05
100.0,12,rtn,1,2900,4.420444221188283e-05
100.0,12,rtn,1,2925,4.384764083633034e-05
100.0,12,rtn,1,2950,4.420444221188283e-05
100.0,12,rtn,1,2975,4.384764083633034e-05
100.0,12,rtn,1,2999,4.384764083633034e-05
100.0,12,rtn,2,0,0.32270167990630866
100.0,12,rtn,2,25,0.007095345338423517
100.0,12,rtn,2,50,0.0015760224074330056
100.0,12,rtn,2,75,0.00045382524658503666
100.0,12,rtn,2,100,0.00015430769426415155
100.0,12,rtn,2,125,8.638285714098016e-05
100.0,12,rtn,2,150,5.943797231647523e-05
100.0,12,rtn,2,175,5.266189145839877e-05
100.0,12,rtn,2,200,4.6703517053336686e-05
100.0,12,rtn,2,225,4.507322983993827e-05
100.0,12,rtn,2,250,4.420444221188283e-05
100.0,12,rtn,2,275,4.384764083633034e-05
100.0,12,rtn,2,300,4.420444221188283e-05
100.0,12,rtn,2,325,4.384764083633034e-05
100.0,12,rtn,2,350,4.420444221188283e-05
100.0,12,rtn,2,375,4.384764083633034e-05
100.0,12,rtn,2,400,4.420444221188283e-05
100.0,12,rtn,2,425,4.384764083633034e-05
100.0,12,rtn,2,450,4.420444221188283e-05
100.0,12,rtn,2,475,4.384764083633034e-05
100.0,12,rtn,2,500,4.420444221188283e-05
100.0,12,rtn,2,525,4.384764083633034e-05
100.0,12,rtn,2,550,4.420444221188283e-05
100.0,12,rtn,2,575,4.384764083633034e-05
100.0,12,rtn,2,600,4.420444221188283e-05
100.0,12,rtn,2,625,4.384764083633034e-05
100.0,12,rtn,2,650,4.420444221188283e-05
100.0,12,rtn,2,675,4.384764083633034e-05
100.0,12,rtn,2,700,4.420444221188283e-05
100.0,12,rtn,2,725,4.384764083633034e-05
100.0,12,rtn,2,750,4.420444221188283e-05
100.0,12,rtn,2,775,4.384764083633034e-05
100.0,12,rtn,2,800,4.420444221188283e-05
100.0,12,rtn,2,825,4.384764083633034e-05
100.0,12,rtn,2,850,4.420444221188283e-05
100.0,12,rtn,2,875,4.384764083633034e-05
100.0,12,rtn,2,900,4.420444221188283e-05
100.0,12,rtn,2,925,4.384764083633034e-05
100.0,12,rtn,2,950,4.420444221188283e-05
100.0,12,rtn,2,975,4.384764083633034e-05
100.0,12,rtn,2,1000,4.420444221188283e-05
100.0,12,rtn,2,1025,4.384764083633034e-05
100.0,12,rtn,2,1050,4.420444221188283e-05
100.0,12,rtn,2,1075,4.384764083633034e-05
100.0,12,rtn,2,1100,4.420444221188283e-05
100.0,12,rtn,2,1125,4.384764083633034e-05
100.0,12,rtn,2,1150,4.420444221188283e-05
100.0,12,rtn,2,1175,4.384764083633034e-05
100.0,12,rtn,2,1200,4.420444221188283e-05
100.0,12,rtn,2,1225,4.384764083633034e-05
100.0,12,rtn,2,1250,4.420444221188283e-05
100.0,12,rtn,2,1275,4.384764083633034e-05
100.0,12,rtn,2,1300,4.420444221188283e-05
100.0,12,rtn,2,1325,4.384764083633034e-05
100.0,12,rtn,2,1350,4.420444221188283e-05
100.0,12,rtn,2,1375,4.384764083633034e-05
100.0,12,rtn,2,1400,4.420444221188283e-05
100.0,12,rtn,2,1425,4.384764083633034e-05
100.0,12,rtn,2,1450,4.420444221188283e-05
100.0,12,rtn,2,1475,4.384764083633034e-05
100.0,12,rtn,2,1500,4.420444221188283e-05
100.0,12,rtn,2,1525,4.384764083633034e-05
100.0,12,rtn,2,1550,4.420444221188283e-05
100.0,12,rtn,2,1575,4.384764083633034e-05
100.0,12,rtn,2,1600,4.420444221188283e-05
100.0,12,rtn,2,1625,4.384764083633034e-05
100.0,12,rtn,2,1650,4.420444221188283e-05
100.0,12,rtn,2,1675,4.384764083633034e-05
100.0,12,rtn,2,1700,4.420444221188283e-05
100.0,12,rtn,2,1725,4.384764083633034e-05
100.0,12,rtn,2,1750,4.420444221188283e-05
100.0,12,rtn,2,1775,4.384764083633034e-05
100.0,12,rtn,2,1800,4.420444221188283e-05
100.0,12,rtn,2,1825,4.384764083633034e-05
100.0,12,rtn,2,1850,4.420444221188283e-05
100.0,12,rtn,2,1875,4.384764083633034e-05
100.0,12,rtn,2,1900,4.420444221188283e-05
100.0,12,rtn,2,1925,4.384764083633034e-05
100.0,12,rtn,2,1950,4.420444221188283e-05
100.0,12,rtn,2,1975,4.384764083633034e-05
100.0,12,rtn,2,2000,4.420444221188283e-05
100.0,12,rtn,2,2025,4.384764083633034e-05
100.0,12,rtn,2,2050,4.420444221188283e-05
100.0,12,rtn,2,2075,4.384764083633034e-05
100.0,12,rtn,2,2100,4.420444221188283e-05
100.0,12,rtn,2,2125,4.384764083633034e-05
100.0,12,rtn,2,2150,4.420444221188283e-05
100.0,12,rtn,2,2175,4.384764083633034e-05
100.0,12,rtn,2,2200,4.420444221188283e-05
100.0,12,rtn,2,2225,4.384764083633034e-05
100.0,12,rtn,2,2250,4.420444221188283e-05
100.0,12,rtn,2,2275,4.384764083633034e-05
100.0,12,rtn,2,2300,4.420444221188283e-05
100.0,12,rtn,2,2325,4.384764083633034e-05
100.0,12,rtn,2,2350,4.420444221188283e-05
100.0,12,rtn,2,2375,4.384764083633034e-05
100.0,12,rtn,2,2400,4.420444221188283e-05
100.0,12,rtn,2,2425,4.384764083633034e-05
100.0,12,rtn,2,2450,4.420444221188283e-05
100.0,12,rtn,2,2475,4.384764083633034e-05
100.0,12,rtn,2,2500,4.420444221188283e-05
100.0,12,rtn,2,2525,4.384764083633034e-05
100.0,12,rtn,2,2550,4.420444221188283e-05
100.0,12,rtn,2,2575,4.384764083633034e-05
100.0,12,rtn,2,2600,4.420444221188283e-05
100.0,12,rtn,2,2625,4.384764083633034e-05
100.0,12,rtn,2,2650,4.420444221188283e-05
100.0,12,rtn,2,2675,4.384764083633034e-05
100.0,12,rtn,2,2700,4.420444221188283e-05
100.0,12,rtn,2,2725,4.384764083633034e-05
100.0,12,rtn,2,2750,4.420444221188283e-05
100.0,12,rtn,2,2775,4.384764083633034e-05
100.0,12,rtn,2,2800,4.420444221188283e-05
100.0,12,rtn,2,2825,4.384764083633034e-05
100.0,12,rtn,2,2850,4.420444221188283e-05
100.0,12,rtn,2,2875,4.384764083633034e-05
100.0,12,rtn,2,2900,4.420444221188283e-05
100.0,12,rtn,2,2925,4.384764083633034e-05
100.0,12,rtn,2,2950,4.420444221188283e-05
100.0,12,rtn,2,2975,4.384764083633034e-05
100.0,12,rtn,2,2999,4.384764083633034e-05
100.0,12,sr,0,0,0.3227388522386728
100.0,12,sr,0,25,0.00713199868694085
100.0,12,sr,0,50,0.0015568409054464425
100.0,12,sr,0,75,0.00046252679392758497
100.0,12,sr,0,100,0.00015392063578974885
100.0,12,sr,0,125,6.072708829228809e-05
100.0,12,sr,0,150,2.304586904601134e-05
100.0,12,sr,0,175,1.0154403900074617e-05
100.0,12,sr,0,200,9.672550341632048e-06
100.0,12,sr,0,225,8.14757658399323e-06
100.0,12,sr,0,250,6.386005062965132e-06
100.0,12,sr,0,275,5.696779694992055e-06
100.0,12,sr,0,300,7.088822307522397e-06
100.0,12,sr,0,325,6.895849265143808e-06
100.0,12,sr,0,350,7.083089475841757e-06
100.0,12,sr,0,375,5.9690649437028355e-06
100.0,12,sr,0,400,5.524262455840364e-06
100.0,12,sr,0,425,5.430868054540564e-06
100.0,12,sr,0,450,6.61464796312121e-06
100.0,12,sr,0,475,7.332051393305303e-06
100.0,12,sr,0,500,7.727559068596877e-06
100.0,12,sr,0,525,6.678958360273448e-06
100.0,12,sr,0,550,5.403578920876467e-06
100.0,12,sr,0,575,6.08518239483504e-06
100.0,12,sr,0,600,5.8492858066139486e-06
100.0,12,sr,0,625,8.260266026039178e-06
100.0,12,sr,0,650,6.090038858739571e-06
100.0,12,sr,0,675,5.6449019167193865e-06
100.0,12,sr,0,700,6.1316670342496136e-06
100.0,12,sr,0,725,7.690258787863801e-06
100.0,12,sr,0,750,5.400438865163321e-06
100.0,12,sr,0,775,6.3055871736974115e-06
100.0,12,sr,0,800,6.200266272433199e-06
100.0,12,sr,0,825,5.068714278836534e-06
100.0,12,sr,0,850,6.612688479199405e-06
100.0,12,sr,0,875,7.260450833633214e-06
100.0,12,sr,0,900,6.366870915484766e-06
100.0,12,sr,0,925,6.8024697877862374e-06
100.0,12,sr,0,950,6.211312280387147e-06
100.0,12,sr,0,975,6.132016747883735e-06
100.0,12,sr,0,1000,6.765188960755395e-06
100.0,12,sr,0,1025,5.685172238288799e-06
100.0,12,sr,0,1050,6.8354917003562095e-06
100.0,12,sr,0,1075,6.530219339815827e-06
100.0,12,sr,0,1100,6.776329013820413e-06
100.0,12,sr,0,1125,6.304605026269071e-06
100.0,12,sr,0,1150,5.3567771803366405e-06
100.0,12,sr,0,1175,7.260811017532343e-06
100.0,12,sr,0,1200,5.401453839646446e-06
100.0,12,sr,0,1225,6.1554242245490105e-06
100.0,12,sr,0,1250,6.853056236893562e-06
100.0,12,sr,0,1275,6.097071887728869e-06
100.0,12,sr,0,1300,5.301102428749227e-06
100.0,12,sr,0,1325,6.038029802560441e-06
100.0,12,sr,0,1350,6.339225472871752e-06
100.0,12,sr,0,1375,5.838579843663129e-06
100.0,12,sr,0,1400,6.269954625077921e-06
100.0,12,sr,0,1425,5.955564300417502e-06
100.0,12,sr,0,1450,7.0177206843558316e-06
100.0,12,sr,0,1475,5.110876109032102e-06
100.0,12,sr,0,1500,7.712415131836802e-06
100.0,12,sr,0,1525,6.453894235766942e-06
100.0,12,sr,0,1550,6.1030438788102836e-06
100.0,12,sr,0,1575,5.377659093014571e-06
100.0,12,sr,0,1600,6.683567749684026e-06
100.0,12,sr,0,1625,6.687533103819067e-06
100.0,12,sr,0,1650,5.749848667607585e-06
100.0,12,sr,0,1675,6.03804977882986e-06
100.0,12,sr,0,1700,4.9718236302819425e-06
100.0,12,sr,0,1725,5.864847185952838e-06
100.0,12,sr,0,1750,5.255284524528166e-06
100.0,12,sr,0,1775,5.827373234226744e-06
100.0,12,sr,0,1800,7.062009388115075e-06
100.0,12,sr,0,1825,5.062882188850098e-06
100.0,12,sr,0,1850,5.441303787634034e-06
100.0,12,sr,0,1875,5.840730509044474e-06
100.0,12,sr,0,1900,6.205773037348691e-06
100.0,12,sr,0,1925,7.340443025634143e-06
100.0,12,sr,0,1950,6.974494977252996e-06
100.0,12,sr,0,1975,6.338337126097361e-06
100.0,12,sr,0,2000,4.878007303693043e-06
100.0,12,sr,0,2025,5.951079878575667e-06
100.0,12,sr,0,2050,6.266351659803243e-06
100.0,12,sr,0,2075,5.529081144543024e-06
100.0,12,sr,0,2100,5.946759729015112e-06
100.0,12,sr,0,2125,5.215834551258722e-06
100.0,12,sr,0,2150,6.161426737149571e-06
100.0,12,sr,0,2175,5.1263368323700045e-06
100.0,12,sr,0,2200,5.950440210774507e-06
100.0,12,sr,0,2225,6.214881649283975e-06
100.0,12,sr,0,2250,6.187991508171829e-06
100.0,12,sr,0,2275,6.911354287623142e-06
100.0,12,sr,0,2300,5.3406384279252114e-06
100.0,12,sr,0,2325,6.897105562426004e-06
100.0,12,sr,0,2350,6.686772976347643e-06
100.0,12,sr,0,2375,7.250153890371969e-06
100.0,12,sr,0,2400,6.275315070216179e-06
100.0,12,sr,0,2425,5.613735330155778e-06
100.0,12,sr,0,2450,5.097347147609529e-06
100.0,12,sr,0,2475,6.525024599383627e-06
100.0,12,sr,0,2500,7.668465986567016e-06
100.0,12,sr,0,2525,5.344172480379307e-06
100.0,12,sr,0,2550,6.554690554702761e-06
100.0,12,sr,0,2575,7.31330231067621e-06
100.0,12,sr,0,2600,6.8459179134809445e-06
100.0,12,sr,0,2625,5.805978424863248e-06
100.0,12,sr,0,2650,6.293729276330059e-06
100.0,12,sr,0,2675,7.654715620939231e-06
100.0,12,sr,0,2700,6.6526266529545335e-06
100.0,12,sr,0,2725,6.640040446008098e-06
100.0,12,sr,0,2750,5.192046793668225e-06
100.0,12,sr,0,2775,6.716980735273058e-06
100.0,12,sr,0,2800,6.144618900610593e-06
100.0,12,sr,0,2825,6.266897771486292e-06
100.0,12,sr,0,2850,6.332809284304431e-06
100.0,12,sr,0,2875,6.4914662528601675e-06
100.0,12,sr,0,2900,6.806170025576149e-06
100.0,12,sr,0,2925,5.133317865602693e-06
100.0,12,sr,0,2950,6.593062148417366e-06
100.0,12,sr,0,2975,6.52307253007759e-06
100.0,12,sr,0,2999,6.629582917963955e-06
100.0,12,sr,1,0,0.3228152180322638
100.0,12,sr,1,25,0.007136133324830384
100.0,12,sr,1,50,0.0015297930162266541
100.0,12,sr,1,75,0.0004651103093999021
100.0,12,sr,1,100,0.00014632301325286367
100.0,12,sr,1,125,4.93995674821817e-05
100.0,12,sr,1,150,2.569744831934704e-05
100.0,12,sr,1,175,1.2987807094373326e-05
100.0,12,sr,1,200,8.248801390579912e-06
100.0,12,sr,1,225,1.0549888057537814e-05
100.0,12,sr,1,250,7.971650724228523e-06
100.0,12,sr,1,275,7.66232603605138e-06
100.0,12,sr,1,300,6.632208342153452e-06
100.0,12,sr,1,325,5.540646646056505e-06
100.0,12,sr,1,350,7.013301514188992e-06
100.0,12,sr,1,375,7.380452915430066e-06
100.0,12,sr,1,400,5.453672513364302e-06
100.0,12,sr,1,425,5.561382798325769e-06
100.0,12,sr,1,450,6.093452910666897e-06
100.0,12,sr,1,475,6.261354047546576e-06
100.0,12,sr,1,500,7.098126970417067e-06
100.0,12,sr,1,525,5.865151321002249e-06
100.0,12,sr,1,550,5.248789596473629e-06
100.0,12,sr,1,575,6.779323479289182e-06
100.0,12,sr,1,600,5.940995345849865e-06
100.0,12,sr,1,625,6.082372414695111e-06
100.0,12,sr,1,650,6.099766826298496e-06
100.0,12,sr,1,675,6.5801836432862e-06
100.0,12,sr,1,700,6.796591169370017e-06
100.0,12,sr,1,725,6.658805508778844e-06
100.0,12,sr,1,750,7.504797760685319e-06
100.0,12,sr,1,775,7.046497117627098e-06
100.0,12,sr,1,800,5.942114184213362e-06
100.0,12,sr,1,825,5.658509969388388e-06
100.0,12,sr,1,850,5.812151679585634e-06
100.0,12,sr,1,875,6.193319210173518e-06
100.0,12,sr,1,900,5.353041201515476e-06
100.0,12,sr,1,925,5.729341690038889e-06
100.0,12,sr,1,950,5.432874750354668e-06
100.0,12,sr,1,975,6.588653106757966e-06
100.0,12,sr,1,1000,5.489710308213816e-06
100.0,12,sr,1,1025,7.364102488314173e-06
100.0,12,sr,1,1050,6.243991009592747e-06
100.0,12,sr,1,1075,7.883247348371257e-06
100.0,12,sr,1,1100,7.007673105576508e-06
100.0,12,sr,1,1125,5.1360173682037325e-06
100.0,12,sr,1,1150,6.3310397530144365e-06
100.0,12,sr,1,1175,6.942819706024955e-06
100.0,12,sr,1,1200,6.3056585219929685e-06
100.0,12,sr,1,1225,7.34334750914751e-06
100.0,12,sr,1,1250,5.992551070866218e-06
100.0,12,sr,1,1275,6.733482730152946e-06
100.0,12,sr,1,1300,5.447216456703772e-06
100.0,12,sr,1,1325,5.8588070156766144e-06
100.0,12,sr,1,1350,6.2242944739332e-06
100.0,12,sr,1,1375,6.312794726813585e-06
100.0,12,sr,1,1400,6.747342258041714e-06
100.0,12,sr,1,1425,5.498533378240433e-06
100.0,12,sr,1,1450,6.364669674233492e-06
100.0,12,sr,1,1475,7.146152686887696e-06
100.0,12,sr,1,1500,5.507245086983192e-06
100.0,12,sr,1,1525,7.0397617303047055e-06
100.0,12,sr,1,1550,6.529295711172875e-06
100.0,12,sr,1,1575,5.1599219293262396e-06
100.0,12,sr,1,1600,7.23224765971412e-06
100.0,12,sr,1,1625,7.803727854876537e-06
100.0,12,sr,1,1650,7.511868478662498e-06
100.0,12,sr,1,1675,6.108407115120385e-06
100.0,12,sr,1,1700,6.737603606531032e-06
100.0,12,sr,1,1725,5.563967265982285e-06
100.0,12,sr,1,1750,5.291071085081581e-06
100.0,12,sr,1,1775,5.662563034985453e-06
100.0,12,sr,1,1800,5.9592502745155115e-06
100.0,12,sr,1,1825,7.399405041931419e-06
100.0,12,sr,1,1850,6.974465572991357e-06
100.0,12,sr,1,1875,5.6797104371363686e-06
100.0,12,sr,1,1900,5.903438563613067e-06
100.0,12,sr,1,1925,7.140339194939262e-06
100.0,12,sr,1,1950,5.746361024784064e-06
100.0,12,sr,1,1975,6.339935806372267e-06
100.0,12,sr,1,2000,8.145918529722666e-06
100.0,12,sr,1,2025,5.2696674455103315e-06
100.0,12,sr,1,2050,5.496400238686067e-06
100.0,12,sr,1,2075,5.403764295107524e-06
100.0,12,sr,1,2100,7.4760732590797015e-06
100.0,12,sr,1,2125,7.1752448708074814e-06
100.0,12,sr,1,2150,6.534857768988005e-06
100.0,12,sr,1,2175,5.6928201169810866e-06
100.0,12,sr,1,2200,6.969049575374396e-06
100.0,12,sr,1,2225,6.135495315849308e-06
100.0,12,sr,1,2250,5.368702423619429e-06
100.0,12,sr,1,2275,6.30339465769693e-06
100.0,12,sr,1,2300,5.954843122252771e-06
100.0,12,sr,1,2325,5.898165587624403e-06
100.0,12,sr,1,2350,7.174646692786775e-06
100.0,12,sr,1,2375,8.089949848149207e-06
100.0,12,sr,1,2400,7.303146673612972e-06
100.0,12,sr,1,2425,5.098970995637317e-06
100.0,12,sr,1,2450,6.28119381214487e-06
100.0,12,sr,1,2475,5.6724783924685954e-06
100.0,12,sr,1,2500,6.291694902453839e-06
100.0,12,sr,1,2525,5.536202933760995e-06
100.0,12,sr,1,2550,5.896191285124424e-06
100.0,12,sr,1,2575,5.889470742704961e-06
100.0,12,sr,1,2600,5.723830616990496e-06
100.0,12,sr,1,2625,6.248869953914945e-06
100.0,12,sr,1,2650,6.42657526865882e-06
100.0,12,sr,1,2675,6.143564631140232e-06
100.0,12,sr,1,2700,6.5216311090583475e-06
100.0,12,sr,1,2725,7.949851120325895e-06
100.0,12,sr,1,2750,6.374767056727481e-06
100.0,12,sr,1,2775,6.232659377971798e-06
100.0,12,sr,1,2800,8.927701209395529e-06
100.0,12,sr,1,2825,9.231100779563138e-06
100.0,12,sr,1,2850,6.704798029621953e-06
100.0,12,sr,1,2875,7.505830867535075e-06
100.0,12,sr,1,2900,5.8174493805302405e-06
100.0,12,sr,1,2925,6.933858283821955e-06
100.0,12,sr,1,2950,5.958013432185888e-06
100.0,12,sr,1,2975,6.377806866068491e-06
100.0,12,sr,1,2999,6.477323602304063e-06
100.0,12,sr,2,0,0.32282560785605535
100.0,12,sr,2,25,0.00713011806503618
100.0,12,sr,2,50,0.001556601477904873
100.0,12,sr,2,75,0.0004543087597538087
100.0,12,sr,2,100,0.00015418612369075103
100.0,12,sr,2,125,5.2430750747153644e-05
100.0,12,sr,2,150,3.174248021358205e-05
100.0,12,sr,2,175,1.3821106213971417e-05
100.0,12,sr,2,200,9.427369417660632e-06
100.0,12,sr,2,225,7.635417262030108e-06
100.0,12,sr,2,250,7.266752200978391e-06
100.0,12,sr,2,275,6.5839958934869705e-06
100.0,12,sr,2,300,6.63208344853619e-06
100.0,12,sr,2,325,6.3888910723001586e-06
100.0,12,sr,2,350,6.9290734372999e-06
100.0,12,sr,2,375,6.25858176250657e-06
100.0,12,sr,2,400,5.985219926923437e-06
100.0,12,sr,2,425,6.797886238288541e-06
100.0,12,sr,2,450,5.919794391830387e-06
100.0,12,sr,2,475,6.6439143239296055e-06
100.0,12,sr,2,500,5.638502011978819e-06
100.0,12,sr,2,525,5.732273398232221e-06
100.0,12,sr,2,550,7.099940797037822e-06
100.0,12,sr,2,575,8.424293589357485e-06
100.0,12,sr,2,600,7.679076592638757e-06
100.0,12,sr,2,625,6.1923508244109725e-06
100.0,12,sr,2,650,5.87545793066562e-06
100.0,12,sr,2,675,5.697506961721177e-06
100.0,12,sr,2,700,6.204361021635208e-06
100.0,12,sr,2,725,7.996370369400902e-06
100.0,12,sr,2,750,6.384143892542568e-06
100.0,12,sr,2,775,5.019292136509959e-06
100.0,12,sr,2,800,6.027064919736629e-06
100.0,12,sr,2,825,5.046784237322714e-06
100.0,12,sr,2,850,5.146415082136122e-06
100.0,12,sr,2,875,6.554327676282912e-06
100.0,12,sr,2,900,5.496563639391029e-06
100.0,12,sr,2,925,5.794060435380267e-06
100.0,12,sr,2,950,6.172405651176986e-06
100.0,12,sr,2,975,7.534241016728521e-06
100.0,12,sr,2,1000,5.81208823465353e-06
100.0,12,sr,2,1025,7.005899797272495e-06
100.0,12,sr,2,1050,6.365719188765015e-06
100.0,12,sr,2,1075,5.472053165069107e-06
100.0,12,sr,2,1100,6.3527201999504195e-06
100.0,12,sr,2,1125,7.540581221248533e-06
100.0,12,sr,2,1150,5.4801630041730545e-06
100.0,12,sr,2,1175,5.590761963739025e-06
100.0,12,sr,2,1200,6.269281358912939e-06
100.0,12,sr,2,1225,5.166867336432364e-06
100.0,12,sr,2,1250,6.527468667657181e-06
100.0,12,sr,2,1275,6.5426686357498985e-06
100.0,12,sr,2,1300,5.667698440758356e-06
100.0,12,sr,2,1325,5.695188243485698e-06
100.0,12,sr,2,1350,6.66446195499942e-06
100.0,12,sr,2,1375,7.088300871457894e-06
100.0,12,sr,2,1400,5.6482455328592895e-06
100.0,12,sr,2,1425,6.873643057037844e-06
100.0,12,sr,2,1450,6.4231449203069815e-06
100.0,12,sr,2,1475,6.136149968292703e-06
100.0,12,sr,2,1500,7.64323946276755e-06
100.0,12,sr,2,1525,6.196520726728316e-06
100.0,12,sr,2,1550,6.700241578468864e-06
100.0,12,sr,2,1575,6.18815076256877e-06
100.0,12,sr,2,1600,6.914564120237881e-06
100.0,12,sr,2,1625,7.55784669707703e-06
100.0,12,sr,2,1650,4.949138541624608e-06
100.0,12,sr,2,1675,6.409023600084657e-06
100.0,12,sr,2,1700,5.3478357968267005e-06
100.0,12,sr,2,1725,5.443405843240033e-06
100.0,12,sr,2,1750,6.671464087983282e-06
100.0,12,sr,2,1775,5.096413061855702e-06
100.0,12,sr,2,1800,5.977439453544776e-06
100.0,12,sr,2,1825,6.273629914150339e-06
100.0,12,sr,2,1850,6.273769356800195e-06
100.0,12,sr,2,1875,5.769692562507976e-06
100.0,12,sr,2,1900,6.371233060926709e-06
100.0,12,sr,2,1925,7.221537059074139e-06
100.0,12,sr,2,1950,8.241863827271506e-06
100.0,12,sr,2,1975,5.573746387343544e-06
100.0,12,sr,2,2000,5.910126071480597e-06
100.0,12,sr,2,2025,5.497636201533829e-06
100.0,12,sr,2,2050,5.310594382409443e-06
100.0,12,sr,2,2075,5.091588394425661e-06
100.0,12,sr,2,2100,6.645511121688387e-06
100.0,12,sr,2,2125,7.645703324617942e-06
100.0,12,sr,2,2150,6.399085720385279e-06
100.0,12,sr,2,2175,6.786024410255131e-06
100.0,12,sr,2,2200,6.455218890152445e-06
100.0,12,sr,2,2225,6.713041753180088e-06
100.0,12,sr,2,2250,5.75243169802318e-06
100.0,12,sr,2,2275,5.901440839133336e-06
100.0,12,sr,2,2300,6.269380697407154e-06
100.0,12,sr,2,2325,7.4418659424429425e-06
100.0,12,sr,2,2350,7.70381335162815e-06
100.0,12,sr,2,2375,7.1886661539627315e-06
100.0,12,sr,2,2400,6.015526885045204e-06
100.0,12,sr,2,2425,5.365537760889701e-06
100.0,12,sr,2,2450,6.759280294643426e-06
100.0,12,sr,2,2475,6.723485231634826e-06
100.0,12,sr,2,2500,6.080862047628011e-06
100.0,12,sr,2,2525,6.0382973629656385e-06
100.0,12,sr,2,2550,6.360591265047733e-06
100.0,12,sr,2,2575,6.085261468676494e-06
100.0,12,sr,2,2600,5.1816118067876554e-06
100.0,12,sr,2,2625,6.5445581990655515e-06
100.0,12,sr,2,2650,6.6027181257189835e-06
100.0,12,sr,2,2675,7.202992565313944e-06
100.0,12,sr,2,2700,5.748482261941145e-06
100.0,12,sr,2,2725,7.411747657863008e-06
100.0,12,sr,2,2750,5.89674729778502e-06
100.0,12,sr,2,2775,6.4155348004050264e-06
100.0,12,sr,2,2800,5.2551442473339165e-06
100.0,12,sr,2,2825,6.563304508043966e-06
100.0,12,sr,2,2850,6.705253421140626e-06
100.0,12,sr,2,2875,7.2115665863676574e-06
100.0,12,sr,2,2900,7.632137394476085e-06
100.0,12,sr,2,2925,7.463175806442435e-06
100.0,12,sr,2,2950,7.96558703708488e-06
100.0,12,sr,2,2975,6.28414202635368e-06
100.0,12,sr,2,2999,5.241319960166596e-06
100.0,12,ef,0,0,0.32270167990630866
100.0,12,ef,0,25,0.00708790814615752
100.0,12,ef,0,50,0.0014699030729994403
100.0,12,ef,0,75,0.0004042698277830902
100.0,12,ef,0,100,0.0001553321789129199
100.0,12,ef,0,125,6.504653545933059e-05
100.0,12,ef,0,150,2.633665438182589e-05
100.0,12,ef,0,175,1.3975492159080279e-05
100.0,12,ef,0,200,1.252277364902482e-05
100.0,12,ef,0,225,7.925792190923077e-06
100.0,12,ef,0,250,1.0228705801555809e-05
100.0,12,ef,0,275,1.1667315067903193e-05
100.0,12,ef,0,300,1.1130154885306637e-05
100.0,12,ef,0,325,9.061063587861383e-06
100.0,12,ef,0,350,7.187108680318176e-06
100.0,12,ef,0,375,8.005036565258588e-06
100.0,12,ef,0,400,7.471208664557906e-06
100.0,12,ef,0,425,7.2243385405271874e-06
100.0,12,ef,0,450,1.0747415652250141e-05
100.0,12,ef,0,475,1.0177017586602125e-05
100.0,12,ef,0,500,6.554333448763933e-06
100.0,12,ef,0,525,8.532873347397443e-06
100.0,12,ef,0,550,6.557328854373492e-06
100.0,12,ef,0,575,1.0401557649405901e-05
100.0,12,ef,0,600,8.566284895783458e-06
100.0,12,ef,0,625,8.628448896131705e-06
100.0,12,ef,0,650,9.71229035779039e-06
100.0,12,ef,0,675,7.4082402576821295e-06
100.0,12,ef,0,700,8.003080316714492e-06
100.0,12,ef,0,725,7.1071529206729065e-06
100.0,12,ef,0,750,1.6498400218488643e-05
100.0,12,ef,0,775,1.1420616735269299e-05
100.0,12,ef,0,800,7.633239744284898e-06
100.0,12,ef,0,825,1.0008002639801331e-05
100.0,12,ef,0,850,8.104567905684736e-06
100.0,12,ef,0,875,9.989316055405814e-06
100.0,12,ef,0,900,6.932644548378942e-06
100.0,12,ef,0,925,1.1354855896502508e-05
100.0,12,ef,0,950,9.1413889662427e-06
100.0,12,ef,0,975,1.2935719441236433e-05
100.0,12,ef,0,1000,8.541389467332564e-06
100.0,12,ef,0,1025,7.354296923294978e-06
100.0,12,ef,0,1050,7.558983245899677e-06
100.0,12,ef,0,1075,8.255015767209063e-06
100.0,12,ef,0,1100,7.744113153454585e-06
100.0,12,ef,0,1125,9.647788173030898e-06
100.0,12,ef,0,1150,9.692763369844196e-06
100.0,12,ef,0,1175,8.06588966680662e-06
100.0,12,ef,0,1200,8.261317927771326e-06
100.0,12,ef,0,1225,9.981715728494385e-06
100.0,12,ef,0,1250,7.772840000222941e-06
100.0,12,ef,0,1275,1.1525932097123136e-05
100.0,12,ef,0,1300,1.1122226398912033e-05
100.0,12,ef,0,1325,7.212356061557266e-06
100.0,12,ef,0,1350,7.537938081275469e-06
100.0,12,ef,0,1375,7.485153671177182e-06
100.0,12,ef,0,1400,1.0184794426723679e-05
100.0,12,ef,0,1425,7.925405365056188e-06
100.0,12,ef,0,1450,9.847928066247007e-06
100.0,12,ef,0,1475,9.994616300568462e-06
100.0,12,ef,0,1500,7.804302682497637e-06
100.0,12,ef,0,1525,1.2496291508906305e-05
100.0,12,ef,0,1550,1.1018571194939632e-05
100.0,12,ef,0,1575,7.889163144110424e-06
100.0,12,ef,0,1600,7.791830359401403e-06
100.0,12,ef,0,1625,7.376022537208155e-06
100.0,12,ef,0,1650,9.268585270700494e-06
100.0,12,ef,0,1675,1.0959794139922721e-05
100.0,12,ef,0,1700,9.650763956012985e-06
100.0,12,ef,0,1725,8.272091084319882e-06
100.0,12,ef,0,1750,8.245480788215001e-06
100.0,12,ef,0,1775,8.822645789368275e-06
100.0,12,ef,0,1800,9.735031227532744e-06
100.0,12,ef,0,1825,9.789672105468632e-06
100.0,12,ef,0,1850,6.673951410462275e-06
100.0,12,ef,0,1875,8.554947257843279e-06
100.0,12,ef,0,1900,8.271080369080314e-06
100.0,12,ef,0,1925,8.921861980979563e-06
100.0,12,ef,0,1950,9.743743089302232e-06
100.0,12,ef,0,1975,6.563383310852594e-06
100.0,12,ef,0,2000,1.1002750425591849e-05
100.0,12,ef,0,2025,8.188852943759088e-06
100.0,12,ef,0,2050,1.023337293101186e-05
100.0,12,ef,0,2075,8.153262910481795e-06
100.0,12,ef,0,2100,6.928403080166181e-06
100.0,12,ef,0,2125,1.2671237227879074e-05
100.0,12,ef,0,2150,1.0054803386660026e-05
100.0,12,ef,0,2175,9.719568046716412e-06
100.0,12,ef,0,2200,9.068702921955465e-06
100.0,12,ef,0,2225,7.664143139910808e-06
100.0,12,ef,0,2250,8.480550972456605e-06
100.0,12,ef,0,2275,7.582831355963972e-06
100.0,12,ef,0,2300,8.455164516351737e-06
100.0,12,ef,0,2325,7.612236709656857e-06
100.0,12,ef,0,2350,8.580555694354344e-06
100.0,12,ef,0,2375,1.25739303865087e-05
100.0,12,ef,0,2400,1.3586990066014187e-05
100.0,12,ef,0,2425,7.547278952335067e-06
100.0,12,ef,0,2450,9.681674222669386e-06
100.0,12,ef,0,2475,6.695703528495994e-06
100.0,12,ef,0,2500,6.430942237686702e-06
100.0,12,ef,0,2525,7.24474926913728e-06
100.0,12,ef,0,2550,8.670197184055313e-06
100.0,12,ef,0,2575,1.597857814472234e-05
100.0,12,ef,0,2600,1.6856875658944493e-05
100.0,12,ef,0,2625,1.4537027518440981e-05
100.0,12,ef,0,2650,9.470129400739018e-06
100.0,12,ef,0,2675,7.922164595359396e-06
100.0,12,ef,0,2700,9.611678212509634e-06
100.0,12,ef,0,2725,9.26863674505023e-06
100.0,12,ef,0,2750,7.3104700506812255e-06
100.0,12,ef,0,2775,1.0091156718958757e-05
100.0,12,ef,0,2800,1.0095262968397713e-05
100.0,12,ef,0,2825,8.859469134101413e-06
100.0,12,ef,0,2850,9.520648020108001e-06
100.0,12,ef,0,2875,7.870209781483213e-06
100.0,12,ef,0,2900,1.3257416338355107e-05
100.0,12,ef,0,2925,9.779890841005512e-06
100.0,12,ef,0,2950,8.621126507434044e-06
100.0,12,ef,0,2975,6.881362444428169e-06
100.0,12,ef,0,2999,1.0193019048423214e-05
100.0,12,ef,1,0,0.32270167990630866
100.0,12,ef,1,25,0.00708790814615752
100.0,12,ef,1,50,0.0014699030729994403
100.0,12,ef,1,75,0.0004042698277830902
100.0,12,ef,1,100,0.0001553321789129199
100.0,12,ef,1,125,6.504653545933059e-05
100.0,12,ef,1,150,2.633665438182589e-05
100.0,12,ef,1,175,1.3975492159080279e-05
100.0,12,ef,1,200,1.252277364902482e-05
100.0,12,ef,1,225,7.925792190923077e-06
100.0,12,ef,1,250,1.0228705801555809e-05
100.0,12,ef,1,275,1.1667315067903193e-05
100.0,12,ef,1,300,1.1130154885306637e-05
100.0,12,ef,1,325,9.061063587861383e-06
100.0,12,ef,1,350,7.187108680318176e-06
100.0,12,ef,1,375,8.005036565258588e-06
100.0,12,ef,1,400,7.471208664557906e-06
100.0,12,ef,1,425,7.2243385405271874e-06
100.0,12,ef,1,450,1.0747415652250141e-05
100.0,12,ef,1,475,1.0177017586602125e-05
100.0,12,ef,1,500,6.554333448763933e-06
100.0,12,ef,1,525,8.532873347397443e-06
100.0,12,ef,1,550,6.557328854373492e-06
100.0,12,ef,1,575,1.0401557649405901e-05
100.0,12,ef,1,600,8.566284895783458e-06
100.0,12,ef,1,625,8.628448896131705e-06
100.0,12,ef,1,650,9.71229035779039e-06
100.0,12,ef,1,675,7.4082402576821295e-06
100.0,12,ef,1,700,8.003080316714492e-06
100.0,12,ef,1,725,7.1071529206729065e-06
100.0,12,ef,1,750,1.6498400218488643e-05
100.0,12,ef,1,775,1.1420616735269299e-05
100.0,12,ef,1,800,7.633239744284898e-06
100.0,12,ef,1,825,1.0008002639801331e-05
100.0,12,ef,1,850,8.104567905684736e-06
100.0,12,ef,1,875,9.989316055405814e-06
100.0,12,ef,1,900,6.932644548378942e-06
100.0,12,ef,1,925,1.1354855896502508e-05
100.0,12,ef,1,950,9.1413889662427e-06
100.0,12,ef,1,975,1.2935719441236433e-05
100.0,12,ef,1,1000,8.541389467332564e-06
100.0,12,ef,1,1025,7.354296923294978e-06
100.0,12,ef,1,1050,7.558983245899677e-06
100.0,12,ef,1,1075,8.255015767209063e-06
100.0,12,ef,1,1100,7.744113153454585e-06
100.0,12,ef,1,1125,9.647788173030898e-06
100.0,12,ef,1,1150,9.692763369844196e-06
100.0,12,ef,1,1175,8.06588966680662e-06
100.0,12,ef,1,1200,8.261317927771326e-06
100.0,12,ef,1,1225,9.981715728494385e-06
100.0,12,ef,1,1250,7.772840000222941e-06
100.0,12,ef,1,1275,1.1525932097123136e-05
100.0,12,ef,1,1300,1.1122226398912033e-05
100.0,12,ef,1,1325,7.212356061557266e-06
100.0,12,ef,1,1350,7.537938081275469e-06
100.0,12,ef,1,1375,7.485153671177182e-06
100.0,12,ef,1,1400,1.0184794426723679e-05
100.0,12,ef,1,1425,7.925405365056188e-06
100.0,12,ef,1,1450,9.847928066247007e-06
100.0,12,ef,1,1475,9.994616300568462e-06
100.0,12,ef,1,1500,7.804302682497637e-06
100.0,12,ef,1,1525,1.2496291508906305e-05
100.0,12,ef,1,1550,1.1018571194939632e-05
100.0,12,ef,1,1575,7.889163144110424e-06
100.0,12,ef,1,1600,7.791830359401403e-06
100.0,12,ef,1,1625,7.376022537208155e-06
100.0,12,ef,1,1650,9.268585270700494e-06
100.0,12,ef,1,1675,1.0959794139922721e-05
100.0,12,ef,1,1700,9.650763956012985e-06
100.0,12,ef,1,1725,8.272091084319882e-06
100.0,12,ef,1,1750,8.245480788215001e-06
100.0,12,ef,1,1775,8.822645789368275e-06
100.0,12,ef,1,1800,9.735031227532744e-06
100.0,12,ef,1,1825,9.789672105468632e-06
100.0,12,ef,1,1850,6.673951410462275e-06
100.0,12,ef,1,1875,8.554947257843279e-06
100.0,12,ef,1,1900,8.271080369080314e-06
100.0,12,ef,1,1925,8.921861980979563e-06
100.0,12,ef,1,1950,9.743743089302232e-06
100.0,12,ef,1,1975,6.563383310852594e-06
100.0,12,ef,1,2000,1.1002750425591849e-05
100.0,12,ef,1,2025,8.188852943759088e-06
100.0,12,ef,1,2050,1.023337293101186e-05
100.0,12,ef,1,2075,8.153262910481795e-06
100.0,12,ef,1,2100,6.928403080166181e-06
100.0,12,ef,1,2125,1.2671237227879074e-05
100.0,12,ef,1,2150,1.0054803386660026e-05
100.0,12,ef,1,2175,9.719568046716412e-06
100.0,12,ef,1,2200,9.068702921955465e-06
100.0,12,ef,1,2225,7.664143139910808e-06
100.0,12,ef,1,2250,8.480550972456605e-06
100.0,12,ef,1,2275,7.582831355963972e-06
100.0,12,ef,1,2300,8.455164516351737e-06
100.0,12,ef,1,2325,7.612236709656857e-06
100.0,12,ef,1,2350,8.580555694354344e-06
100.0,12,ef,1,2375,1.25739303865087e-05
100.0,12,ef,1,2400,1.3586990066014187e-05
100.0,12,ef,1,2425,7.547278952335067e-06
100.0,12,ef,1,2450,9.681674222669386e-06
100.0,12,ef,1,2475,6.695703528495994e-06
100.0,12,ef,1,2500,6.430942237686702e-06
100.0,12,ef,1,2525,7.24474926913728e-06
100.0,12,ef,1,2550,8.670197184055313e-06
100.0,12,ef,1,2575,1.597857814472234e-05
100.0,12,ef,1,2600,1.6856875658944493e-05
100.0,12,ef,1,2625,1.4537027518440981e-05
100.0,12,ef,1,2650,9.470129400739018e-06
100.0,12,ef,1,2675,7.922164595359396e-06
100.0,12,ef,1,2700,9.611678212509634e-06
100.0,12,ef,1,2725,9.26863674505023e-06
100.0,12,ef,1,2750,7.3104700506812255e-06
100.0,12,ef,1,2775,1.0091156718958757e-05
100.0,12,ef,1,2800,1.0095262968397713e-05
100.0,12,ef,1,2825,8.859469134101413e-06
100.0,12,ef,1,2850,9.520648020108001e-06
100.0,12,ef,1,2875,7.870209781483213e-06
100.0,12,ef,1,2900,1.3257416338355107e-05
100.0,12,ef,1,2925,9.779890841005512e-06
100.0,12,ef,1,2950,8.621126507434044e-06
100.0,12,ef,1,2975,6.881362444428169e-06
100.0,12,ef,1,2999,1.0193019048423214e-05
100.0,12,ef,2,0,0.32270167990630866
100.0,12,ef,2,25,0.00708790814615752
100.0,12,ef,2,50,0.0014699030729994403
100.0,12,ef,2,75,0.0004042698277830902
100.0,12,ef,2,100,0.0001553321789129199
100.0,12,ef,2,125,6.504653545933059e-05
100.0,12,ef,2,150,2.633665438182589e-05
100.0,12,ef,2,175,1.3975492159080279e-05
100.0,12,ef,2,200,1.252277364902482e-05
100.0,12,ef,2,225,7.925792190923077e-06
100.0,12,ef,2,250,1.0228705801555809e-05
100.0,12,ef,2,275,1.1667315067903193e-05
100.0,12,ef,2,300,1.1130154885306637e-05
100.0,12,ef,2,325,9.061063587861383e-06
100.0,12,ef,2,350,7.187108680318176e-06
100.0,12,ef,2,375,8.005036565258588e-06
100.0,12,ef,2,400,7.471208664557906e-06
100.0,12,ef,2,425,7.2243385405271874e-06
100.0,12,ef,2,450,1.0747415652250141e-05
100.0,12,ef,2,475,1.0177017586602125e-05
100.0,12,ef,2,500,6.554333448763933e-06
100.0,12,ef,2,525,8.532873347397443e-06
100.0,12,ef,2,550,6.557328854373492e-06
100.0,12,ef,2,575,1.0401557649405901e-05
100.0,12,ef,2,600,8.566284895783458e-06
100.0,12,ef,2,625,8.628448896131705e-06
100.0,12,ef,2,650,9.71229035779039e-06
100.0,12,ef,2,675,7.4082402576821295e-06
100.0,12,ef,2,700,8.003080316714492e-06
100.0,12,ef,2,725,7.1071529206729065e-06
100.0,12,ef,2,750,1.6498400218488643e-05
100.0,12,ef,2,775,1.1420616735269299e-05
100.0,12,ef,2,800,7.633239744284898e-06
100.0,12,ef,2,825,1.0008002639801331e-05
100.0,12,ef,2,850,8.104567905684736e-06
100.0,12,ef,2,875,9.989316055405814e-06
100.0,12,ef,2,900,6.932644548378942e-06
100.0,12,ef,2,925,1.1354855896502508e-05
100.0,12,ef,2,950,9.1413889662427e-06
100.0,12,ef,2,975,1.2935719441236433e-05
100.0,12,ef,2,1000,8.541389467332564e-06
100.0,12,ef,2,1025,7.354296923294978e-06
100.0,12,ef,2,1050,7.558983245899677e-06
100.0,12,ef,2,1075,8.255015767209063e-06
100.0,12,ef,2,1100,7.744113153454585e-06
100.0,12,ef,2,1125,9.647788173030898e-06
100.0,12,ef,2,1150,9.692763369844196e-06
100.0,12,ef,2,1175,8.06588966680662e-06
100.0,12,ef,2,1200,8.261317927771326e-06
100.0,12,ef,2,1225,9.981715728494385e-06
100.0,12,ef,2,1250,7.772840000222941e-06
100.0,12,ef,2,1275,1.1525932097123136e-05
100.0,12,ef,2,1300,1.1122226398912033e-05
100.0,12,ef,2,1325,7.212356061557266e-06
100.0,12,ef,2,1350,7.537938081275469e-06
100.0,12,ef,2,1375,7.485153671177182e-06
100.0,12,ef,2,1400,1.0184794426723679e-05
100.0,12,ef,2,1425,7.925405365056188e-06
100.0,12,ef,2,1450,9.847928066247007e-06
100.0,12,ef,2,1475,9.994616300568462e-06
100.0,12,ef,2,1500,7.804302682497637e-06
100.0,12,ef,2,1525,1.2496291508906305e-05
100.0,12,ef,2,1550,1.1018571194939632e-05
100.0,12,ef,2,1575,7.889163144110424e-06
100.0,12,ef,2,1600,7.791830359401403e-06
100.0,12,ef,2,1625,7.376022537208155e-06
100.0,12,ef,2,1650,9.268585270700494e-06
100.0,12,ef,2,1675,1.0959794139922721e-05
100.0,12,ef,2,1700,9.650763956012985e-06
100.0,12,ef,2,1725,8.272091084319882e-06
100.0,12,ef,2,1750,8.245480788215001e-06
100.0,12,ef,2,1775,8.822645789368275e-06
100.0,12,ef,2,1800,9.735031227532744e-06
100.0,12,ef,2,1825,9.789672105468632e-06
100.0,12,ef,2,1850,6.673951410462275e-06
100.0,12,ef,2,1875,8.554947257843279e-06
100.0,12,ef,2,1900,8.271080369080314e-06
100.0,12,ef,2,1925,8.921861980979563e-06
100.0,12,ef,2,1950,9.743743089302232e-06
100.0,12,ef,2,1975,6.563383310852594e-06
100.0,12,ef,2,2000,1.1002750425591849e-05
100.0,12,ef,2,2025,8.188852943759088e-06
100.0,12,ef,2,2050,1.023337293101186e-05
100.0,12,ef,2,2075,8.153262910481795e-06
100.0,12,ef,2,2100,6.928403080166181e-06
100.0,12,ef,2,2125,1.2671237227879074e-05
100.0,12,ef,2,2150,1.0054803386660026e-05
100.0,12,ef,2,2175,9.719568046716412e-06
100.0,12,ef,2,2200,9.068702921955465e-06
100.0,12,ef,2,2225,7.664143139910808e-06
100.0,12,ef,2,2250,8.480550972456605e-06
100.0,12,ef,2,2275,7.582831355963972e-06
100.0,12,ef,2,2300,8.455164516351737e-06
100.0,12,ef,2,2325,7.612236709656857e-06
100.0,12,ef,2,2350,8.580555694354344e-06
100.0,12,ef,2,2375,1.25739303865087e-05
100.0,12,ef,2,2400,1.3586990066014187e-05
100.0,12,ef,2,2425,7.547278952335067e-06
100.0,12,ef,2,2450,9.681674222669386e-06
100.0,12,ef,2,2475,6.695703528495994e-06
100.0,12,ef,2,2500,6.430942237686702e-06
100.0,12,ef,2,2525,7.24474926913728e-06
100.0,12,ef,2,2550,8.670197184055313e-06
100.0,12,ef,2,2575,1.597857814472234e-05
100.0,12,ef,2,2600,1.6856875658944493e-05
100.0,12,ef,2,2625,1.4537027518440981e-05
100.0,12,ef,2,2650,9.470129400739018e-06
100.0,12,ef,2,2675,7.922164595359396e-06
100.0,12,ef,2,2700,9.611678212509634e-06
100.0,12,ef,2,2725,9.26863674505023e-06
100.0,12,ef,2,2750,7.3104700506812255e-06
100.0,12,ef,2,2775,1.0091156718958757e-05
100.0,12,ef,2,2800,1.0095262968397713e-05
100.0,12,ef,2,2825,8.859469134101413e-06
100.0,12,ef,2,2850,9.520648020108001e-06
100.0,12,ef,2,2875,7.870209781483213e-06
100.0,12,ef,2,2900,1.3257416338355107e-05
100.0,12,ef,2,2925,9.779890841005512e-06
100.0,12,ef,2,2950,8.621126507434044e-06
100.0,12,ef,2,2975,6.881362444428169e-06
100.0,12,ef,2,2999,1.0193019048423214e-05
100.0,10,rtn,0,0,0.32284460169359297
100.0,10,rtn,0,25,0.007102028108593398
100.0,10,rtn,0,50,0.0017420838117853052
100.0,10,rtn,0,75,0.0008557632617004278
100.0,10,rtn,0,100,0.0006494816313150856
100.0,10,rtn,0,125,0.0006478825385192959
100.0,10,rtn,0,150,0.0006401696725319871
100.0,10,rtn,0,175,0.0006319427446641751
100.0,10,rtn,0,200,0.0006451848129515758
100.0,10,rtn,0,225,0.0006319427446641751
100.0,10,rtn,0,250,0.0006451848129515758
100.0,10,rtn,0,275,0.0006319427446641751
100.0,10,rtn,0,300,0.0006451848129515758
100.0,10,rtn,0,325,0.0006319427446641751
100.0,10,rtn,0,350,0.0006451848129515758
100.0,10,rtn,0,375,0.0006319427446641751
100.0,10,rtn,0,400,0.0006451848129515758
100.0,10,rtn,0,425,0.0006319427446641751
100.0,10,rtn,0,450,0.0006451848129515758
100.0,10,rtn,0,475,0.0006319427446641751
100.0,10,rtn,0,500,0.0006451848129515758
100.0,10,rtn,0,525,0.0006319427446641751
100.0,10,rtn,0,550,0.0006451848129515758
100.0,10,rtn,0,575,0.0006319427446641751
100.0,10,rtn,0,600,0.0006451848129515758
100.0,10,rtn,0,625,0.0006319427446641751
100.0,10,rtn,0,650,0.0006451848129515758
100.0,10,rtn,0,675,0.0006319427446641751
100.0,10,rtn,0,700,0.0006451848129515758
100.0,10,rtn,0,725,0.0006319427446641751
100.0,10,rtn,0,750,0.0006451848129515758
100.0,10,rtn,0,775,0.0006319427446641751
100.0,10,rtn,0,800,0.0006451848129515758
100.0,10,rtn,0,825,0.0006319427446641751
100.0,10,rtn,0,850,0.0006451848129515758
100.0,10,rtn,0,875,0.0006319427446641751
100.0,10,rtn,0,900,0.0006451848129515758
100.0,10,rtn,0,925,0.0006319427446641751
100.0,10,rtn,0,950,0.0006451848129515758
100.0,10,rtn,0,975,0.0006319427446641751
100.0,10,rtn,0,1000,0.0006451848129515758
100.0,10,rtn,0,1025,0.0006319427446641751
100.0,10,rtn,0,1050,0.0006451848129515758
100.0,10,rtn,0,1075,0.0006319427446641751
100.0,10,rtn,0,1100,0.0006451848129515758
100.0,10,rtn,0,1125,0.0006319427446641751
100.0,10,rtn,0,1150,0.0006451848129515758
100.0,10,rtn,0,1175,0.0006319427446641751
100.0,10,rtn,0,1200,0.0006451848129515758
100.0,10,rtn,0,1225,0.0006319427446641751
100.0,10,rtn,0,1250,0.0006451848129515758
100.0,10,rtn,0,1275,0.0006319427446641751
100.0,10,rtn,0,1300,0.0006451848129515758
100.0,10,rtn,0,1325,0.0006319427446641751
100.0,10,rtn,0,1350,0.0006451848129515758
100.0,10,rtn,0,1375,0.0006319427446641751
100.0,10,rtn,0,1400,0.0006451848129515758
100.0,10,rtn,0,1425,0.0006319427446641751
100.0,10,rtn,0,1450,0.0006451848129515758
100.0,10,rtn,0,1475,0.0006319427446641751
100.0,10,rtn,0,1500,0.0006451848129515758
100.0,10,rtn,0,1525,0.0006319427446641751
100.0,10,rtn,0,1550,0.0006451848129515758
100.0,10,rtn,0,1575,0.0006319427446641751
100.0,10,rtn,0,1600,0.0006451848129515758
100.0,10,rtn,0,1625,0.0006319427446641751
100.0,10,rtn,0,1650,0.0006451848129515758
100.0,10,rtn,0,1675,0.0006319427446641751
100.0,10,rtn,0,1700,0.0006451848129515758
100.0,10,rtn,0,1725,0.0006319427446641751
100.0,10,rtn,0,1750,0.0006451848129515758
100.0,10,rtn,0,1775,0.0006319427446641751
100.0,10,rtn,0,1800,0.0006451848129515758
100.0,10,rtn,0,1825,0.0006319427446641751
100.0,10,rtn,0,1850,0.0006451848129515758
100.0,10,rtn,0,1875,0.0006319427446641751
100.0,10,rtn,0,1900,0.0006451848129515758
100.0,10,rtn,0,1925,0.0006319427446641751
100.0,10,rtn,0,1950,0.0006451848129515758
100.0,10,rtn,0,1975,0.0006319427446641751
100.0,10,rtn,0,2000,0.0006451848129515758
100.0,10,rtn,0,2025,0.0006319427446641751
100.0,10,rtn,0,2050,0.0006451848129515758
100.0,10,rtn,0,2075,0.0006319427446641751
100.0,10,rtn,0,2100,0.0006451848129515758
100.0,10,rtn,0,2125,0.0006319427446641751
100.0,10,rtn,0,2150,0.0006451848129515758
100.0,10,rtn,0,2175,0.0006319427446641751
100.0,10,rtn,0,2200,0.0006451848129515758
100.0,10,rtn,0,2225,0.0006319427446641751
100.0,10,rtn,0,2250,0.0006451848129515758
100.0,10,rtn,0,2275,0.0006319427446641751
100.0,10,rtn,0,2300,0.0006451848129515758
100.0,10,rtn,0,2325,0.0006319427446641751
100.0,10,rtn,0,2350,0.0006451848129515758
100.0,10,rtn,0,2375,0.0006319427446641751
100.0,10,rtn,0,2400,0.0006451848129515758
100.0,10,rtn,0,2425,0.0006319427446641751
100.0,10,rtn,0,2450,0.0006451848129515758
100.0,10,rtn,0,2475,0.0006319427446641751
100.0,10,rtn,0,2500,0.0006451848129515758
100.0,10,rtn,0,2525,0.0006319427446641751
100.0,10,rtn,0,2550,0.0006451848129515758
100.0,10,rtn,0,2575,0.0006319427446641751
100.0,10,rtn,0,2600,0.0006451848129515758
100.0,10,rtn,0,2625,0.0006319427446641751
100.0,10,rtn,0,2650,0.0006451848129515758
100.0,10,rtn,0,2675,0.0006319427446641751
100.0,10,rtn,0,2700,0.0006451848129515758
100.0,10,rtn,0,2725,0.0006319427446641751
100.0,10,rtn,0,2750,0.0006451848129515758
100.0,10,rtn,0,2775,0.0006319427446641751
100.0,10,rtn,0,2800,0.0006451848129515758
100.0,10,rtn,0,2825,0.0006319427446641751
100.0,10,rtn,0,2850,0.0006451848129515758
100.0,10,rtn,0,2875,0.0006319427446641751
100.0,10,rtn,0,2900,0.0006451848129515758
100.0,10,rtn,0,2925,0.0006319427446641751
100.0,10,rtn,0,2950,0.0006451848129515758
100.0,10,rtn,0,2975,0.0006319427446641751
100.0,10,rtn,0,2999,0.0006319427446641751
100.0,10,rtn,1,0,0.32284460169359297
100.0,10,rtn,1,25,0.007102028108593398
100.0,10,rtn,1,50,0.0017420838117853052
100.0,10,rtn,1,75,0.0008557632617004278
100.0,10,rtn,1,100,0.0006494816313150856
100.0,10,rtn,1,125,0.0006478825385192959
100.0,10,rtn,1,150,0.0006401696725319871
100.0,10,rtn,1,175,0.0006319427446641751
100.0,10,rtn,1,200,0.0006451848129515758
100.0,10,rtn,1,225,0.0006319427446641751
100.0,10,rtn,1,250,0.0006451848129515758
100.0,10,rtn,1,275,0.0006319427446641751
100.0,10,rtn,1,300,0.0006451848129515758
100.0,10,rtn,1,325,0.0006319427446641751
100.0,10,rtn,1,350,0.0006451848129515758
100.0,10,rtn,1,375,0.0006319427446641751
100.0,10,rtn,1,400,0.0006451848129515758
100.0,10,rtn,1,425,0.0006319427446641751
100.0,10,rtn,1,450,0.0006451848129515758
100.0,10,rtn,1,475,0.0006319427446641751
100.0,10,rtn,1,500,0.0006451848129515758
100.0,10,rtn,1,525,0.0006319427446641751
100.0,10,rtn,1,550,0.0006451848129515758
100.0,10,rtn,1,575,0.0006319427446641751
100.0,10,rtn,1,600,0.0006451848129515758
100.0,10,rtn,1,625,0.0006319427446641751
100.0,10,rtn,1,650,0.0006451848129515758
100.0,10,rtn,1,675,0.0006319427446641751
100.0,10,rtn,1,700,0.0006451848129515758
100.0,10,rtn,1,725,0.0006319427446641751
100.0,10,rtn,1,750,0.0006451848129515758
100.0,10,rtn,1,775,0.0006319427446641751
100.0,10,rtn,1,800,0.0006451848129515758
100.0,10,rtn,1,825,0.0006319427446641751
100.0,10,rtn,1,850,0.0006451848129515758
100.0,10,rtn,1,875,0.0006319427446641751
100.0,10,rtn,1,900,0.0006451848129515758
100.0,10,rtn,1,925,0.0006319427446641751
100.0,10,rtn,1,950,0.0006451848129515758
100.0,10,rtn,1,975,0.0006319427446641751
100.0,10,rtn,1,1000,0.0006451848129515758
100.0,10,rtn,1,1025,0.0006319427446641751
100.0,10,rtn,1,1050,0.0006451848129515758
100.0,10,rtn,1,1075,0.0006319427446641751
100.0,10,rtn,1,1100,0.0006451848129515758
100.0,10,rtn,1,1125,0.0006319427446641751
100.0,10,rtn,1,1150,0.0006451848129515758
100.0,10,rtn,1,1175,0.0006319427446641751
100.0,10,rtn,1,1200,0.0006451848129515758
100.0,10,rtn,1,1225,0.0006319427446641751
100.0,10,rtn,1,1250,0.0006451848129515758
100.0,10,rtn,1,1275,0.0006319427446641751
100.0,10,rtn,1,1300,0.0006451848129515758
100.0,10,rtn,1,1325,0.0006319427446641751
100.0,10,rtn,1,1350,0.0006451848129515758
100.0,10,rtn,1,1375,0.0006319427446641751
100.0,10,rtn,1,1400,0.0006451848129515758
100.0,10,rtn,1,1425,0.0006319427446641751
100.0,10,rtn,1,1450,0.0006451848129515758
100.0,10,rtn,1,1475,0.0006319427446641751
100.0,10,rtn,1,1500,0.0006451848129515758
100.0,10,rtn,1,1525,0.0006319427446641751
100.0,10,rtn,1,1550,0.0006451848129515758
100.0,10,rtn,1,1575,0.0006319427446641751
100.0,10,rtn,1,1600,0.0006451848129515758
100.0,10,rtn,1,1625,0.0006319427446641751
100.0,10,rtn,1,1650,0.0006451848129515758
100.0,10,rtn,1,1675,0.0006319427446641751
100.0,10,rtn,1,1700,0.0006451848129515758
100.0,10,rtn,1,1725,0.0006319427446641751
100.0,10,rtn,1,1750,0.0006451848129515758
100.0,10,rtn,1,1775,0.0006319427446641751
100.0,10,rtn,1,1800,0.0006451848129515758
100.0,10,rtn,1,1825,0.0006319427446641751
100.0,10,rtn,1,1850,0.0006451848129515758
100.0,10,rtn,1,1875,0.0006319427446641751
100.0,10,rtn,1,1900,0.0006451848129515758
100.0,10,rtn,1,1925,0.0006319427446641751
100.0,10,rtn,1,1950,0.0006451848129515758
100.0,10,rtn,1,1975,0.0006319427446641751
100.0,10,rtn,1,2000,0.0006451848129515758
100.0,10,rtn,1,2025,0.0006319427446641751
100.0,10,rtn,1,2050,0.0006451848129515758
100.0,10,rtn,1,2075,0.0006319427446641751
100.0,10,rtn,1,2100,0.0006451848129515758
100.0,10,rtn,1,2125,0.0006319427446641751
100.0,10,rtn,1,2150,0.0006451848129515758
100.0,10,rtn,1,2175,0.0006319427446641751
100.0,10,rtn,1,2200,0.0006451848129515758
100.0,10,rtn,1,2225,0.0006319427446641751
100.0,10,rtn,1,2250,0.0006451848129515758
100.0,10,rtn,1,2275,0.0006319427446641751
100.0,10,rtn,1,2300,0.0006451848129515758
100.0,10,rtn,1,2325,0.0006319427446641751
100.0,10,rtn,1,2350,0.0006451848129515758
100.0,10,rtn,1,2375,0.0006319427446641751
100.0,10,rtn,1,2400,0.0006451848129515758
100.0,10,rtn,1,2425,0.0006319427446641751
100.0,10,rtn,1,2450,0.0006451848129515758
100.0,10,rtn,1,2475,0.0006319427446641751
100.0,10,rtn,1,2500,0.0006451848129515758
100.0,10,rtn,1,2525,0.0006319427446641751
100.0,10,rtn,1,2550,0.0006451848129515758
100.0,10,rtn,1,2575,0.0006319427446641751
100.0,10,rtn,1,2600,0.0006451848129515758
100.0,10,rtn,1,2625,0.0006319427446641751
100.0,10,rtn,1,2650,0.0006451848129515758
100.0,10,rtn,1,2675,0.0006319427446641751
100.0,10,rtn,1,2700,0.0006451848129515758
100.0,10,rtn,1,2725,0.0006319427446641751
100.0,10,rtn,1,2750,0.0006451848129515758
100.0,10,rtn,1,2775,0.0006319427446641751
100.0,10,rtn,1,2800,0.0006451848129515758
100.0,10,rtn,1,2825,0.0006319427446641751
100.0,10,rtn,1,2850,0.0006451848129515758
100.0,10,rtn,1,2875,0.0006319427446641751
100.0,10,rtn,1,2900,0.0006451848129515758
100.0,10,rtn,1,2925,0.0006319427446641751
100.0,10,rtn,1,2950,0.0006451848129515758
100.0,10,rtn,1,2975,0.0006319427446641751
100.0,10,rtn,1,2999,0.0006319427446641751
100.0,10,rtn,2,0,0.32284460169359297
100.0,10,rtn,2,25,0.007102028108593398
100.0,10,rtn,2,50,0.0017420838117853052
100.0,10,rtn,2,75,0.0008557632617004278
100.0,10,rtn,2,100,0.0006494816313150856
100.0,10,rtn,2,125,0.0006478825385192959
100.0,10,rtn,2,150,0.0006401696725319871
100.0,10,rtn,2,175,0.0006319427446641751
100.0,10,rtn,2,200,0.0006451848129515758
100.0,10,rtn,2,225,0.0006319427446641751
100.0,10,rtn,2,250,0.0006451848129515758
100.0,10,rtn,2,275,0.0006319427446641751
100.0,10,rtn,2,300,0.0006451848129515758
100.0,10,rtn,2,325,0.0006319427446641751
100.0,10,rtn,2,350,0.0006451848129515758
100.0,10,rtn,2,375,0.0006319427446641751
100.0,10,rtn,2,400,0.0006451848129515758
100.0,10,rtn,2,425,0.0006319427446641751
100.0,10,rtn,2,450,0.0006451848129515758
100.0,10,rtn,2,475,0.0006319427446641751
100.0,10,rtn,2,500,0.0006451848129515758
100.0,10,rtn,2,525,0.0006319427446641751
100.0,10,rtn,2,550,0.0006451848129515758
100.0,10,rtn,2,575,0.0006319427446641751
100.0,10,rtn,2,600,0.0006451848129515758
100.0,10,rtn,2,625,0.0006319427446641751
100.0,10,rtn,2,650,0.0006451848129515758
100.0,10,rtn,2,675,0.0006319427446641751
100.0,10,rtn,2,700,0.0006451848129515758
100.0,10,rtn,2,725,0.0006319427446641751
100.0,10,rtn,2,750,0.0006451848129515758
100.0,10,rtn,2,775,0.0006319427446641751
100.0,10,rtn,2,800,0.0006451848129515758
100.0,10,rtn,2,825,0.0006319427446641751
100.0,10,rtn,2,850,0.0006451848129515758
100.0,10,rtn,2,875,0.0006319427446641751
100.0,10,rtn,2,900,0.0006451848129515758
100.0,10,rtn,2,925,0.0006319427446641751
100.0,10,rtn,2,950,0.0006451848129515758
100.0,10,rtn,2,975,0.0006319427446641751
100.0,10,rtn,2,1000,0.0006451848129515758
100.0,10,rtn,2,1025,0.0006319427446641751
100.0,10,rtn,2,1050,0.0006451848129515758
100.0,10,rtn,2,1075,0.0006319427446641751
100.0,10,rtn,2,1100,0.0006451848129515758
100.0,10,rtn,2,1125,0.0006319427446641751
100.0,10,rtn,2,1150,0.0006451848129515758
100.0,10,rtn,2,1175,0.0006319427446641751
100.0,10,rtn,2,1200,0.0006451848129515758
100.0,10,rtn,2,1225,0.0006319427446641751
100.0,10,rtn,2,1250,0.0006451848129515758
100.0,10,rtn,2,1275,0.0006319427446641751
100.0,10,rtn,2,1300,0.0006451848129515758
100.0,10,rtn,2,1325,0.0006319427446641751
100.0,10,rtn,2,1350,0.0006451848129515758
100.0,10,rtn,2,1375,0.0006319427446641751
100.0,10,rtn,2,1400,0.0006451848129515758
100.0,10,rtn,2,1425,0.0006319427446641751
100.0,10,rtn,2,1450,0.0006451848129515758
100.0,10,rtn,2,1475,0.0006319427446641751
100.0,10,rtn,2,1500,0.0006451848129515758
100.0,10,rtn,2,1525,0.0006319427446641751
100.0,10,rtn,2,1550,0.0006451848129515758
100.0,10,rtn,2,1575,0.0006319427446641751
100.0,10,rtn,2,1600,0.0006451848129515758
100.0,10,rtn,2,1625,0.0006319427446641751
100.0,10,rtn,2,1650,0.0006451848129515758
100.0,10,rtn,2,1675,0.0006319427446641751
100.0,10,rtn,2,1700,0.0006451848129515758
100.0,10,rtn,2,1725,0.0006319427446641751
100.0,10,rtn,2,1750,0.0006451848129515758
100.0,10,rtn,2,1775,0.0006319427446641751
100.0,10,rtn,2,1800,0.0006451848129515758
100.0,10,rtn,2,1825,0.0006319427446641751
100.0,10,rtn,2,1850,0.0006451848129515758
100.0,10,rtn,2,1875,0.0006319427446641751
100.0,10,rtn,2,1900,0.0006451848129515758
100.0,10,rtn,2,1925,0.0006319427446641751
100.0,10,rtn,2,1950,0.0006451848129515758
100.0,10,rtn,2,1975,0.0006319427446641751
100.0,10,rtn,2,2000,0.0006451848129515758
100.0,10,rtn,2,2025,0.0006319427446641751
100.0,10,rtn,2,2050,0.0006451848129515758
100.0,10,rtn,2,2075,0.0006319427446641751
100.0,10,rtn,2,2100,0.0006451848129515758
100.0,10,rtn,2,2125,0.0006319427446641751
100.0,10,rtn,2,2150,0.0006451848129515758
100.0,10,rtn,2,2175,0.0006319427446641751
100.0,10,rtn,2,2200,0.0006451848129515758
100.0,10,rtn,2,2225,0.0006319427446641751
100.0,10,rtn,2,2250,0.0006451848129515758
100.0,10,rtn,2,2275,0.0006319427446641751
100.0,10,rtn,2,2300,0.0006451848129515758
100.0,10,rtn,2,2325,0.0006319427446641751
100.0,10,rtn,2,2350,0.0006451848129515758
100.0,10,rtn,2,2375,0.0006319427446641751
100.0,10,rtn,2,2400,0.0006451848129515758
100.0,10,rtn,2,2425,0.0006319427446641751
100.0,10,rtn,2,2450,0.0006451848129515758
100.0,10,rtn,2,2475,0.0006319427446641751
100.0,10,rtn,2,2500,0.0006451848129515758
100.0,10,rtn,2,2525,0.0006319427446641751
100.0,10,rtn,2,2550,0.0006451848129515758
100.0,10,rtn,2,2575,0.0006319427446641751
100.0,10,rtn,2,2600,0.0006451848129515758
100.0,10,rtn,2,2625,0.0006319427446641751
100.0,10,rtn,2,2650,0.0006451848129515758
100.0,10,rtn,2,2675,0.0006319427446641751
100.0,10,rtn,2,2700,0.0006451848129515758
100.0,10,rtn,2,2725,0.0006319427446641751
100.0,10,rtn,2,2750,0.0006451848129515758
100.0,10,rtn,2,2775,0.0006319427446641751
100.0,10,rtn,2,2800,0.0006451848129515758
100.0,10,rtn,2,2825,0.0006319427446641751
100.0,10,rtn,2,2850,0.0006451848129515758
100.0,10,rtn,2,2875,0.0006319427446641751
100.0,10,rtn,2,2900,0.0006451848129515758
100.0,10,rtn,2,2925,0.0006319427446641751
100.0,10,rtn,2,2950,0.0006451848129515758
100.0,10,rtn,2,2975,0.0006319427446641751
100.0,10,rtn,2,2999,0.0006319427446641751
100.0,10,sr,0,0,0.32280929644873707
100.0,10,sr,0,25,0.007379741657167031
100.0,10,sr,0,50,0.0016335343031695711
100.0,10,sr,0,75,0.0005063213083471783
100.0,10,sr,0,100,0.0001913566509083002
100.0,10,sr,0,125,0.0001381018348057152
100.0,10,sr,0,150,0.0001207708514831066
100.0,10,sr,0,175,9.897550770972622e-05
100.0,10,sr,0,200,7.315691478705394e-05
100.0,10,sr,0,225,9.475086216573381e-05
100.0,10,sr,0,250,0.00010559729141082312
100.0,10,sr,0,275,0.00011228525489123636
100.0,10,sr,0,300,9.96999169416349e-05
100.0,10,sr,0,325,8.126795727947596e-05
100.0,10,sr,0,350,9.204779399400792e-05
100.0,10,sr,0,375,8.953644097948327e-05
100.0,10,sr,0,400,0.00010610024234025589
100.0,10,sr,0,425,0.00011156939090537822
100.0,10,sr,0,450,9.903900582043941e-05
100.0,10,sr,0,475,9.520377124444776e-05
100.0,10,sr,0,500,0.00011757966539736128
100.0,10,sr,0,525,9.083325014113322e-05
100.0,10,sr,0,550,9.536754117318765e-05
100.0,10,sr,0,575,0.0001164913733680641
100.0,10,sr,0,600,0.00010190973072760792
100.0,10,sr,0,625,9.519542319086073e-05
100.0,10,sr,0,650,9.292640643489515e-05
100.0,10,sr,0,675,9.622895603108214e-05
100.0,10,sr,0,700,9.38189701689902e-05
100.0,10,sr,0,725,0.00012537346346082996
100.0,10,sr,0,750,0.00010550747948410607
100.0,10,sr,0,775,0.00012976021745320988
100.0,10,sr,0,800,0.00012475140108145365
100.0,10,sr,0,825,0.00011853541738447834
100.0,10,sr,0,850,0.00011893227111596122
100.0,10,sr,0,875,9.556909984693971e-05
100.0,10,sr,0,900,9.279972760379482e-05
100.0,10,sr,0,925,0.00010554416713000889
100.0,10,sr,0,950,8.819009941015248e-05
100.0,10,sr,0,975,0.000125810487262774
100.0,10,sr,0,1000,0.00012481900748687944
100.0,10,sr,0,1025,9.242812002678592e-05
100.0,10,sr,0,1050,9.372986831714648e-05
100.0,10,sr,0,1075,0.00011903712606807405
100.0,10,sr,0,1100,0.00010676945515012218
100.0,10,sr,0,1125,9.657632993755287e-05
100.0,10,sr,0,1150,8.66695433652078e-05
100.0,10,sr,0,1175,0.00012312406769468282
100.0,10,sr,0,1200,0.00010597787334987036
100.0,10,sr,0,1225,9.458287444575379e-05
100.0,10,sr,0,1250,0.00010574763924524714
100.0,10,sr,0,1275,0.00010017966179299966
100.0,10,sr,0,1300,8.512201035120475e-05
100.0,10,sr,0,1325,0.00010152694802547884
100.0,10,sr,0,1350,8.85193232368435e-05
100.0,10,sr,0,1375,9.371866256163425e-05
100.0,10,sr,0,1400,0.00011141198920546378
100.0,10,sr,0,1425,0.00010148368863524601
100.0,10,sr,0,1450,8.75861720816765e-05
100.0,10,sr,0,1475,9.661803202605754e-05
100.0,10,sr,0,1500,9.184717006371878e-05
100.0,10,sr,0,1525,0.00010165434696531581
100.0,10,sr,0,1550,9.980046865149592e-05
100.0,10,sr,0,1575,8.172526050865726e-05
100.0,10,sr,0,1600,0.00011679262979072065
100.0,10,sr,0,1625,0.00010399821924008848
100.0,10,sr,0,1650,8.955608196697533e-05
100.0,10,sr,0,1675,9.099455413319631e-05
100.0,10,sr,0,1700,0.00010238817400345784
100.0,10,sr,0,1725,0.0001098436678387905
100.0,10,sr,0,1750,9.731606028611853e-05
100.0,10,sr,0,1775,8.210608421482975e-05
100.0,10,sr,0,1800,0.00012227413806554542
100.0,10,sr,0,1825,0.00011985733222406331
100.0,10,sr,0,1850,0.00010271664603369347
100.0,10,sr,0,1875,8.793207044957308e-05
100.0,10,sr,0,1900,0.00010731422930654249
100.0,10,sr,0,1925,0.00014874448942585932
100.0,10,sr,0,1950,0.0001377116069686068
100.0,10,sr,0,1975,0.00010262912332500563
100.0,10,sr,0,2000,9.781306056207924e-05
100.0,10,sr,0,2025,9.539357845470869e-05
100.0,10,sr,0,2050,0.00010763974965046989
100.0,10,sr,0,2075,8.205908733182021e-05
100.0,10,sr,0,2100,8.85871896172575e-05
100.0,10,sr,0,2125,0.00010172820399263966
100.0,10,sr,0,2150,0.00010578929058005364
100.0,10,sr,0,2175,9.777808446646838e-05
100.0,10,sr,0,2200,0.0001109271077001753
100.0,10,sr,0,2225,9.65442875444974e-05
100.0,10,sr,0,2250,9.096496439007067e-05
100.0,10,sr,0,2275,9.313637161974408e-05
100.0,10,sr,0,2300,0.00010536926344030292
100.0,10,sr,0,2325,0.000116931068578336
100.0,10,sr,0,2350,9.62984895074988e-05
100.0,10,sr,0,2375,9.33534479019502e-05
100.0,10,sr,0,2400,0.00012000894770975291
100.0,10,sr,0,2425,9.867076487537585e-05
100.0,10,sr,0,2450,0.00010519899643286969
100.0,10,sr,0,2475,9.473305816731401e-05
100.0,10,sr,0,2500,0.00010661149828535433
100.0,10,sr,0,2525,0.00010013967045785736
100.0,10,sr,0,2550,0.00011684182210797167
100.0,10,sr,0,2575,0.00011346262471486002
100.0,10,sr,0,2600,0.00010254922078738769
100.0,10,sr,0,2625,7.97075104933038e-05
100.0,10,sr,0,2650,8.695477374503643e-05
100.0,10,sr,0,2675,9.629030592051855e-05
100.0,10,sr,0,2700,9.043875250589565e-05
100.0,10,sr,0,2725,9.600069674533785e-05
100.0,10,sr,0,2750,9.213771072421282e-05
100.0,10,sr,0,2775,8.779823329529683e-05
100.0,10,sr,0,2800,9.78385320691846e-05
100.0,10,sr,0,2825,8.733402398809249e-05
100.0,10,sr,0,2850,9.806213688783681e-05
100.0,10,sr,0,2875,0.00011573336865834994
100.0,10,sr,0,2900,9.677603943181263e-05
100.0,10,sr,0,2925,7.988123758522034e-05
100.0,10,sr,0,2950,0.000108060725815305
100.0,10,sr,0,2975,0.00012267238723724533
100.0,10,sr,0,2999,0.00012184610281167505
100.0,10,sr,1,0,0.3231158938230563
100.0,10,sr,1,25,0.007316629858128119
100.0,10,sr,1,50,0.0016498978157550533
100.0,10,sr,1,75,0.0006264820331578579
100.0,10,sr,1,100,0.00028885075838062593
100.0,10,sr,1,125,0.00011367076092680457
100.0,10,sr,1,150,0.0001214520272024108
100.0,10,sr,1,175,0.00011945548050949426
100.0,10,sr,1,200,8.641376628505172e-05
100.0,10,sr,1,225,0.00011180064684567135
100.0,10,sr,1,250,0.00010730356876282807
100.0,10,sr,1,275,0.00011012184442114771
100.0,10,sr,1,300,9.99866958570919e-05
100.0,10,sr,1,325,9.902594661935842e-05
100.0,10,sr,1,350,0.00011099578305615433
100.0,10,sr,1,375,0.00010520866431583014
100.0,10,sr,1,400,9.196426441535944e-05
100.0,10,sr,1,425,8.623277127873695e-05
100.0,10,sr,1,450,0.00010671393515730014
100.0,10,sr,1,475,9.27149989573924e-05
100.0,10,sr,1,500,8.778039107819163e-05
100.0,10,sr,1,525,8.458929124321918e-05
100.0,10,sr,1,550,8.578191522769651e-05
100.0,10,sr,1,575,8.462430609059019e-05
100.0,10,sr,1,600,9.514365105044849e-05
100.0,10,sr,1,625,9.493926507138068e-05
100.0,10,sr,1,650,0.00010932954973307361
100.0,10,sr,1,675,9.625992735506241e-05
100.0,10,sr,1,700,0.00012002995484457689
100.0,10,sr,1,725,7.964773896493394e-05
100.0,10,sr,1,750,0.00012133006637480956
100.0,10,sr,1,775,0.00011872622137832602
100.0,10,sr,1,800,0.00010023133203199117
100.0,10,sr,1,825,8.811692480792574e-05
100.0,10,sr,1,850,0.0001000835228147677
100.0,10,sr,1,875,0.00010395860223475993
100.0,10,sr,1,900,0.00010692472378894234
100.0,10,sr,1,925,0.0001124786751885104
100.0,10,sr,1,950,9.958287911775324e-05
100.0,10,sr,1,975,0.0001025024136389409
100.0,10,sr,1,1000,9.827153064766639e-05
100.0,10,sr,1,1025,0.00013182040498041194
100.0,10,sr,1,1050,0.00012231182079702155
100.0,10,sr,1,1075,0.00012779452211418002
100.0,10,sr,1,1100,8.85430138741042e-05
100.0,10,sr,1,1125,7.881995684934809e-05
100.0,10,sr,1,1150,8.198507179031075e-05
100.0,10,sr,1,1175,0.00013193252702385644
100.0,10,sr,1,1200,0.00011576252934395939
100.0,10,sr,1,1225,0.00012214216339594063
100.0,10,sr,1,1250,0.00011947014157941943
100.0,10,sr,1,1275,9.773847278567715e-05
100.0,10,sr,1,1300,0.0001020286103510871
100.0,10,sr,1,1325,0.00010420572946687083
100.0,10,sr,1,1350,8.14950672518055e-05
100.0,10,sr,1,1375,0.00011269307831111027
100.0,10,sr,1,1400,0.00010501254956986778
100.0,10,sr,1,1425,9.063955846015258e-05
100.0,10,sr,1,1450,0.00010337689926509999
100.0,10,sr,1,1475,0.00011117555949336505
100.0,10,sr,1,1500,9.694216261701941e-05
100.0,10,sr,1,1525,9.31214252880955e-05
100.0,10,sr,1,1550,9.503525657738775e-05
100.0,10,sr,1,1575,8.917871036901209e-05
100.0,10,sr,1,1600,0.00010002205345023241
100.0,10,sr,1,1625,0.000103677975776305
100.0,10,sr,1,1650,0.00011236959124155324
100.0,10,sr,1,1675,0.00012001735405487919
100.0,10,sr,1,1700,0.0001107407291748079
100.0,10,sr,1,1725,0.00013654487914942521
100.0,10,sr,1,1750,8.412785487855434e-05
100.0,10,sr,1,1775,0.00010013160587774784
100.0,10,sr,1,1800,7.80858645764316e-05
100.0,10,sr,1,1825,0.00010558803257492956
100.0,10,sr,1,1850,0.00011476444403446595
100.0,10,sr,1,1875,9.278987603066875e-05
100.0,10,sr,1,1900,8.926041871413632e-05
100.0,10,sr,1,1925,8.614499343043154e-05
100.0,10,sr,1,1950,8.84293098929473e-05
100.0,10,sr,1,1975,7.78723373271935e-05
100.0,10,sr,1,2000,0.00010663531983662115
100.0,10,sr,1,2025,9.102333058388406e-05
100.0,10,sr,1,2050,0.00010723993678717064
100.0,10,sr,1,2075,9.642722885034276e-05
100.0,10,sr,1,2100,0.0001205178424019916
100.0,10,sr,1,2125,0.00011912998106888026
100.0,10,sr,1,2150,0.00011776244197236947
100.0,10,sr,1,2175,0.00014419642108000967
100.0,10,sr,1,2200,0.00010580669476496764
100.0,10,sr,1,2225,8.772744139695394e-05
100.0,10,sr,1,2250,9.574193356739714e-05
100.0,10,sr,1,2275,8.730655042287585e-05
100.0,10,sr,1,2300,9.017548586589536e-05
100.0,10,sr,1,2325,0.00010929748459280068
100.0,10,sr,1,2350,9.415565229771626e-05
100.0,10,sr,1,2375,0.00010257712372613195
100.0,10,sr,1,2400,8.824785532924956e-05
100.0,10,sr,1,2425,0.00010504031455589409
100.0,10,sr,1,2450,0.00010654766344267331
100.0,10,sr,1,2475,0.0001305302773312885
100.0,10,sr,1,2500,0.00011676879432597971
100.0,10,sr,1,2525,0.00010654260548080502
100.0,10,sr,1,2550,0.0001029502080500893
100.0,10,sr,1,2575,9.733216867277685e-05
100.0,10,sr,1,2600,9.554070484680557e-05
100.0,10,sr,1,2625,0.00014150592479663496
100.0,10,sr,1,2650,0.0001253810355473617
100.0,10,sr,1,2675,9.452588395522281e-05
100.0,10,sr,1,2700,9.793020706068532e-05
100.0,10,sr,1,2725,0.0001046007789497072
100.0,10,sr,1,2750,0.0001188763678156956
100.0,10,sr,1,2775,0.00010354292966583186
100.0,10,sr,1,2800,0.000121239570743
100.0,10,sr,1,2825,0.0001284371584460544
100.0,10,sr,1,2850,0.00010786391530148792
100.0,10,sr,1,2875,9.22250755567276e-05
100.0,10,sr,1,2900,0.00010052537770242765
100.0,10,sr,1,2925,9.46298612332549e-05
100.0,10,sr,1,2950,0.00010033026152274032
100.0,10,sr,1,2975,0.00011516726506831664
100.0,10,sr,1,2999,0.00011958017002333778
100.0,10,sr,2,0,0.32296471260486803
100.0,10,sr,2,25,0.007590825364250065
100.0,10,sr,2,50,0.001801365664542872
100.0,10,sr,2,75,0.0006455867720331273
100.0,10,sr,2,100,0.000237516759585356
100.0,10,sr,2,125,0.0001833965018146816
100.0,10,sr,2,150,0.00020338886692705378
100.0,10,sr,2,175,0.00010247142053526052
100.0,10,sr,2,200,9.80071394953228e-05
100.0,10,sr,2,225,0.00010380993145291521
100.0,10,sr,2,250,0.00010189727357312894
100.0,10,sr,2,275,9.162652375820386e-05
100.0,10,sr,2,300,9.559141528867736e-05
100.0,10,sr,2,325,0.0001138010580724458
100.0,10,sr,2,350,0.00011052787117115034
100.0,10,sr,2,375,9.69751820919925e-05
100.0,10,sr,2,400,0.00010221256758168825
100.0,10,sr,2,425,9.84330660796569e-05
100.0,10,sr,2,450,0.00010014957560228478
100.0,10,sr,2,475,0.00010149972712391168
100.0,10,sr,2,500,9.645872412474005e-05
100.0,10,sr,2,525,8.79369349153664e-05
100.0,10,sr,2,550,0.00012159024794440113
100.0,10,sr,2,575,8.817589939204473e-05
100.0,10,sr,2,600,0.00010966582635911751
100.0,10,sr,2,625,7.766305180519493e-05
100.0,10,sr,2,650,0.00010453110594403429
100.0,10,sr,2,675,0.0001010575454371407
100.0,10,sr,2,700,0.00011128005155104419
100.0,10,sr,2,725,0.00010293198648475136
100.0,10,sr,2,750,0.0001371033840536873
100.0,10,sr,2,775,0.00010459298693596285
100.0,10,sr,2,800,9.15116307694575e-05
100.0,10,sr,2,825,9.847374859669446e-05
100.0,10,sr,2,850,7.503125584895993e-05
100.0,10,sr,2,875,0.000107758008606821
100.0,10,sr,2,900,0.00010806444854416108
100.0,10,sr,2,925,0.00016007285824300366
100.0,10,sr,2,950,0.00012013661371768488
100.0,10,sr,2,975,0.0001282954839073727
100.0,10,sr,2,1000,8.993773870223865e-05
100.0,10,sr,2,1025,0.0001020396499917545
100.0,10,sr,2,1050,9.428344627190798e-05
100.0,10,sr,2,1075,0.00010991185239289906
100.0,10,sr,2,1100,0.00011239255420271049
100.0,10,sr,2,1125,9.028380474447847e-05
100.0,10,sr,2,1150,0.00010599814785820692
100.0,10,sr,2,1175,9.066662883534461e-05
100.0,10,sr,2,1200,9.522251931869035e-05
100.0,10,sr,2,1225,8.89390368122684e-05
100.0,10,sr,2,1250,0.00013578319012342183
100.0,10,sr,2,1275,0.00011626381519351518
100.0,10,sr,2,1300,0.00012759829199400808
100.0,10,sr,2,1325,0.0001045564814882088
100.0,10,sr,2,1350,0.00010994452090484395
100.0,10,sr,2,1375,0.00011718952157121182
100.0,10,sr,2,1400,9.39985355675429e-05
100.0,10,sr,2,1425,0.00012053758975372559
100.0,10,sr,2,1450,9.111026834659759e-05
100.0,10,sr,2,1475,8.042002618416664e-05
100.0,10,sr,2,1500,9.633677493173125e-05
100.0,10,sr,2,1525,0.00014176382014939365
100.0,10,sr,2,1550,9.919763034804358e-05
100.0,10,sr,2,1575,9.788199822351941e-05
100.0,10,sr,2,1600,0.00010182928406900698
100.0,10,sr,2,1625,0.00010582541707128171
100.0,10,sr,2,1650,9.587651156848864e-05
100.0,10,sr,2,1675,9.701968297001782e-05
100.0,10,sr,2,1700,9.395210967682372e-05
100.0,10,sr,2,1725,9.96517092154185e-05
100.0,10,sr,2,1750,9.779840326324662e-05
100.0,10,sr,2,1775,8.447705052636209e-05
100.0,10,sr,2,1800,8.923584215816324e-05
100.0,10,sr,2,1825,0.00010650456975856331
100.0,10,sr,2,1850,9.96708797588706e-05
100.0,10,sr,2,1875,9.790429504488096e-05
100.0,10,sr,2,1900,0.00010082169171403225
100.0,10,sr,2,1925,9.13577754989279e-05
100.0,10,sr,2,1950,0.00010878951754935888
100.0,10,sr,2,1975,9.314148680541687e-05
100.0,10,sr,2,2000,9.527313484381273e-05
100.0,10,sr,2,2025,8.288928699916083e-05
100.0,10,sr,2,2050,0.00010070835278433947
100.0,10,sr,2,2075,0.00010020168671331489
100.0,10,sr,2,2100,9.684061540702336e-05
100.0,10,sr,2,2125,9.511789553988841e-05
100.0,10,sr,2,2150,0.00011878560912731834
100.0,10,sr,2,2175,0.00010517078566921214
100.0,10,sr,2,2200,9.911698939902117e-05
100.0,10,sr,2,2225,0.00010256204663525203
100.0,10,sr,2,2250,0.00010190829306675446
100.0,10,sr,2,2275,8.76034916275163e-05
100.0,10,sr,2,2300,9.221176996400736e-05
100.0,10,sr,2,2325,8.565546992518765e-05
100.0,10,sr,2,2350,0.0001289204918586817
100.0,10,sr,2,2375,8.815531068090755e-05
100.0,10,sr,2,2400,0.00010663564350447503
100.0,10,sr,2,2425,7.448530188379523e-05
100.0,10,sr,2,2450,9.094720897284774e-05
100.0,10,sr,2,2475,9.339363980455397e-05
100.0,10,sr,2,2500,0.00010132661081877975
100.0,10,sr,2,2525,9.308350612975405e-05
100.0,10,sr,2,2550,0.00011345920581686344
100.0,10,sr,2,2575,0.00012034159101747585
100.0,10,sr,2,2600,0.00012282019819284426
100.0,10,sr,2,2625,9.63228583792294e-05
100.0,10,sr,2,2650,0.00010007797271729678
100.0,10,sr,2,2675,0.00010393129597418184
100.0,10,sr,2,2700,7.468410001475394e-05
100.0,10,sr,2,2725,0.00010277794400638911
100.0,10,sr,2,2750,9.536382179482402e-05
100.0,10,sr,2,2775,0.00013409820178862143
100.0,10,sr,2,2800,0.00010264910475756185
100.0,10,sr,2,2825,0.00012357948836942703
100.0,10,sr,2,2850,0.000105140579904236
100.0,10,sr,2,2875,0.00012143034426042539
100.0,10,sr,2,2900,0.00012412519203976245
100.0,10,sr,2,2925,9.948815724451944e-05
100.0,10,sr,2,2950,0.00011831216552160284
100.0,10,sr,2,2975,9.322656413362319e-05
100.0,10,sr,2,2999,9.487791008567425e-05
100.0,10,ef,0,0,0.32284460169359297
100.0,10,ef,0,25,0.006794544031853661
100.0,10,ef,0,50,0.00166909601327587
100.0,10,ef,0,75,0.0005353313345882394
100.0,10,ef,0,100,0.0003238427516712357
100.0,10,ef,0,125,0.0002600968916783836
100.0,10,ef,0,150,0.0002823439470186925
100.0,10,ef,0,175,0.0002522225182629931
100.0,10,ef,0,200,0.0001836365578152031
100.0,10,ef,0,225,0.00021479785335534157
100.0,10,ef,0,250,0.00017635005342787863
100.0,10,ef,0,275,0.00020633866460361298
100.0,10,ef,0,300,0.00018457366586927231
100.0,10,ef,0,325,0.00025027840176612747
100.0,10,ef,0,350,0.00031715723296530307
100.0,10,ef,0,375,0.0002811805315505951
100.0,10,ef,0,400,0.00023849633143907127
100.0,10,ef,0,425,0.0002732910008851312
100.0,10,ef,0,450,9.548625531069847e-05
100.0,10,ef,0,475,0.00012461512067136178
100.0,10,ef,0,500,0.00020355871254273437
100.0,10,ef,0,525,0.0001493094249314206
100.0,10,ef,0,550,0.00016040133828851782
100.0,10,ef,0,575,0.0001649665500299284
100.0,10,ef,0,600,0.00024259529851244048
100.0,10,ef,0,625,0.00017844147122495917
100.0,10,ef,0,650,0.00016630947109820134
100.0,10,ef,0,675,0.00011061863459733904
100.0,10,ef,0,700,0.00017674330941787144
100.0,10,ef,0,725,0.00010729282680123155
100.0,10,ef,0,750,0.00018237479338643317
100.0,10,ef,0,775,0.0001524624100696067
100.0,10,ef,0,800,0.0001435073669494517
100.0,10,ef,0,825,0.00017363523779074516
100.0,10,ef,0,850,0.00013790384637861345
100.0,10,ef,0,875,0.00015031578685784157
100.0,10,ef,0,900,0.00013814289449183404
100.0,10,ef,0,925,0.00015730146994295187
100.0,10,ef,0,950,0.00014100822195243603
100.0,10,ef,0,975,0.00014027093243804492
100.0,10,ef,0,1000,0.00015990976979368584
100.0,10,ef,0,1025,0.00014650304740866318
100.0,10,ef,0,1050,0.00018344914629354143
100.0,10,ef,0,1075,0.00017794868628966758
100.0,10,ef,0,1100,0.0001910619672970643
100.0,10,ef,0,1125,0.00017033338852809015
100.0,10,ef,0,1150,0.0001319917391814441
100.0,10,ef,0,1175,0.00014938148261370516
100.0,10,ef,0,1200,0.00015158554181661605
100.0,10,ef,0,1225,0.00014320866613225933
100.0,10,ef,0,1250,0.00015141409369654228
100.0,10,ef,0,1275,0.00015498469955901387
100.0,10,ef,0,1300,0.00016162660900507253
100.0,10,ef,0,1325,0.00018202947682079975
100.0,10,ef,0,1350,0.00013840032035275526
100.0,10,ef,0,1375,0.00014920151812077595
100.0,10,ef,0,1400,0.00014176961881047983
100.0,10,ef,0,1425,0.00016228709101423014
100.0,10,ef,0,1450,0.0001854127504461414
100.0,10,ef,0,1475,0.00020219417992669585
100.0,10,ef,0,1500,0.00011300533220270036
100.0,10,ef,0,1525,0.00022743166725719172
100.0,10,ef,0,1550,0.00015374290738258837
100.0,10,ef,0,1575,0.00019086582504637063
100.0,10,ef,0,1600,0.00012641373697755382
100.0,10,ef,0,1625,0.00015859518005586367
100.0,10,ef,0,1650,0.0001196956229394698
100.0,10,ef,0,1675,0.00015510112447447922
100.0,10,ef,0,1700,0.0001724197726900887
100.0,10,ef,0,1725,0.0001634996829431013
100.0,10,ef,0,1750,0.00024279202688904625
100.0,10,ef,0,1775,0.0002166774143948317
100.0,10,ef,0,1800,0.0001288853743135878
100.0,10,ef,0,1825,0.0001563536746064807
100.0,10,ef,0,1850,0.00014553906523013036
100.0,10,ef,0,1875,0.00013921937872992638
100.0,10,ef,0,1900,0.0002093298818563867
100.0,10,ef,0,1925,0.00019308044390513592
100.0,10,ef,0,1950,0.0001861071320431292
100.0,10,ef,0,1975,0.0001787296122332689
100.0,10,ef,0,2000,0.00029579353883034864
100.0,10,ef,0,2025,0.00018751329525986627
100.0,10,ef,0,2050,0.00023213219533381766
100.0,10,ef,0,2075,0.00018732137482376537
100.0,10,ef,0,2100,0.0001837209306033055
100.0,10,ef,0,2125,0.00017194425140778038
100.0,10,ef,0,2150,0.00013581875119105395
100.0,10,ef,0,2175,0.00015037896538613716
100.0,10,ef,0,2200,0.00015155480499338234
100.0,10,ef,0,2225,0.00014792633935787187
100.0,10,ef,0,2250,0.00015247420744710397
100.0,10,ef,0,2275,0.00028210657957072064
100.0,10,ef,0,2300,0.00020480215803453367
100.0,10,ef,0,2325,0.0001884540409448855
100.0,10,ef,0,2350,0.00018212513359542272
100.0,10,ef,0,2375,0.00012731762302718022
100.0,10,ef,0,2400,0.0002735847377322782
100.0,10,ef,0,2425,0.00018953950550468836
100.0,10,ef,0,2450,0.00030289443540464534
100.0,10,ef,0,2475,0.00030733953379617497
100.0,10,ef,0,2500,0.0002489311933447513
100.0,10,ef,0,2525,0.0001812771600400659
100.0,10,ef,0,2550,0.00012453673575816285
100.0,10,ef,0,2575,0.00013933086033459567
100.0,10,ef,0,2600,0.0001455266978534983
100.0,10,ef,0,2625,0.00017072248376845148
100.0,10,ef,0,2650,0.0002019933137404695
100.0,10,ef,0,2675,0.000221861340459568
100.0,10,ef,0,2700,0.00023703416437774558
100.0,10,ef,0,2725,0.00017483501533992413
100.0,10,ef,0,2750,0.0002373622796226914
100.0,10,ef,0,2775,0.00018959128140508543
100.0,10,ef,0,2800,0.00019337342136343166
100.0,10,ef,0,2825,0.00020940688501613414
100.0,10,ef,0,2850,0.0002144192699209235
100.0,10,ef,0,2875,0.0001903947990525892
100.0,10,ef,0,2900,0.00012124540393777183
100.0,10,ef,0,2925,0.00020899865845618588
100.0,10,ef,0,2950,0.0002706997945915864
100.0,10,ef,0,2975,0.00027581404614357647
100.0,10,ef,0,2999,0.00015279525962473187
100.0,10,ef,1,0,0.32284460169359297
100.0,10,ef,1,25,0.006794544031853661
100.0,10,ef,1,50,0.00166909601327587
100.0,10,ef,1,75,0.0005353313345882394
100.0,10,ef,1,100,0.0003238427516712357
100.0,10,ef,1,125,0.0002600968916783836
100.0,10,ef,1,150,0.0002823439470186925
100.0,10,ef,1,175,0.0002522225182629931
100.0,10,ef,1,200,0.0001836365578152031
100.0,10,ef,1,225,0.00021479785335534157
100.0,10,ef,1,250,0.00017635005342787863
100.0,10,ef,1,275,0.00020633866460361298
100.0,10,ef,1,300,0.00018457366586927231
100.0,10,ef,1,325,0.00025027840176612747
100.0,10,ef,1,350,0.00031715723296530307
100.0,10,ef,1,375,0.0002811805315505951
100.0,10,ef,1,400,0.00023849633143907127
100.0,10,ef,1,425,0.0002732910008851312
100.0,10,ef,1,450,9.548625531069847e-05
100.0,10,ef,1,475,0.00012461512067136178
100.0,10,ef,1,500,0.00020355871254273437
100.0,10,ef,1,525,0.0001493094249314206
100.0,10,ef,1,550,0.00016040133828851782
100.0,10,ef,1,575,0.0001649665500299284
100.0,10,ef,1,600,0.00024259529851244048
100.0,10,ef,1,625,0.00017844147122495917
100.0,10,ef,1,650,0.00016630947109820134
100.0,10,ef,1,675,0.00011061863459733904
100.0,10,ef,1,700,0.00017674330941787144
100.0,10,ef,1,725,0.00010729282680123155
100.0,10,ef,1,750,0.00018237479338643317
100.0,10,ef,1,775,0.0001524624100696067
100.0,10,ef,1,800,0.0001435073669494517
100.0,10,ef,1,825,0.00017363523779074516
100.0,10,ef,1,850,0.00013790384637861345
100.0,10,ef,1,875,0.00015031578685784157
100.0,10,ef,1,900,0.00013814289449183404
100.0,10,ef,1,925,0.00015730146994295187
100.0,10,ef,1,950,0.00014100822195243603
100.0,10,ef,1,975,0.00014027093243804492
100.0,10,ef,1,1000,0.00015990976979368584
100.0,10,ef,1,1025,0.00014650304740866318
100.0,10,ef,1,1050,0.00018344914629354143
100.0,10,ef,1,1075,0.00017794868628966758
100.0,10,ef,1,1100,0.0001910619672970643
100.0,10,ef,1,1125,0.00017033338852809015
100.0,10,ef,1,1150,0.0001319917391814441
100.0,10,ef,1,1175,0.00014938148261370516
100.0,10,ef,1,1200,0.00015158554181661605
100.0,10,ef,1,1225,0.00014320866613225933
100.0,10,ef,1,1250,0.00015141409369654228
100.0,10,ef,1,1275,0.00015498469955901387
100.0,10,ef,1,1300,0.00016162660900507253
100.0,10,ef,1,1325,0.00018202947682079975
100.0,10,ef,1,1350,0.00013840032035275526
100.0,10,ef,1,1375,0.00014920151812077595
100.0,10,ef,1,1400,0.00014176961881047983
100.0,10,ef,1,1425,0.00016228709101423014
100.0,10,ef,1,1450,0.0001854127504461414
100.0,10,ef,1,1475,0.00020219417992669585
100.0,10,ef,1,1500,0.00011300533220270036
100.0,10,ef,1,1525,0.00022743166725719172
100.0,10,ef,1,1550,0.00015374290738258837
100.0,10,ef,1,1575,0.00019086582504637063
100.0,10,ef,1,1600,0.00012641373697755382
100.0,10,ef,1,1625,0.00015859518005586367
100.0,10,ef,1,1650,0.0001196956229394698
100.0,10,ef,1,1675,0.00015510112447447922
100.0,10,ef,1,1700,0.0001724197726900887
100.0,10,ef,1,1725,0.0001634996829431013
100.0,10,ef,1,1750,0.00024279202688904625
100.0,10,ef,1,1775,0.0002166774143948317
100.0,10,ef,1,1800,0.0001288853743135878
100.0,10,ef,1,1825,0.0001563536746064807
100.0,10,ef,1,1850,0.00014553906523013036
100.0,10,ef,1,1875,0.00013921937872992638
100.0,10,ef,1,1900,0.0002093298818563867
100.0,10,ef,1,1925,0.00019308044390513592
100.0,10,ef,1,1950,0.0001861071320431292
100.0,10,ef,1,1975,0.0001787296122332689
100.0,10,ef,1,2000,0.00029579353883034864
100.0,10,ef,1,2025,0.00018751329525986627
100.0,10,ef,1,2050,0.00023213219533381766
100.0,10,ef,1,2075,0.00018732137482376537
100.0,10,ef,1,2100,0.0001837209306033055
100.0,10,ef,1,2125,0.00017194425140778038
100.0,10,ef,1,2150,0.00013581875119105395
100.0,10,ef,1,2175,0.00015037896538613716
100.0,10,ef,1,2200,0.00015155480499338234
100.0,10,ef,1,2225,0.00014792633935787187
100.0,10,ef,1,2250,0.00015247420744710397
100.0,10,ef,1,2275,0.00028210657957072064
100.0,10,ef,1,2300,0.00020480215803453367
100.0,10,ef,1,2325,0.0001884540409448855
100.0,10,ef,1,2350,0.00018212513359542272
100.0,10,ef,1,2375,0.00012731762302718022
100.0,10,ef,1,2400,0.0002735847377322782
100.0,10,ef,1,2425,0.00018953950550468836
100.0,10,ef,1,2450,0.00030289443540464534
100.0,10,ef,1,2475,0.00030733953379617497
100.0,10,ef,1,2500,0.0002489311933447513
100.0,10,ef,1,2525,0.0001812771600400659
100.0,10,ef,1,2550,0.00012453673575816285
100.0,10,ef,1,2575,0.00013933086033459567
100.0,10,ef,1,2600,0.0001455266978534983
100.0,10,ef,1,2625,0.00017072248376845148
100.0,10,ef,1,2650,0.0002019933137404695
100.0,10,ef,1,2675,0.000221861340459568
100.0,10,ef,1,2700,0.00023703416437774558
100.0,10,ef,1,2725,0.00017483501533992413
100.0,10,ef,1,2750,0.0002373622796226914
100.0,10,ef,1,2775,0.00018959128140508543
100.0,10,ef,1,2800,0.00019337342136343166
100.0,10,ef,1,2825,0.00020940688501613414
100.0,10,ef,1,2850,0.0002144192699209235
100.0,10,ef,1,2875,0.0001903947990525892
100.0,10,ef,1,2900,0.00012124540393777183
100.0,10,ef,1,2925,0.00020899865845618588
100.0,10,ef,1,2950,0.0002706997945915864
100.0,10,ef,1,2975,0.00027581404614357647
100.0,10,ef,1,2999,0.00015279525962473187
100.0,10,ef,2,0,0.32284460169359297
100.0,10,ef,2,25,0.006794544031853661
100.0,10,ef,2,50,0.00166909601327587
100.0,10,ef,2,75,0.0005353313345882394
100.0,10,ef,2,100,0.0003238427516712357
100.0,10,ef,2,125,0.0002600968916783836
100.0,10,ef,2,150,0.0002823439470186925
100.0,10,ef,2,175,0.0002522225182629931
100.0,10,ef,2,200,0.0001836365578152031
100.0,10,ef,2,225,0.00021479785335534157
100.0,10,ef,2,250,0.00017635005342787863
100.0,10,ef,2,275,0.00020633866460361298
100.0,10,ef,2,300,0.00018457366586927231
100.0,10,ef,2,325,0.00025027840176612747
100.0,10,ef,2,350,0.00031715723296530307
100.0,10,ef,2,375,0.0002811805315505951
100.0,10,ef,2,400,0.00023849633143907127
100.0,10,ef,2,425,0.0002732910008851312
100.0,10,ef,2,450,9.548625531069847e-05
100.0,10,ef,2,475,0.00012461512067136178
100.0,10,ef,2,500,0.00020355871254273437
100.0,10,ef,2,525,0.0001493094249314206
100.0,10,ef,2,550,0.00016040133828851782
100.0,10,ef,2,575,0.0001649665500299284
100.0,10,ef,2,600,0.00024259529851244048
100.0,10,ef,2,625,0.00017844147122495917
100.0,10,ef,2,650,0.00016630947109820134
100.0,10,ef,2,675,0.00011061863459733904
100.0,10,ef,2,700,0.00017674330941787144
100.0,10,ef,2,725,0.00010729282680123155
100.0,10,ef,2,750,0.00018237479338643317
100.0,10,ef,2,775,0.0001524624100696067
100.0,10,ef,2,800,0.0001435073669494517
100.0,10,ef,2,825,0.00017363523779074516
100.0,10,ef,2,850,0.00013790384637861345
100.0,10,ef,2,875,0.00015031578685784157
100.0,10,ef,2,900,0.00013814289449183404
100.0,10,ef,2,925,0.00015730146994295187
100.0,10,ef,2,950,0.00014100822195243603
100.0,10,ef,2,975,0.00014027093243804492
100.0,10,ef,2,1000,0.00015990976979368584
100.0,10,ef,2,1025,0.00014650304740866318
100.0,10,ef,2,1050,0.00018344914629354143
100.0,10,ef,2,1075,0.00017794868628966758
100.0,10,ef,2,1100,0.0001910619672970643
100.0,10,ef,2,1125,0.00017033338852809015
100.0,10,ef,2,1150,0.0001319917391814441
100.0,10,ef,2,1175,0.00014938148261370516
100.0,10,ef,2,1200,0.00015158554181661605
100.0,10,ef,2,1225,0.00014320866613225933
100.0,10,ef,2,1250,0.00015141409369654228
100.0,10,ef,2,1275,0.00015498469955901387
100.0,10,ef,2,1300,0.00016162660900507253
100.0,10,ef,2,1325,0.00018202947682079975
100.0,10,ef,2,1350,0.00013840032035275526
100.0,10,ef,2,1375,0.00014920151812077595
100.0,10,ef,2,1400,0.00014176961881047983
100.0,10,ef,2,1425,0.00016228709101423014
100.0,10,ef,2,1450,0.0001854127504461414
100.0,10,ef,2,1475,0.00020219417992669585
100.0,10,ef,2,1500,0.00011300533220270036
100.0,10,ef,2,1525,0.00022743166725719172
100.0,10,ef,2,1550,0.00015374290738258837
100.0,10,ef,2,1575,0.00019086582504637063
100.0,10,ef,2,1600,0.00012641373697755382
100.0,10,ef,2,1625,0.00015859518005586367
100.0,10,ef,2,1650,0.0001196956229394698
100.0,10,ef,2,1675,0.00015510112447447922
100.0,10,ef,2,1700,0.0001724197726900887
100.0,10,ef,2,1725,0.0001634996829431013
100.0,10,ef,2,1750,0.00024279202688904625
100.0,10,ef,2,1775,0.0002166774143948317
100.0,10,ef,2,1800,0.0001288853743135878
100.0,10,ef,2,1825,0.0001563536746064807
100.0,10,ef,2,1850,0.00014553906523013036
100.0,10,ef,2,1875,0.00013921937872992638
100.0,10,ef,2,1900,0.0002093298818563867
100.0,10,ef,2,1925,0.00019308044390513592
100.0,10,ef,2,1950,0.0001861071320431292
100.0,10,ef,2,1975,0.0001787296122332689
100.0,10,ef,2,2000,0.00029579353883034864
100.0,10,ef,2,2025,0.00018751329525986627
100.0,10,ef,2,2050,0.00023213219533381766
100.0,10,ef,2,2075,0.00018732137482376537
100.0,10,ef,2,2100,0.0001837209306033055
100.0,10,ef,2,2125,0.00017194425140778038
100.0,10,ef,2,2150,0.00013581875119105395
100.0,10,ef,2,2175,0.00015037896538613716
100.0,10,ef,2,2200,0.00015155480499338234
100.0,10,ef,2,2225,0.00014792633935787187
100.0,10,ef,2,2250,0.00015247420744710397
100.0,10,ef,2,2275,0.00028210657957072064
100.0,10,ef,2,2300,0.00020480215803453367
100.0,10,ef,2,2325,0.0001884540409448855
100.0,10,ef,2,2350,0.00018212513359542272
100.0,10,ef,2,2375,0.00012731762302718022
100.0,10,ef,2,2400,0.0002735847377322782
100.0,10,ef,2,2425,0.00018953950550468836
100.0,10,ef,2,2450,0.00030289443540464534
100.0,10,ef,2,2475,0.00030733953379617497
100.0,10,ef,2,2500,0.0002489311933447513
100.0,10,ef,2,2525,0.0001812771600400659
100.0,10,ef,2,2550,0.00012453673575816285
100.0,10,ef,2,2575,0.00013933086033459567
100.0,10,ef,2,2600,0.0001455266978534983
100.0,10,ef,2,2625,0.00017072248376845148
100.0,10,ef,2,2650,0.0002019933137404695
100.0,10,ef,2,2675,0.000221861340459568
100.0,10,ef,2,2700,0.00023703416437774558
100.0,10,ef,2,2725,0.00017483501533992413
100.0,10,ef,2,2750,0.0002373622796226914
100.0,10,ef,2,2775,0.00018959128140508543
100.0,10,ef,2,2800,0.00019337342136343166
100.0,10,ef,2,2825,0.00020940688501613414
100.0,10,ef,2,2850,0.0002144192699209235
100.0,10,ef,2,2875,0.0001903947990525892
100.0,10,ef,2,2900,0.00012124540393777183
100.0,10,ef,2,2925,0.00020899865845618588
100.0,10,ef,2,2950,0.0002706997945915864
100.0,10,ef,2,2975,0.00027581404614357647
100.0,10,ef,2,2999,0.00015279525962473187
100.0,8,rtn,0,0,0.3227925599895191
100.0,8,rtn,0,25,0.008914470597273487
100.0,8,rtn,0,50,0.004987616663072847
100.0,8,rtn,0,75,0.004352196928102973
100.0,8,rtn,0,100,0.004140240484039791
100.0,8,rtn,0,125,0.004113530999607441
100.0,8,rtn,0,150,0.004095597823622459
100.0,8,rtn,0,175,0.004020044433997135
100.0,8,rtn,0,200,0.004095597823622459
100.0,8,rtn,0,225,0.004020044433997135
100.0,8,rtn,0,250,0.004095597823622459
100.0,8,rtn,0,275,0.004020044433997135
100.0,8,rtn,0,300,0.004095597823622459
100.0,8,rtn,0,325,0.004020044433997135
100.0,8,rtn,0,350,0.004095597823622459
100.0,8,rtn,0,375,0.004020044433997135
100.0,8,rtn,0,400,0.004095597823622459
100.0,8,rtn,0,425,0.004020044433997135
100.0,8,rtn,0,450,0.004095597823622459
100.0,8,rtn,0,475,0.004020044433997135
100.0,8,rtn,0,500,0.004095597823622459
100.0,8,rtn,0,525,0.004020044433997135
100.0,8,rtn,0,550,0.004095597823622459
100.0,8,rtn,0,575,0.004020044433997135
100.0,8,rtn,0,600,0.004095597823622459
100.0,8,rtn,0,625,0.004020044433997135
100.0,8,rtn,0,650,0.004095597823622459
100.0,8,rtn,0,675,0.004020044433997135
100.0,8,rtn,0,700,0.004095597823622459
100.0,8,rtn,0,725,0.004020044433997135
100.0,8,rtn,0,750,0.004095597823622459
100.0,8,rtn,0,775,0.004020044433997135
100.0,8,rtn,0,800,0.004095597823622459
100.0,8,rtn,0,825,0.004020044433997135
100.0,8,rtn,0,850,0.004095597823622459
100.0,8,rtn,0,875,0.004020044433997135
100.0,8,rtn,0,900,0.004095597823622459
100.0,8,rtn,0,925,0.004020044433997135
100.0,8,rtn,0,950,0.004095597823622459
100.0,8,rtn,0,975,0.004020044433997135
100.0,8,rtn,0,1000,0.004095597823622459
100.0,8,rtn,0,1025,0.004020044433997135
100.0,8,rtn,0,1050,0.004095597823622459
100.0,8,rtn,0,1075,0.004020044433997135
100.0,8,rtn,0,1100,0.004095597823622459
100.0,8,rtn,0,1125,0.004020044433997135
100.0,8,rtn,0,1150,0.004095597823622459
100.0,8,rtn,0,1175,0.004020044433997135
100.0,8,rtn,0,1200,0.004095597823622459
100.0,8,rtn,0,1225,0.004020044433997135
100.0,8,rtn,0,1250,0.004095597823622459
100.0,8,rtn,0,1275,0.004020044433997135
100.0,8,rtn,0,1300,0.004095597823622459
100.0,8,rtn,0,1325,0.004020044433997135
100.0,8,rtn,0,1350,0.004095597823622459
100.0,8,rtn,0,1375,0.004020044433997135
100.0,8,rtn,0,1400,0.004095597823622459
100.0,8,rtn,0,1425,0.004020044433997135
100.0,8,rtn,0,1450,0.004095597823622459
100.0,8,rtn,0,1475,0.004020044433997135
100.0,8,rtn,0,1500,0.004095597823622459
100.0,8,rtn,0,1525,0.004020044433997135
100.0,8,rtn,0,1550,0.004095597823622459
100.0,8,rtn,0,1575,0.004020044433997135
100.0,8,rtn,0,1600,0.004095597823622459
100.0,8,rtn,0,1625,0.004020044433997135
100.0,8,rtn,0,1650,0.004095597823622459
100.0,8,rtn,0,1675,0.004020044433997135
100.0,8,rtn,0,1700,0.004095597823622459
100.0,8,rtn,0,1725,0.004020044433997135
100.0,8,rtn,0,1750,0.004095597823622459
100.0,8,rtn,0,1775,0.004020044433997135
100.0,8,rtn,0,1800,0.004095597823622459
100.0,8,rtn,0,1825,0.004020044433997135
100.0,8,rtn,0,1850,0.004095597823622459
100.0,8,rtn,0,1875,0.004020044433997135
100.0,8,rtn,0,1900,0.004095597823622459
100.0,8,rtn,0,1925,0.004020044433997135
100.0,8,rtn,0,1950,0.004095597823622459
100.0,8,rtn,0,1975,0.004020044433997135
100.0,8,rtn,0,2000,0.004095597823622459
100.0,8,rtn,0,2025,0.004020044433997135
100.0,8,rtn,0,2050,0.004095597823622459
100.0,8,rtn,0,2075,0.004020044433997135
100.0,8,rtn,0,2100,0.004095597823622459
100.0,8,rtn,0,2125,0.004020044433997135
100.0,8,rtn,0,2150,0.004095597823622459
100.0,8,rtn,0,2175,0.004020044433997135
100.0,8,rtn,0,2200,0.004095597823622459
100.0,8,rtn,0,2225,0.004020044433997135
100.0,8,rtn,0,2250,0.004095597823622459
100.0,8,rtn,0,2275,0.004020044433997135
100.0,8,rtn,0,2300,0.004095597823622459
100.0,8,rtn,0,2325,0.004020044433997135
100.0,8,rtn,0,2350,0.004095597823622459
100.0,8,rtn,0,2375,0.004020044433997135
100.0,8,rtn,0,2400,0.004095597823622459
100.0,8,rtn,0,2425,0.004020044433997135
100.0,8,rtn,0,2450,0.004095597823622459
100.0,8,rtn,0,2475,0.004020044433997135
100.0,8,rtn,0,2500,0.004095597823622459
100.0,8,rtn,0,2525,0.004020044433997135
100.0,8,rtn,0,2550,0.004095597823622459
100.0,8,rtn,0,2575,0.004020044433997135
100.0,8,rtn,0,2600,0.004095597823622459
100.0,8,rtn,0,2625,0.004020044433997135
100.0,8,rtn,0,2650,0.004095597823622459
100.0,8,rtn,0,2675,0.004020044433997135
100.0,8,rtn,0,2700,0.004095597823622459
100.0,8,rtn,0,2725,0.004020044433997135
100.0,8,rtn,0,2750,0.004095597823622459
100.0,8,rtn,0,2775,0.004020044433997135
100.0,8,rtn,0,2800,0.004095597823622459
100.0,8,rtn,0,2825,0.004020044433997135
100.0,8,rtn,0,2850,0.004095597823622459
100.0,8,rtn,0,2875,0.004020044433997135
100.0,8,rtn,0,2900,0.004095597823622459
100.0,8,rtn,0,2925,0.004020044433997135
100.0,8,rtn,0,2950,0.004095597823622459
100.0,8,rtn,0,2975,0.004020044433997135
100.0,8,rtn,0,2999,0.004020044433997135
100.0,8,rtn,1,0,0.3227925599895191
100.0,8,rtn,1,25,0.008914470597273487
100.0,8,rtn,1,50,0.004987616663072847
100.0,8,rtn,1,75,0.004352196928102973
100.0,8,rtn,1,100,0.004140240484039791
100.0,8,rtn,1,125,0.004113530999607441
100.0,8,rtn,1,150,0.004095597823622459
100.0,8,rtn,1,175,0.004020044433997135
100.0,8,rtn,1,200,0.004095597823622459
100.0,8,rtn,1,225,0.004020044433997135
100.0,8,rtn,1,250,0.004095597823622459
100.0,8,rtn,1,275,0.004020044433997135
100.0,8,rtn,1,300,0.004095597823622459
100.0,8,rtn,1,325,0.004020044433997135
100.0,8,rtn,1,350,0.004095597823622459
100.0,8,rtn,1,375,0.004020044433997135
100.0,8,rtn,1,400,0.004095597823622459
100.0,8,rtn,1,425,0.004020044433997135
100.0,8,rtn,1,450,0.004095597823622459
100.0,8,rtn,1,475,0.004020044433997135
100.0,8,rtn,1,500,0.004095597823622459
100.0,8,rtn,1,525,0.004020044433997135
100.0,8,rtn,1,550,0.004095597823622459
100.0,8,rtn,1,575,0.004020044433997135
100.0,8,rtn,1,600,0.004095597823622459
100.0,8,rtn,1,625,0.004020044433997135
100.0,8,rtn,1,650,0.004095597823622459
100.0,8,rtn,1,675,0.004020044433997135
100.0,8,rtn,1,700,0.004095597823622459
100.0,8,rtn,1,725,0.004020044433997135
100.0,8,rtn,1,750,0.004095597823622459
100.0,8,rtn,1,775,0.004020044433997135
100.0,8,rtn,1,800,0.004095597823622459
100.0,8,rtn,1,825,0.004020044433997135
100.0,8,rtn,1,850,0.004095597823622459
100.0,8,rtn,1,875,0.004020044433997135
100.0,8,rtn,1,900,0.004095597823622459
100.0,8,rtn,1,925,0.004020044433997135
100.0,8,rtn,1,950,0.004095597823622459
100.0,8,rtn,1,975,0.004020044433997135
100.0,8,rtn,1,1000,0.004095597823622459
100.0,8,rtn,1,1025,0.004020044433997135
100.0,8,rtn,1,1050,0.004095597823622459
100.0,8,rtn,1,1075,0.004020044433997135
100.0,8,rtn,1,1100,0.004095597823622459
100.0,8,rtn,1,1125,0.004020044433997135
100.0,8,rtn,1,1150,0.004095597823622459
100.0,8,rtn,1,1175,0.004020044433997135
100.0,8,rtn,1,1200,0.004095597823622459
100.0,8,rtn,1,1225,0.004020044433997135
100.0,8,rtn,1,1250,0.004095597823622459
100.0,8,rtn,1,1275,0.004020044433997135
100.0,8,rtn,1,1300,0.004095597823622459
100.0,8,rtn,1,1325,0.004020044433997135
100.0,8,rtn,1,1350,0.004095597823622459
100.0,8,rtn,1,1375,0.004020044433997135
100.0,8,rtn,1,1400,0.004095597823622459
100.0,8,rtn,1,1425,0.004020044433997135
100.0,8,rtn,1,1450,0.004095597823622459
100.0,8,rtn,1,1475,0.004020044433997135
100.0,8,rtn,1,1500,0.004095597823622459
100.0,8,rtn,1,1525,0.004020044433997135
100.0,8,rtn,1,1550,0.004095597823622459
100.0,8,rtn,1,1575,0.004020044433997135
100.0,8,rtn,1,1600,0.004095597823622459
100.0,8,rtn,1,1625,0.004020044433997135
100.0,8,rtn,1,1650,0.004095597823622459
100.0,8,rtn,1,1675,0.004020044433997135
100.0,8,rtn,1,1700,0.004095597823622459
100.0,8,rtn,1,1725,0.004020044433997135
100.0,8,rtn,1,1750,0.004095597823622459
100.0,8,rtn,1,1775,0.004020044433997135
100.0,8,rtn,1,1800,0.004095597823622459
100.0,8,rtn,1,1825,0.004020044433997135
100.0,8,rtn,1,1850,0.004095597823622459
100.0,8,rtn,1,1875,0.004020044433997135
100.0,8,rtn,1,1900,0.004095597823622459
100.0,8,rtn,1,1925,0.004020044433997135
100.0,8,rtn,1,1950,0.004095597823622459
100.0,8,rtn,1,1975,0.004020044433997135
100.0,8,rtn,1,2000,0.004095597823622459
100.0,8,rtn,1,2025,0.004020044433997135
100.0,8,rtn,1,2050,0.004095597823622459
100.0,8,rtn,1,2075,0.004020044433997135
100.0,8,rtn,1,2100,0.004095597823622459
100.0,8,rtn,1,2125,0.004020044433997135
100.0,8,rtn,1,2150,0.004095597823622459
100.0,8,rtn,1,2175,0.004020044433997135
100.0,8,rtn,1,2200,0.004095597823622459
100.0,8,rtn,1,2225,0.004020044433997135
100.0,8,rtn,1,2250,0.004095597823622459
100.0,8,rtn,1,2275,0.004020044433997135
100.0,8,rtn,1,2300,0.004095597823622459
100.0,8,rtn,1,2325,0.004020044433997135
100.0,8,rtn,1,2350,0.004095597823622459
100.0,8,rtn,1,2375,0.004020044433997135
100.0,8,rtn,1,2400,0.004095597823622459
100.0,8,rtn,1,2425,0.004020044433997135
100.0,8,rtn,1,2450,0.004095597823622459
100.0,8,rtn,1,2475,0.004020044433997135
100.0,8,rtn,1,2500,0.004095597823622459
100.0,8,rtn,1,2525,0.004020044433997135
100.0,8,rtn,1,2550,0.004095597823622459
100.0,8,rtn,1,2575,0.004020044433997135
100.0,8,rtn,1,2600,0.004095597823622459
100.0,8,rtn,1,2625,0.004020044433997135
100.0,8,rtn,1,2650,0.004095597823622459
100.0,8,rtn,1,2675,0.004020044433997135
100.0,8,rtn,1,2700,0.004095597823622459
100.0,8,rtn,1,2725,0.004020044433997135
100.0,8,rtn,1,2750,0.004095597823622459
100.0,8,rtn,1,2775,0.004020044433997135
100.0,8,rtn,1,2800,0.004095597823622459
100.0,8,rtn,1,2825,0.004020044433997135
100.0,8,rtn,1,2850,0.004095597823622459
100.0,8,rtn,1,2875,0.004020044433997135
100.0,8,rtn,1,2900,0.004095597823622459
100.0,8,rtn,1,2925,0.004020044433997135
100.0,8,rtn,1,2950,0.004095597823622459
100.0,8,rtn,1,2975,0.004020044433997135
100.0,8,rtn,1,2999,0.004020044433997135
100.0,8,rtn,2,0,0.3227925599895191
100.0,8,rtn,2,25,0.008914470597273487
100.0,8,rtn,2,50,0.004987616663072847
100.0,8,rtn,2,75,0.004352196928102973
100.0,8,rtn,2,100,0.004140240484039791
100.0,8,rtn,2,125,0.004113530999607441
100.0,8,rtn,2,150,0.004095597823622459
100.0,8,rtn,2,175,0.004020044433997135
100.0,8,rtn,2,200,0.004095597823622459
100.0,8,rtn,2,225,0.004020044433997135
100.0,8,rtn,2,250,0.004095597823622459
100.0,8,rtn,2,275,0.004020044433997135
100.0,8,rtn,2,300,0.004095597823622459
100.0,8,rtn,2,325,0.004020044433997135
100.0,8,rtn,2,350,0.004095597823622459
100.0,8,rtn,2,375,0.004020044433997135
100.0,8,rtn,2,400,0.004095597823622459
100.0,8,rtn,2,425,0.004020044433997135
100.0,8,rtn,2,450,0.004095597823622459
100.0,8,rtn,2,475,0.004020044433997135
100.0,8,rtn,2,500,0.004095597823622459
100.0,8,rtn,2,525,0.004020044433997135
100.0,8,rtn,2,550,0.004095597823622459
100.0,8,rtn,2,575,0.004020044433997135
100.0,8,rtn,2,600,0.004095597823622459
100.0,8,rtn,2,625,0.004020044433997135
100.0,8,rtn,2,650,0.004095597823622459
100.0,8,rtn,2,675,0.004020044433997135
100.0,8,rtn,2,700,0.004095597823622459
100.0,8,rtn,2,725,0.004020044433997135
100.0,8,rtn,2,750,0.004095597823622459
100.0,8,rtn,2,775,0.004020044433997135
100.0,8,rtn,2,800,0.004095597823622459
100.0,8,rtn,2,825,0.004020044433997135
100.0,8,rtn,2,850,0.004095597823622459
100.0,8,rtn,2,875,0.004020044433997135
100.0,8,rtn,2,900,0.004095597823622459
100.0,8,rtn,2,925,0.004020044433997135
100.0,8,rtn,2,950,0.004095597823622459
100.0,8,rtn,2,975,0.004020044433997135
100.0,8,rtn,2,1000,0.004095597823622459
100.0,8,rtn,2,1025,0.004020044433997135
100.0,8,rtn,2,1050,0.004095597823622459
100.0,8,rtn,2,1075,0.004020044433997135
100.0,8,rtn,2,1100,0.004095597823622459
100.0,8,rtn,2,1125,0.004020044433997135
100.0,8,rtn,2,1150,0.004095597823622459
100.0,8,rtn,2,1175,0.004020044433997135
100.0,8,rtn,2,1200,0.004095597823622459
100.0,8,rtn,2,1225,0.004020044433997135
100.0,8,rtn,2,1250,0.004095597823622459
100.0,8,rtn,2,1275,0.004020044433997135
100.0,8,rtn,2,1300,0.004095597823622459
100.0,8,rtn,2,1325,0.004020044433997135
100.0,8,rtn,2,1350,0.004095597823622459
100.0,8,rtn,2,1375,0.004020044433997135
100.0,8,rtn,2,1400,0.004095597823622459
100.0,8,rtn,2,1425,0.004020044433997135
100.0,8,rtn,2,1450,0.004095597823622459
100.0,8,rtn,2,1475,0.004020044433997135
100.0,8,rtn,2,1500,0.004095597823622459
100.0,8,rtn,2,1525,0.004020044433997135
100.0,8,rtn,2,1550,0.004095597823622459
100.0,8,rtn,2,1575,0.004020044433997135
100.0,8,rtn,2,1600,0.004095597823622459
100.0,8,rtn,2,1625,0.004020044433997135
100.0,8,rtn,2,1650,0.004095597823622459
100.0,8,rtn,2,1675,0.004020044433997135
100.0,8,rtn,2,1700,0.004095597823622459
100.0,8,rtn,2,1725,0.004020044433997135
100.0,8,rtn,2,1750,0.004095597823622459
100.0,8,rtn,2,1775,0.004020044433997135
100.0,8,rtn,2,1800,0.004095597823622459
100.0,8,rtn,2,1825,0.004020044433997135
100.0,8,rtn,2,1850,0.004095597823622459
100.0,8,rtn,2,1875,0.004020044433997135
100.0,8,rtn,2,1900,0.004095597823622459
100.0,8,rtn,2,1925,0.004020044433997135
100.0,8,rtn,2,1950,0.004095597823622459
100.0,8,rtn,2,1975,0.004020044433997135
100.0,8,rtn,2,2000,0.004095597823622459
100.0,8,rtn,2,2025,0.004020044433997135
100.0,8,rtn,2,2050,0.004095597823622459
100.0,8,rtn,2,2075,0.004020044433997135
100.0,8,rtn,2,2100,0.004095597823622459
100.0,8,rtn,2,2125,0.004020044433997135
100.0,8,rtn,2,2150,0.004095597823622459
100.0,8,rtn,2,2175,0.004020044433997135
100.0,8,rtn,2,2200,0.004095597823622459
100.0,8,rtn,2,2225,0.004020044433997135
100.0,8,rtn,2,2250,0.004095597823622459
100.0,8,rtn,2,2275,0.004020044433997135
100.0,8,rtn,2,2300,0.004095597823622459
100.0,8,rtn,2,2325,0.004020044433997135
100.0,8,rtn,2,2350,0.004095597823622459
100.0,8,rtn,2,2375,0.004020044433997135
100.0,8,rtn,2,2400,0.004095597823622459
100.0,8,rtn,2,2425,0.004020044433997135
100.0,8,rtn,2,2450,0.004095597823622459
100.0,8,rtn,2,2475,0.004020044433997135
100.0,8,rtn,2,2500,0.004095597823622459
100.0,8,rtn,2,2525,0.004020044433997135
100.0,8,rtn,2,2550,0.004095597823622459
100.0,8,rtn,2,2575,0.004020044433997135
100.0,8,rtn,2,2600,0.004095597823622459
100.0,8,rtn,2,2625,0.004020044433997135
100.0,8,rtn,2,2650,0.004095597823622459
100.0,8,rtn,2,2675,0.004020044433997135
100.0,8,rtn,2,2700,0.004095597823622459
100.0,8,rtn,2,2725,0.004020044433997135
100.0,8,rtn,2,2750,0.004095597823622459
100.0,8,rtn,2,2775,0.004020044433997135
100.0,8,rtn,2,2800,0.004095597823622459
100.0,8,rtn,2,2825,0.004020044433997135
100.0,8,rtn,2,2850,0.004095597823622459
100.0,8,rtn,2,2875,0.004020044433997135
100.0,8,rtn,2,2900,0.004095597823622459
100.0,8,rtn,2,2925,0.004020044433997135
100.0,8,rtn,2,2950,0.004095597823622459
100.0,8,rtn,2,2975,0.004020044433997135
100.0,8,rtn,2,2999,0.004020044433997135
100.0,8,sr,0,0,0.32391680888776186
100.0,8,sr,0,25,0.009161658747553966
100.0,8,sr,0,50,0.00336804237913976
100.0,8,sr,0,75,0.0024256551325879724
100.0,8,sr,0,100,0.0019742142257498773
100.0,8,sr,0,125,0.0017835139798215655
100.0,8,sr,0,150,0.00170517884444982
100.0,8,sr,0,175,0.0018016186507428208
100.0,8,sr,0,200,0.0015688446274922212
100.0,8,sr,0,225,0.001676861253366791
100.0,8,sr,0,250,0.001637808995344017
100.0,8,sr,0,275,0.0020198027289649026
100.0,8,sr,0,300,0.001477699907289096
100.0,8,sr,0,325,0.0018656647170674735
100.0,8,sr,0,350,0.001486469890159505
100.0,8,sr,0,375,0.0019638007080555065
100.0,8,sr,0,400,0.0013453693324908217
100.0,8,sr,0,425,0.0016207435611148362
100.0,8,sr,0,450,0.0016854122050835962
100.0,8,sr,0,475,0.0018601118625373567
100.0,8,sr,0,500,0.0014918261282063664
100.0,8,sr,0,525,0.0013404171341965376
100.0,8,sr,0,550,0.001428546124750741
100.0,8,sr,0,575,0.0019167820449880113
100.0,8,sr,0,600,0.0017507865446071457
100.0,8,sr,0,625,0.0018257257167137457
100.0,8,sr,0,650,0.001440124530828986
100.0,8,sr,0,675,0.0017237203620262696
100.0,8,sr,0,700,0.001660372024551932
100.0,8,sr,0,725,0.001942548589302664
100.0,8,sr,0,750,0.0015824716490970235
100.0,8,sr,0,775,0.0018026785347149536
100.0,8,sr,0,800,0.0014136966982908387
100.0,8,sr,0,825,0.0016165552953480943
100.0,8,sr,0,850,0.0016888432879995174
100.0,8,sr,0,875,0.00165747751411756
100.0,8,sr,0,900,0.0015724888886337399
100.0,8,sr,0,925,0.0016824281251731485
100.0,8,sr,0,950,0.0016834361883257447
100.0,8,sr,0,975,0.0018263860832995495
100.0,8,sr,0,1000,0.0017973596126688635
100.0,8,sr,0,1025,0.0015271407672349992
100.0,8,sr,0,1050,0.0018977177871064852
100.0,8,sr,0,1075,0.001681305587793178
100.0,8,sr,0,1100,0.0017823731025300613
100.0,8,sr,0,1125,0.0015753220492072345
100.0,8,sr,0,1150,0.0017853845052625405
100.0,8,sr,0,1175,0.0021951090328000966
100.0,8,sr,0,1200,0.0018842015714227959
100.0,8,sr,0,1225,0.0018703107045193294
100.0,8,sr,0,1250,0.0017653965651491484
100.0,8,sr,0,1275,0.0020498243431775116
100.0,8,sr,0,1300,0.001732159713114611
100.0,8,sr,0,1325,0.001467729604507544
100.0,8,sr,0,1350,0.0015528472467404974
100.0,8,sr,0,1375,0.0020052106431972167
100.0,8,sr,0,1400,0.0015579224876891183
100.0,8,sr,0,1425,0.0016062523379321303
100.0,8,sr,0,1450,0.0018291450997498545
100.0,8,sr,0,1475,0.0016460781690927173
100.0,8,sr,0,1500,0.001503515478042326
100.0,8,sr,0,1525,0.0018859103270533184
100.0,8,sr,0,1550,0.0016589402327280404
100.0,8,sr,0,1575,0.0015151588893283065
100.0,8,sr,0,1600,0.0016177945999129217
100.0,8,sr,0,1625,0.00156878513982716
100.0,8,sr,0,1650,0.0014448713990811333
100.0,8,sr,0,1675,0.0014053354157611908
100.0,8,sr,0,1700,0.001941311298045737
100.0,8,sr,0,1725,0.0014227433772569995
100.0,8,sr,0,1750,0.0016954905455727057
100.0,8,sr,0,1775,0.0016115147965016425
100.0,8,sr,0,1800,0.0018735261329358018
100.0,8,sr,0,1825,0.0014609629237742144
100.0,8,sr,0,1850,0.0014265377411704161
100.0,8,sr,0,1875,0.001729052078382705
100.0,8,sr,0,1900,0.001460588150944972
100.0,8,sr,0,1925,0.0020551823742650395
100.0,8,sr,0,1950,0.0019286796249177174
100.0,8,sr,0,1975,0.0019425963841521584
100.0,8,sr,0,2000,0.0015058349953718253
100.0,8,sr,0,2025,0.0015164915868867287
100.0,8,sr,0,2050,0.0017009652236066274
100.0,8,sr,0,2075,0.0015147525545293188
100.0,8,sr,0,2100,0.0015972723872939422
100.0,8,sr,0,2125,0.0012731905141235406
100.0,8,sr,0,2150,0.002152233488626993
100.0,8,sr,0,2175,0.0016291276141796177
100.0,8,sr,0,2200,0.0016648951106541837
100.0,8,sr,0,2225,0.0014096613047539315
100.0,8,sr,0,2250,0.0015847098346228738
100.0,8,sr,0,2275,0.001518233191228361
100.0,8,sr,0,2300,0.001440562619179622
100.0,8,sr,0,2325,0.001963519172147514
100.0,8,sr,0,2350,0.0017086646828810368
100.0,8,sr,0,2375,0.0015330204143773265
100.0,8,sr,0,2400,0.0016430354409671852
100.0,8,sr,0,2425,0.001356079906474554
100.0,8,sr,0,2450,0.0015863937273292578
100.0,8,sr,0,2475,0.0016090019667543277
100.0,8,sr,0,2500,0.0015117332023226193
100.0,8,sr,0,2525,0.0016497916560942677
100.0,8,sr,0,2550,0.0015248995239986636
100.0,8,sr,0,2575,0.0022709051242223804
100.0,8,sr,0,2600,0.0017532315309879657
100.0,8,sr,0,2625,0.0014165937231459516
100.0,8,sr,0,2650,0.0014330591890344606
100.0,8,sr,0,2675,0.0019239602872468172
100.0,8,sr,0,2700,0.0016623585236854755
100.0,8,sr,0,2725,0.0014906206796266883
100.0,8,sr,0,2750,0.0017943525556564192
100.0,8,sr,0,2775,0.0016930977524485028
100.0,8,sr,0,2800,0.0015914418356428827
100.0,8,sr,0,2825,0.0016357464008631656
100.0,8,sr,0,2850,0.0015543604839547422
100.0,8,sr,0,2875,0.0015258415894972128
100.0,8,sr,0,2900,0.0016522373800245242
100.0,8,sr,0,2925,0.0014477969788986881
100.0,8,sr,0,2950,0.001574805397747892
100.0,8,sr,0,2975,0.0015686499286588734
100.0,8,sr,0,2999,0.0016554668363291285
100.0,8,sr,1,0,0.3245285084460741
100.0,8,sr,1,25,0.009778614866969616
100.0,8,sr,1,50,0.003426919614757314
100.0,8,sr,1,75,0.0023225401325446186
100.0,8,sr,1,100,0.0018777370955990213
100.0,8,sr,1,125,0.0013532304789349947
100.0,8,sr,1,150,0.0017820620838163437
100.0,8,sr,1,175,0.0015005083710998566
100.0,8,sr,1,200,0.001435031954211344
100.0,8,sr,1,225,0.0014426312242246898
100.0,8,sr,1,250,0.00175392596196176
100.0,8,sr,1,275,0.0018499873294033676
100.0,8,sr,1,300,0.0018932269760026886
100.0,8,sr,1,325,0.0015461660306687192
100.0,8,sr,1,350,0.0018283478529689263
100.0,8,sr,1,375,0.0017563884861380257
100.0,8,sr,1,400,0.0016049326824109985
100.0,8,sr,1,425,0.0016561171512462487
100.0,8,sr,1,450,0.002122406788100746
100.0,8,sr,1,475,0.0016571664218582112
100.0,8,sr,1,500,0.0013226176423621907
100.0,8,sr,1,525,0.0015024823564910566
100.0,8,sr,1,550,0.0014514920780035266
100.0,8,sr,1,575,0.001449569848128395
100.0,8,sr,1,600,0.0015110227219782793
100.0,8,sr,1,625,0.0017122778626417691
100.0,8,sr,1,650,0.0013088147805857815
100.0,8,sr,1,675,0.0016057790479825317
100.0,8,sr,1,700,0.001522364739933793
100.0,8,sr,1,725,0.0015664864140165968
100.0,8,sr,1,750,0.0017483276964338598
100.0,8,sr,1,775,0.001398284029492145
100.0,8,sr,1,800,0.0016654057147588424
100.0,8,sr,1,825,0.0018490952246781184
100.0,8,sr,1,850,0.0013945852580286944
100.0,8,sr,1,875,0.0014281494275481786
100.0,8,sr,1,900,0.0015080208193407984
100.0,8,sr,1,925,0.0012540465554464596
100.0,8,sr,1,950,0.0016714560643371072
100.0,8,sr,1,975,0.0015174825308133016
100.0,8,sr,1,1000,0.0015861486166121952
100.0,8,sr,1,1025,0.0017163694981584899
100.0,8,sr,1,1050,0.0019701452330770633
100.0,8,sr,1,1075,0.002252940604975201
100.0,8,sr,1,1100,0.001741184534454095
100.0,8,sr,1,1125,0.0016551692356804807
100.0,8,sr,1,1150,0.001365239370103512
100.0,8,sr,1,1175,0.0015740518166192264
100.0,8,sr,1,1200,0.0014156215228421616
100.0,8,sr,1,1225,0.0020130632199938693
100.0,8,sr,1,1250,0.0016821157393724785
100.0,8,sr,1,1275,0.0016840842321796455
100.0,8,sr,1,1300,0.0014929152966099764
100.0,8,sr,1,1325,0.0018988032356249958
100.0,8,sr,1,1350,0.0014042247232492588
100.0,8,sr,1,1375,0.0017513841257062528
100.0,8,sr,1,1400,0.0015334632135266717
100.0,8,sr,1,1425,0.00156120926110357
100.0,8,sr,1,1450,0.0017017181420427058
100.0,8,sr,1,1475,0.001651845920555084
100.0,8,sr,1,1500,0.0015256399429555117
100.0,8,sr,1,1525,0.0016373271761625965
100.0,8,sr,1,1550,0.0017500377044484946
100.0,8,sr,1,1575,0.0015707297423253365
100.0,8,sr,1,1600,0.00182958035923791
100.0,8,sr,1,1625,0.0016668016074396434
100.0,8,sr,1,1650,0.0015639454538406258
100.0,8,sr,1,1675,0.0015042230393709224
100.0,8,sr,1,1700,0.0019391794283941857
100.0,8,sr,1,1725,0.0018347200677367923
100.0,8,sr,1,1750,0.0015306716079784353
100.0,8,sr,1,1775,0.0014645596533761733
100.0,8,sr,1,1800,0.0013080985712135194
100.0,8,sr,1,1825,0.0015457893916707014
100.0,8,sr,1,1850,0.0017229445211810566
100.0,8,sr,1,1875,0.0017982185291881532
100.0,8,sr,1,1900,0.001675099086727362
100.0,8,sr,1,1925,0.0016578424697878177
100.0,8,sr,1,1950,0.0016870684390525585
100.0,8,sr,1,1975,0.0013791904129079255
100.0,8,sr,1,2000,0.0017078624018111875
100.0,8,sr,1,2025,0.0013023493622016083
100.0,8,sr,1,2050,0.0013072570688472378
100.0,8,sr,1,2075,0.001967432169540081
100.0,8,sr,1,2100,0.0018712346205639661
100.0,8,sr,1,2125,0.00162436309031209
100.0,8,sr,1,2150,0.0021781889003572434
100.0,8,sr,1,2175,0.001918074620645083
100.0,8,sr,1,2200,0.001663152341884966
100.0,8,sr,1,2225,0.0020702976360616626
100.0,8,sr,1,2250,0.001640603519794762
100.0,8,sr,1,2275,0.0013711081532442465
100.0,8,sr,1,2300,0.0016449646691757032
100.0,8,sr,1,2325,0.0017579366701212028
100.0,8,sr,1,2350,0.001817368998603974
100.0,8,sr,1,2375,0.0020718380941768
100.0,8,sr,1,2400,0.0014216536676410951
100.0,8,sr,1,2425,0.0017444102604490014
100.0,8,sr,1,2450,0.0017969435113583958
100.0,8,sr,1,2475,0.0017323040459951231
100.0,8,sr,1,2500,0.0012769588230880265
100.0,8,sr,1,2525,0.0015476038027965118
100.0,8,sr,1,2550,0.0017313681429350393
100.0,8,sr,1,2575,0.0013402122998896363
100.0,8,sr,1,2600,0.0016472438549475397
100.0,8,sr,1,2625,0.0015884294155931406
100.0,8,sr,1,2650,0.00144187163447561
100.0,8,sr,1,2675,0.0016375666770735125
100.0,8,sr,1,2700,0.001532034765782387
100.0,8,sr,1,2725,0.002118483382575912
100.0,8,sr,1,2750,0.0016915619808027466
100.0,8,sr,1,2775,0.0018333882458499322
100.0,8,sr,1,2800,0.0018280968385419325
100.0,8,sr,1,2825,0.00158591261966255
100.0,8,sr,1,2850,0.0014473914643632977
100.0,8,sr,1,2875,0.0016339461508323892
100.0,8,sr,1,2900,0.0014203470553539673
100.0,8,sr,1,2925,0.0019030883581944496
100.0,8,sr,1,2950,0.0017582618478331974
100.0,8,sr,1,2975,0.0017220277255375115
100.0,8,sr,1,2999,0.001462957971401324
100.0,8,sr,2,0,0.3238663791197546
100.0,8,sr,2,25,0.01046303330617085
100.0,8,sr,2,50,0.00413728940155349
100.0,8,sr,2,75,0.002671390625163644
100.0,8,sr,2,100,0.0023665828822629063
100.0,8,sr,2,125,0.0020245937486041664
100.0,8,sr,2,150,0.0025488144048495484
100.0,8,sr,2,175,0.0018542258381273097
100.0,8,sr,2,200,0.0014519134694006694
100.0,8,sr,2,225,0.00164189723695504
100.0,8,sr,2,250,0.0017110186114324664
100.0,8,sr,2,275,0.0015452107396598555
100.0,8,sr,2,300,0.0014508148439642688
100.0,8,sr,2,325,0.0018748906393175585
100.0,8,sr,2,350,0.001571417738584784
100.0,8,sr,2,375,0.0018300220650368886
100.0,8,sr,2,400,0.0014326927174147625
100.0,8,sr,2,425,0.0016637425565393716
100.0,8,sr,2,450,0.001520542459226897
100.0,8,sr,2,475,0.001410963483635333
100.0,8,sr,2,500,0.001697080423689182
100.0,8,sr,2,525,0.0015616619769013638
100.0,8,sr,2,550,0.0018526212621570697
100.0,8,sr,2,575,0.0016821367296445532
100.0,8,sr,2,600,0.0015362240701209734
100.0,8,sr,2,625,0.001630898798387546
100.0,8,sr,2,650,0.001545914660674151
100.0,8,sr,2,675,0.001850424776338767
100.0,8,sr,2,700,0.001750517271549211
100.0,8,sr,2,725,0.0017268250462759759
100.0,8,sr,2,750,0.0016127612898920018
100.0,8,sr,2,775,0.0016785783483643877
100.0,8,sr,2,800,0.0014723360900115404
100.0,8,sr,2,825,0.0017359560552294825
100.0,8,sr,2,850,0.0016240593405961964
100.0,8,sr,2,875,0.001884674617872031
100.0,8,sr,2,900,0.0017034274644168199
100.0,8,sr,2,925,0.0021745852861016933
100.0,8,sr,2,950,0.0017688744925396242
100.0,8,sr,2,975,0.0018039187057739285
100.0,8,sr,2,1000,0.0018327329081463655
100.0,8,sr,2,1025,0.0017446300033568606
100.0,8,sr,2,1050,0.001498503607075147
100.0,8,sr,2,1075,0.0016686489569194697
100.0,8,sr,2,1100,0.002099531437235707
100.0,8,sr,2,1125,0.0017811146602294311
100.0,8,sr,2,1150,0.0016594636163771645
100.0,8,sr,2,1175,0.0016250129952826771
100.0,8,sr,2,1200,0.001307577046574772
100.0,8,sr,2,1225,0.0016056643585476008
100.0,8,sr,2,1250,0.001849961194282278
100.0,8,sr,2,1275,0.0011547276389261341
100.0,8,sr,2,1300,0.0014972934128488383
100.0,8,sr,2,1325,0.001853691660003777
100.0,8,sr,2,1350,0.0015953120192829383
100.0,8,sr,2,1375,0.0019584863738202406
100.0,8,sr,2,1400,0.0012634946309803352
100.0,8,sr,2,1425,0.0020036674565736103
100.0,8,sr,2,1450,0.0024031842103067937
100.0,8,sr,2,1475,0.0018637283848462523
100.0,8,sr,2,1500,0.0017598118916803583
100.0,8,sr,2,1525,0.0019235424399130935
100.0,8,sr,2,1550,0.0015998709400249368
100.0,8,sr,2,1575,0.0016975556890710857
100.0,8,sr,2,1600,0.0018432869014552212
100.0,8,sr,2,1625,0.001572990384314923
100.0,8,sr,2,1650,0.001584616618114439
100.0,8,sr,2,1675,0.001474509281478818
100.0,8,sr,2,1700,0.0017765820782141438
100.0,8,sr,2,1725,0.0013677148065238758
100.0,8,sr,2,1750,0.0013532839197110372
100.0,8,sr,2,1775,0.0014045325317765657
100.0,8,sr,2,1800,0.0018589852596536606
100.0,8,sr,2,1825,0.0018103750444248153
100.0,8,sr,2,1850,0.0016280163655931726
100.0,8,sr,2,1875,0.0013696570370966199
100.0,8,sr,2,1900,0.0013953872322591627
100.0,8,sr,2,1925,0.0017984348096425577
100.0,8,sr,2,1950,0.0019989487240783597
100.0,8,sr,2,1975,0.0016106113204021608
100.0,8,sr,2,2000,0.001329428602543837
100.0,8,sr,2,2025,0.0015670666035539347
100.0,8,sr,2,2050,0.0016740855836519573
100.0,8,sr,2,2075,0.0017825917525300197
100.0,8,sr,2,2100,0.0015207994855311374
100.0,8,sr,2,2125,0.0019056142133254534
100.0,8,sr,2,2150,0.0015113155375103045
100.0,8,sr,2,2175,0.001973647637649827
100.0,8,sr,2,2200,0.0015817652100660951
100.0,8,sr,2,2225,0.0016814973513893203
100.0,8,sr,2,2250,0.0013524043795509727
100.0,8,sr,2,2275,0.0013425283958538366
100.0,8,sr,2,2300,0.0014378988725533273
100.0,8,sr,2,2325,0.0014593134016804485
100.0,8,sr,2,2350,0.001681684385546226
100.0,8,sr,2,2375,0.0014758185370109028
100.0,8,sr,2,2400,0.0014584505410417455
100.0,8,sr,2,2425,0.0015836582397743203
100.0,8,sr,2,2450,0.0015968022253842384
100.0,8,sr,2,2475,0.0015495963550432041
100.0,8,sr,2,2500,0.0017274750526485216
100.0,8,sr,2,2525,0.0014206643605220919
100.0,8,sr,2,2550,0.0013894321613132055
100.0,8,sr,2,2575,0.001806847578220457
100.0,8,sr,2,2600,0.0017135367864414626
100.0,8,sr,2,2625,0.0018313104635747325
100.0,8,sr,2,2650,0.002161241410056512
100.0,8,sr,2,2675,0.00167447207334637
100.0,8,sr,2,2700,0.0014079005548654634
100.0,8,sr,2,2725,0.0014686669704552227
100.0,8,sr,2,2750,0.0013843887409984033
100.0,8,sr,2,2775,0.0015379250542892548
100.0,8,sr,2,2800,0.001576544159620517
100.0,8,sr,2,2825,0.0016172845437253563
100.0,8,sr,2,2850,0.0015466990526368579
100.0,8,sr,2,2875,0.00158392440214121
100.0,8,sr,2,2900,0.0019548343285137287
100.0,8,sr,2,2925,0.0014008012860019833
100.0,8,sr,2,2950,0.0013723897348821724
100.0,8,sr,2,2975,0.0013874606552936367
100.0,8,sr,2,2999,0.0016926076804445651
100.0,8,ef,0,0,0.3227925599895191
100.0,8,ef,0,25,0.009193333645097133
100.0,8,ef,0,50,0.003023881481508264
100.0,8,ef,0,75,0.002142799034350361
100.0,8,ef,0,100,0.0022515821232358545
100.0,8,ef,0,125,0.002560535702193161
100.0,8,ef,0,150,0.0021720262478659015
100.0,8,ef,0,175,0.002989191566455307
100.0,8,ef,0,200,0.0035324349541142213
100.0,8,ef,0,225,0.002908162125006986
100.0,8,ef,0,250,0.00176219501490969
100.0,8,ef,0,275,0.0029325172904645434
100.0,8,ef,0,300,0.002366448820684329
100.0,8,ef,0,325,0.0024548960991069026
100.0,8,ef,0,350,0.003732995785907483
100.0,8,ef,0,375,0.0016137225673919498
100.0,8,ef,0,400,0.002601227184826663
100.0,8,ef,0,425,0.0030159792152204545
100.0,8,ef,0,450,0.0023795872230075728
100.0,8,ef,0,475,0.0032699212544141714
100.0,8,ef,0,500,0.0026636423889703853
100.0,8,ef,0,525,0.0022592308413006195
100.0,8,ef,0,550,0.0024309620186096386
100.0,8,ef,0,575,0.002345494108877182
100.0,8,ef,0,600,0.002514601961270831
100.0,8,ef,0,625,0.0024835504047641694
100.0,8,ef,0,650,0.0034754435890889724
100.0,8,ef,0,675,0.0029225046376281
100.0,8,ef,0,700,0.0035940462186955153
100.0,8,ef,0,725,0.002169891310698528
100.0,8,ef,0,750,0.0027355513312483097
100.0,8,ef,0,775,0.0027560299040350488
100.0,8,ef,0,800,0.002530153701938788
100.0,8,ef,0,825,0.0031424467814777333
100.0,8,ef,0,850,0.0034478915008545946
100.0,8,ef,0,875,0.0029224524959112017
100.0,8,ef,0,900,0.0023595718845222918
100.0,8,ef,0,925,0.0025171291447991626
100.0,8,ef,0,950,0.0032724832177839333
100.0,8,ef,0,975,0.0027173733179186197
100.0,8,ef,0,1000,0.0022856719675072358
100.0,8,ef,0,1025,0.002272119220877448
100.0,8,ef,0,1050,0.0019757621952036495
100.0,8,ef,0,1075,0.0027273687845063735
100.0,8,ef,0,1100,0.0025749078624422747
100.0,8,ef,0,1125,0.002171847660887818
100.0,8,ef,0,1150,0.003158917877783156
100.0,8,ef,0,1175,0.0018304438122421227
100.0,8,ef,0,1200,0.0027352365563255475
100.0,8,ef,0,1225,0.002547949779487293
100.0,8,ef,0,1250,0.002564302189812629
100.0,8,ef,0,1275,0.0022765345490400562
100.0,8,ef,0,1300,0.003274981879848599
100.0,8,ef,0,1325,0.0023069518602857877
100.0,8,ef,0,1350,0.0036323827289396894
100.0,8,ef,0,1375,0.0020757740484406823
100.0,8,ef,0,1400,0.002564623977799801
100.0,8,ef,0,1425,0.003241590379732036
100.0,8,ef,0,1450,0.0024932800755156264
100.0,8,ef,0,1475,0.002045536916648546
100.0,8,ef,0,1500,0.0035011235522250674
100.0,8,ef,0,1525,0.0016538264204422003
100.0,8,ef,0,1550,0.002717985975163761
100.0,8,ef,0,1575,0.0027285947927173835
100.0,8,ef,0,1600,0.002317494849488068
100.0,8,ef,0,1625,0.0027177296359314203
100.0,8,ef,0,1650,0.0028981719469227374
100.0,8,ef,0,1675,0.004371618161292069
100.0,8,ef,0,1700,0.002924381700849998
100.0,8,ef,0,1725,0.0028934536147243095
100.0,8,ef,0,1750,0.0027464060719467
100.0,8,ef,0,1775,0.00245188537977524
100.0,8,ef,0,1800,0.0019008729949216857
100.0,8,ef,0,1825,0.0029140465783388304
100.0,8,ef,0,1850,0.0019660331544168537
100.0,8,ef,0,1875,0.003320800331505211
100.0,8,ef,0,1900,0.0024634864829741654
100.0,8,ef,0,1925,0.0022671962414376997
100.0,8,ef,0,1950,0.002923735066093541
100.0,8,ef,0,1975,0.002526660380441449
100.0,8,ef,0,2000,0.0028922298965934827
100.0,8,ef,0,2025,0.0025118253302752786
100.0,8,ef,0,2050,0.0020397397781196777
100.0,8,ef,0,2075,0.002451076813081848
100.0,8,ef,0,2100,0.0016118383706368719
100.0,8,ef,0,2125,0.002036952729237215
100.0,8,ef,0,2150,0.0020303613745716958
100.0,8,ef,0,2175,0.0036774752247148903
100.0,8,ef,0,2200,0.002127436830967086
100.0,8,ef,0,2225,0.002170744388749891
100.0,8,ef,0,2250,0.0024136916644239164
100.0,8,ef,0,2275,0.0027712945609039644
100.0,8,ef,0,2300,0.0018796297590690614
100.0,8,ef,0,2325,0.0018107069582448641
100.0,8,ef,0,2350,0.0019136998538975202
100.0,8,ef,0,2375,0.002303154986672385
100.0,8,ef,0,2400,0.0032904444441124803
100.0,8,ef,0,2425,0.0025680479136233913
100.0,8,ef,0,2450,0.003991009177960591
100.0,8,ef,0,2475,0.004119573909704582
100.0,8,ef,0,2500,0.0023626880730172294
100.0,8,ef,0,2525,0.0023898244920178852
100.0,8,ef,0,2550,0.0032433582357480756
100.0,8,ef,0,2575,0.0018144151026164648
100.0,8,ef,0,2600,0.002208018009196751
100.0,8,ef,0,2625,0.0021874601267128477
100.0,8,ef,0,2650,0.002494790021003349
100.0,8,ef,0,2675,0.0022910434121024806
100.0,8,ef,0,2700,0.002704358785179905
100.0,8,ef,0,2725,0.0023013899852594045
100.0,8,ef,0,2750,0.002872057050617528
100.0,8,ef,0,2775,0.002694562892352615
100.0,8,ef,0,2800,0.003194621702467288
100.0,8,ef,0,2825,0.00313085791012399
100.0,8,ef,0,2850,0.002826014188516834
100.0,8,ef,0,2875,0.002580780207459794
100.0,8,ef,0,2900,0.0022957398299340227
100.0,8,ef,0,2925,0.003028043473489624
100.0,8,ef,0,2950,0.003299759840094325
100.0,8,ef,0,2975,0.0022768905055740897
100.0,8,ef,0,2999,0.0016490379259159716
100.0,8,ef,1,0,0.3227925599895191
100.0,8,ef,1,25,0.009193333645097133
100.0,8,ef,1,50,0.003023881481508264
100.0,8,ef,1,75,0.002142799034350361
100.0,8,ef,1,100,0.0022515821232358545
100.0,8,ef,1,125,0.002560535702193161
100.0,8,ef,1,150,0.0021720262478659015
100.0,8,ef,1,175,0.002989191566455307
100.0,8,ef,1,200,0.0035324349541142213
100.0,8,ef,1,225,0.002908162125006986
100.0,8,ef,1,250,0.00176219501490969
100.0,8,ef,1,275,0.0029325172904645434
100.0,8,ef,1,300,0.002366448820684329
100.0,8,ef,1,325,0.0024548960991069026
100.0,8,ef,1,350,0.003732995785907483
100.0,8,ef,1,375,0.0016137225673919498
100.0,8,ef,1,400,0.002601227184826663
100.0,8,ef,1,425,0.0030159792152204545
100.0,8,ef,1,450,0.0023795872230075728
100.0,8,ef,1,475,0.0032699212544141714
100.0,8,ef,1,500,0.0026636423889703853
100.0,8,ef,1,525,0.0022592308413006195
100.0,8,ef,1,550,0.0024309620186096386
100.0,8,ef,1,575,0.002345494108877182
100.0,8,ef,1,600,0.002514601961270831
100.0,8,ef,1,625,0.0024835504047641694
100.0,8,ef,1,650,0.0034754435890889724
100.0,8,ef,1,675,0.0029225046376281
100.0,8,ef,1,700,0.0035940462186955153
100.0,8,ef,1,725,0.002169891310698528
100.0,8,ef,1,750,0.0027355513312483097
100.0,8,ef,1,775,0.0027560299040350488
100.0,8,ef,1,800,0.002530153701938788
100.0,8,ef,1,825,0.0031424467814777333
100.0,8,ef,1,850,0.0034478915008545946
100.0,8,ef,1,875,0.0029224524959112017
100.0,8,ef,1,900,0.0023595718845222918
100.0,8,ef,1,925,0.0025171291447991626
100.0,8,ef,1,950,0.0032724832177839333
100.0,8,ef,1,975,0.0027173733179186197
100.0,8,ef,1,1000,0.0022856719675072358
100.0,8,ef,1,1025,0.002272119220877448
100.0,8,ef,1,1050,0.0019757621952036495
100.0,8,ef,1,1075,0.0027273687845063735
100.0,8,ef,1,1100,0.0025749078624422747
100.0,8,ef,1,1125,0.002171847660887818
100.0,8,ef,1,1150,0.003158917877783156
100.0,8,ef,1,1175,0.0018304438122421227
100.0,8,ef,1,1200,0.0027352365563255475
100.0,8,ef,1,1225,0.002547949779487293
100.0,8,ef,1,1250,0.002564302189812629
100.0,8,ef,1,1275,0.0022765345490400562
100.0,8,ef,1,1300,0.003274981879848599
100.0,8,ef,1,1325,0.0023069518602857877
100.0,8,ef,1,1350,0.0036323827289396894
100.0,8,ef,1,1375,0.0020757740484406823
100.0,8,ef,1,1400,0.002564623977799801
100.0,8,ef,1,1425,0.003241590379732036
100.0,8,ef,1,1450,0.0024932800755156264
100.0,8,ef,1,1475,0.002045536916648546
100.0,8,ef,1,1500,0.0035011235522250674
100.0,8,ef,1,1525,0.0016538264204422003
100.0,8,ef,1,1550,0.002717985975163761
100.0,8,ef,1,1575,0.0027285947927173835
100.0,8,ef,1,1600,0.002317494849488068
100.0,8,ef,1,1625,0.0027177296359314203
100.0,8,ef,1,1650,0.0028981719469227374
100.0,8,ef,1,1675,0.004371618161292069
100.0,8,ef,1,1700,0.002924381700849998
100.0,8,ef,1,1725,0.0028934536147243095
100.0,8,ef,1,1750,0.0027464060719467
100.0,8,ef,1,1775,0.00245188537977524
100.0,8,ef,1,1800,0.0019008729949216857
100.0,8,ef,1,1825,0.0029140465783388304
100.0,8,ef,1,1850,0.0019660331544168537
100.0,8,ef,1,1875,0.003320800331505211
100.0,8,ef,1,1900,0.0024634864829741654
100.0,8,ef,1,1925,0.0022671962414376997
100.0,8,ef,1,1950,0.002923735066093541
100.0,8,ef,1,1975,0.002526660380441449
100.0,8,ef,1,2000,0.0028922298965934827
100.0,8,ef,1,2025,0.0025118253302752786
100.0,8,ef,1,2050,0.0020397397781196777
100.0,8,ef,1,2075,0.002451076813081848
100.0,8,ef,1,2100,0.0016118383706368719
100.0,8,ef,1,2125,0.002036952729237215
100.0,8,ef,1,2150,0.0020303613745716958
100.0,8,ef,1,2175,0.0036774752247148903
100.0,8,ef,1,2200,0.002127436830967086
100.0,8,ef,1,2225,0.002170744388749891
100.0,8,ef,1,2250,0.0024136916644239164
100.0,8,ef,1,2275,0.0027712945609039644
100.0,8,ef,1,2300,0.0018796297590690614
100.0,8,ef,1,2325,0.0018107069582448641
100.0,8,ef,1,2350,0.0019136998538975202
100.0,8,ef,1,2375,0.002303154986672385
100.0,8,ef,1,2400,0.0032904444441124803
100.0,8,ef,1,2425,0.0025680479136233913
100.0,8,ef,1,2450,0.003991009177960591
100.0,8,ef,1,2475,0.004119573909704582
100.0,8,ef,1,2500,0.0023626880730172294
100.0,8,ef,1,2525,0.0023898244920178852
100.0,8,ef,1,2550,0.0032433582357480756
100.0,8,ef,1,2575,0.0018144151026164648
100.0,8,ef,1,2600,0.002208018009196751
100.0,8,ef,1,2625,0.0021874601267128477
100.0,8,ef,1,2650,0.002494790021003349
100.0,8,ef,1,2675,0.0022910434121024806
100.0,8,ef,1,2700,0.002704358785179905
100.0,8,ef,1,2725,0.0023013899852594045
100.0,8,ef,1,2750,0.002872057050617528
100.0,8,ef,1,2775,0.002694562892352615
100.0,8,ef,1,2800,0.003194621702467288
100.0,8,ef,1,2825,0.00313085791012399
100.0,8,ef,1,2850,0.002826014188516834
100.0,8,ef,1,2875,0.002580780207459794
100.0,8,ef,1,2900,0.0022957398299340227
100.0,8,ef,1,2925,0.003028043473489624
100.0,8,ef,1,2950,0.003299759840094325
100.0,8,ef,1,2975,0.0022768905055740897
100.0,8,ef,1,2999,0.0016490379259159716
100.0,8,ef,2,0,0.3227925599895191
100.0,8,ef,2,25,0.009193333645097133
100.0,8,ef,2,50,0.003023881481508264
100.0,8,ef,2,75,0.002142799034350361
100.0,8,ef,2,100,0.0022515821232358545
100.0,8,ef,2,125,0.002560535702193161
100.0,8,ef,2,150,0.0021720262478659015
100.0,8,ef,2,175,0.002989191566455307
100.0,8,ef,2,200,0.0035324349541142213
100.0,8,ef,2,225,0.002908162125006986
100.0,8,ef,2,250,0.00176219501490969
100.0,8,ef,2,275,0.0029325172904645434
100.0,8,ef,2,300,0.002366448820684329
100.0,8,ef,2,325,0.0024548960991069026
100.0,8,ef,2,350,0.003732995785907483
100.0,8,ef,2,375,0.0016137225673919498
100.0,8,ef,2,400,0.002601227184826663
100.0,8,ef,2,425,0.0030159792152204545
100.0,8,ef,2,450,0.0023795872230075728
100.0,8,ef,2,475,0.0032699212544141714
100.0,8,ef,2,500,0.0026636423889703853
100.0,8,ef,2,525,0.0022592308413006195
100.0,8,ef,2,550,0.0024309620186096386
100.0,8,ef,2,575,0.002345494108877182
100.0,8,ef,2,600,0.002514601961270831
100.0,8,ef,2,625,0.0024835504047641694
100.0,8,ef,2,650,0.0034754435890889724
100.0,8,ef,2,675,0.0029225046376281
100.0,8,ef,2,700,0.0035940462186955153
100.0,8,ef,2,725,0.002169891310698528
100.0,8,ef,2,750,0.0027355513312483097
100.0,8,ef,2,775,0.0027560299040350488
100.0,8,ef,2,800,0.002530153701938788
100.0,8,ef,2,825,0.0031424467814777333
100.0,8,ef,2,850,0.0034478915008545946
100.0,8,ef,2,875,0.0029224524959112017
100.0,8,ef,2,900,0.0023595718845222918
100.0,8,ef,2,925,0.0025171291447991626
100.0,8,ef,2,950,0.0032724832177839333
100.0,8,ef,2,975,0.0027173733179186197
100.0,8,ef,2,1000,0.0022856719675072358
100.0,8,ef,2,1025,0.002272119220877448
100.0,8,ef,2,1050,0.0019757621952036495
100.0,8,ef,2,1075,0.0027273687845063735
100.0,8,ef,2,1100,0.0025749078624422747
100.0,8,ef,2,1125,0.002171847660887818
100.0,8,ef,2,1150,0.003158917877783156
100.0,8,ef,2,1175,0.0018304438122421227
100.0,8,ef,2,1200,0.0027352365563255475
100.0,8,ef,2,1225,0.002547949779487293
100.0,8,ef,2,1250,0.002564302189812629
100.0,8,ef,2,1275,0.0022765345490400562
100.0,8,ef,2,1300,0.003274981879848599
100.0,8,ef,2,1325,0.0023069518602857877
100.0,8,ef,2,1350,0.0036323827289396894
100.0,8,ef,2,1375,0.0020757740484406823
100.0,8,ef,2,1400,0.002564623977799801
100.0,8,ef,2,1425,0.003241590379732036
100.0,8,ef,2,1450,0.0024932800755156264
100.0,8,ef,2,1475,0.002045536916648546
100.0,8,ef,2,1500,0.0035011235522250674
100.0,8,ef,2,1525,0.0016538264204422003
100.0,8,ef,2,1550,0.002717985975163761
100.0,8,ef,2,1575,0.0027285947927173835
100.0,8,ef,2,1600,0.002317494849488068
100.0,8,ef,2,1625,0.0027177296359314203
100.0,8,ef,2,1650,0.0028981719469227374
100.0,8,ef,2,1675,0.004371618161292069
100.0,8,ef,2,1700,0.002924381700849998
100.0,8,ef,2,1725,0.0028934536147243095
100.0,8,ef,2,1750,0.0027464060719467
100.0,8,ef,2,1775,0.00245188537977524
100.0,8,ef,2,1800,0.0019008729949216857
100.0,8,ef,2,1825,0.0029140465783388304
100.0,8,ef,2,1850,0.0019660331544168537
100.0,8,ef,2,1875,0.003320800331505211
100.0,8,ef,2,1900,0.0024634864829741654
100.0,8,ef,2,1925,0.0022671962414376997
100.0,8,ef,2,1950,0.002923735066093541
100.0,8,ef,2,1975,0.002526660380441449
100.0,8,ef,2,2000,0.0028922298965934827
100.0,8,ef,2,2025,0.0025118253302752786
100.0,8,ef,2,2050,0.0020397397781196777
100.0,8,ef,2,2075,0.002451076813081848
100.0,8,ef,2,2100,0.0016118383706368719
100.0,8,ef,2,2125,0.002036952729237215
100.0,8,ef,2,2150,0.0020303613745716958
100.0,8,ef,2,2175,0.0036774752247148903
100.0,8,ef,2,2200,0.002127436830967086
100.0,8,ef,2,2225,0.002170744388749891
100.0,8,ef,2,2250,0.0024136916644239164
100.0,8,ef,2,2275,0.0027712945609039644
100.0,8,ef,2,2300,0.0018796297590690614
100.0,8,ef,2,2325,0.0018107069582448641
100.0,8,ef,2,2350,0.0019136998538975202
100.0,8,ef,2,2375,0.002303154986672385
100.0,8,ef,2,2400,0.0032904444441124803
100.0,8,ef,2,2425,0.0025680479136233913
100.0,8,ef,2,2450,0.003991009177960591
100.0,8,ef,2,2475,0.004119573909704582
100.0,8,ef,2,2500,0.0023626880730172294
100.0,8,ef,2,2525,0.0023898244920178852
100.0,8,ef,2,2550,0.0032433582357480756
100.0,8,ef,2,2575,0.0018144151026164648
100.0,8,ef,2,2600,0.002208018009196751
100.0,8,ef,2,2625,0.0021874601267128477
100.0,8,ef,2,2650,0.002494790021003349
100.0,8,ef,2,2675,0.0022910434121024806
100.0,8,ef,2,2700,0.002704358785179905
100.0,8,ef,2,2725,0.0023013899852594045
100.0,8,ef,2,2750,0.002872057050617528
100.0,8,ef,2,2775,0.002694562892352615
100.0,8,ef,2,2800,0.003194621702467288
100.0,8,ef,2,2825,0.00313085791012399
100.0,8,ef,2,2850,0.002826014188516834
100.0,8,ef,2,2875,0.002580780207459794
100.0,8,ef,2,2900,0.0022957398299340227
100.0,8,ef,2,2925,0.003028043473489624
100.0,8,ef,2,2950,0.003299759840094325
100.0,8,ef,2,2975,0.0022768905055740897
100.0,8,ef,2,2999,0.0016490379259159716
100.0,6,rtn,0,0,0.32740229907816243
100.0,6,rtn,0,25,0.02705597645262029
100.0,6,rtn,0,50,0.0172382751444994
100.0,6,rtn,0,75,0.0172382751444994
100.0,6,rtn,0,100,0.0172382751444994
100.0,6,rtn,0,125,0.0172382751444994
100.0,6,rtn,0,150,0.0172382751444994
100.0,6,rtn,0,175,0.0172382751444994
100.0,6,rtn,0,200,0.0172382751444994
100.0,6,rtn,0,225,0.0172382751444994
100.0,6,rtn,0,250,0.0172382751444994
100.0,6,rtn,0,275,0.0172382751444994
100.0,6,rtn,0,300,0.0172382751444994
100.0,6,rtn,0,325,0.0172382751444994
100.0,6,rtn,0,350,0.0172382751444994
100.0,6,rtn,0,375,0.0172382751444994
100.0,6,rtn,0,400,0.0172382751444994
100.0,6,rtn,0,425,0.0172382751444994
100.0,6,rtn,0,450,0.0172382751444994
100.0,6,rtn,0,475,0.0172382751444994
100.0,6,rtn,0,500,0.0172382751444994
100.0,6,rtn,0,525,0.0172382751444994
100.0,6,rtn,0,550,0.0172382751444994
100.0,6,rtn,0,575,0.0172382751444994
100.0,6,rtn,0,600,0.0172382751444994
100.0,6,rtn,0,625,0.0172382751444994
100.0,6,rtn,0,650,0.0172382751444994
100.0,6,rtn,0,675,0.0172382751444994
100.0,6,rtn,0,700,0.0172382751444994
100.0,6,rtn,0,725,0.0172382751444994
100.0,6,rtn,0,750,0.0172382751444994
100.0,6,rtn,0,775,0.0172382751444994
100.0,6,rtn,0,800,0.0172382751444994
100.0,6,rtn,0,825,0.0172382751444994
100.0,6,rtn,0,850,0.0172382751444994
100.0,6,rtn,0,875,0.0172382751444994
100.0,6,rtn,0,900,0.0172382751444994
100.0,6,rtn,0,925,0.0172382751444994
100.0,6,rtn,0,950,0.0172382751444994
100.0,6,rtn,0,975,0.0172382751444994
100.0,6,rtn,0,1000,0.0172382751444994
100.0,6,rtn,0,1025,0.0172382751444994
100.0,6,rtn,0,1050,0.0172382751444994
100.0,6,rtn,0,1075,0.0172382751444994
100.0,6,rtn,0,1100,0.0172382751444994
100.0,6,rtn,0,1125,0.0172382751444994
100.0,6,rtn,0,1150,0.0172382751444994
100.0,6,rtn,0,1175,0.0172382751444994
100.0,6,rtn,0,1200,0.0172382751444994
100.0,6,rtn,0,1225,0.0172382751444994
100.0,6,rtn,0,1250,0.0172382751444994
100.0,6,rtn,0,1275,0.0172382751444994
100.0,6,rtn,0,1300,0.0172382751444994
100.0,6,rtn,0,1325,0.0172382751444994
100.0,6,rtn,0,1350,0.0172382751444994
100.0,6,rtn,0,1375,0.0172382751444994
100.0,6,rtn,0,1400,0.0172382751444994
100.0,6,rtn,0,1425,0.0172382751444994
100.0,6,rtn,0,1450,0.0172382751444994
100.0,6,rtn,0,1475,0.0172382751444994
100.0,6,rtn,0,1500,0.0172382751444994
100.0,6,rtn,0,1525,0.0172382751444994
100.0,6,rtn,0,1550,0.0172382751444994
100.0,6,rtn,0,1575,0.0172382751444994
100.0,6,rtn,0,1600,0.0172382751444994
100.0,6,rtn,0,1625,0.0172382751444994
100.0,6,rtn,0,1650,0.0172382751444994
100.0,6,rtn,0,1675,0.0172382751444994
100.0,6,rtn,0,1700,0.0172382751444994
100.0,6,rtn,0,1725,0.0172382751444994
100.0,6,rtn,0,1750,0.0172382751444994
100.0,6,rtn,0,1775,0.0172382751444994
100.0,6,rtn,0,1800,0.0172382751444994
100.0,6,rtn,0,1825,0.0172382751444994
100.0,6,rtn,0,1850,0.0172382751444994
100.0,6,rtn,0,1875,0.0172382751444994
100.0,6,rtn,0,1900,0.0172382751444994
100.0,6,rtn,0,1925,0.0172382751444994
100.0,6,rtn,0,1950,0.0172382751444994
100.0,6,rtn,0,1975,0.0172382751444994
100.0,6,rtn,0,2000,0.0172382751444994
100.0,6,rtn,0,2025,0.0172382751444994
100.0,6,rtn,0,2050,0.0172382751444994
100.0,6,rtn,0,2075,0.0172382751444994
100.0,6,rtn,0,2100,0.0172382751444994
100.0,6,rtn,0,2125,0.0172382751444994
100.0,6,rtn,0,2150,0.0172382751444994
100.0,6,rtn,0,2175,0.0172382751444994
100.0,6,rtn,0,2200,0.0172382751444994
100.0,6,rtn,0,2225,0.0172382751444994
100.0,6,rtn,0,2250,0.0172382751444994
100.0,6,rtn,0,2275,0.0172382751444994
100.0,6,rtn,0,2300,0.0172382751444994
100.0,6,rtn,0,2325,0.0172382751444994
100.0,6,rtn,0,2350,0.0172382751444994
100.0,6,rtn,0,2375,0.0172382751444994
100.0,6,rtn,0,2400,0.0172382751444994
100.0,6,rtn,0,2425,0.0172382751444994
100.0,6,rtn,0,2450,0.0172382751444994
100.0,6,rtn,0,2475,0.0172382751444994
100.0,6,rtn,0,2500,0.0172382751444994
100.0,6,rtn,0,2525,0.0172382751444994
100.0,6,rtn,0,2550,0.0172382751444994
100.0,6,rtn,0,2575,0.0172382751444994
100.0,6,rtn,0,2600,0.0172382751444994
100.0,6,rtn,0,2625,0.0172382751444994
100.0,6,rtn,0,2650,0.0172382751444994
100.0,6,rtn,0,2675,0.0172382751444994
100.0,6,rtn,0,2700,0.0172382751444994
100.0,6,rtn,0,2725,0.0172382751444994
100.0,6,rtn,0,2750,0.0172382751444994
100.0,6,rtn,0,2775,0.0172382751444994
100.0,6,rtn,0,2800,0.0172382751444994
100.0,6,rtn,0,2825,0.0172382751444994
100.0,6,rtn,0,2850,0.0172382751444994
100.0,6,rtn,0,2875,0.0172382751444994
100.0,6,rtn,0,2900,0.0172382751444994
100.0,6,rtn,0,2925,0.0172382751444994
100.0,6,rtn,0,2950,0.0172382751444994
100.0,6,rtn,0,2975,0.0172382751444994
100.0,6,rtn,0,2999,0.0172382751444994
100.0,6,rtn,1,0,0.32740229907816243
100.0,6,rtn,1,25,0.02705597645262029
100.0,6,rtn,1,50,0.0172382751444994
100.0,6,rtn,1,75,0.0172382751444994
100.0,6,rtn,1,100,0.0172382751444994
100.0,6,rtn,1,125,0.0172382751444994
100.0,6,rtn,1,150,0.0172382751444994
100.0,6,rtn,1,175,0.0172382751444994
100.0,6,rtn,1,200,0.0172382751444994
100.0,6,rtn,1,225,0.0172382751444994
100.0,6,rtn,1,250,0.0172382751444994
100.0,6,rtn,1,275,0.0172382751444994
100.0,6,rtn,1,300,0.0172382751444994
100.0,6,rtn,1,325,0.0172382751444994
100.0,6,rtn,1,350,0.0172382751444994
100.0,6,rtn,1,375,0.0172382751444994
100.0,6,rtn,1,400,0.0172382751444994
100.0,6,rtn,1,425,0.0172382751444994
100.0,6,rtn,1,450,0.0172382751444994
100.0,6,rtn,1,475,0.0172382751444994
100.0,6,rtn,1,500,0.0172382751444994
100.0,6,rtn,1,525,0.0172382751444994
100.0,6,rtn,1,550,0.0172382751444994
100.0,6,rtn,1,575,0.0172382751444994
100.0,6,rtn,1,600,0.0172382751444994
100.0,6,rtn,1,625,0.0172382751444994
100.0,6,rtn,1,650,0.0172382751444994
100.0,6,rtn,1,675,0.0172382751444994
100.0,6,rtn,1,700,0.0172382751444994
100.0,6,rtn,1,725,0.0172382751444994
100.0,6,rtn,1,750,0.0172382751444994
100.0,6,rtn,1,775,0.0172382751444994
100.0,6,rtn,1,800,0.0172382751444994
100.0,6,rtn,1,825,0.0172382751444994
100.0,6,rtn,1,850,0.0172382751444994
100.0,6,rtn,1,875,0.0172382751444994
100.0,6,rtn,1,900,0.0172382751444994
100.0,6,rtn,1,925,0.0172382751444994
100.0,6,rtn,1,950,0.0172382751444994
100.0,6,rtn,1,975,0.0172382751444994
100.0,6,rtn,1,1000,0.0172382751444994
100.0,6,rtn,1,1025,0.0172382751444994
100.0,6,rtn,1,1050,0.0172382751444994
100.0,6,rtn,1,1075,0.0172382751444994
100.0,6,rtn,1,1100,0.0172382751444994
100.0,6,rtn,1,1125,0.0172382751444994
100.0,6,rtn,1,1150,0.0172382751444994
100.0,6,rtn,1,1175,0.0172382751444994
100.0,6,rtn,1,1200,0.0172382751444994
100.0,6,rtn,1,1225,0.0172382751444994
100.0,6,rtn,1,1250,0.0172382751444994
100.0,6,rtn,1,1275,0.0172382751444994
100.0,6,rtn,1,1300,0.0172382751444994
100.0,6,rtn,1,1325,0.0172382751444994
100.0,6,rtn,1,1350,0.0172382751444994
100.0,6,rtn,1,1375,0.0172382751444994
100.0,6,rtn,1,1400,0.0172382751444994
100.0,6,rtn,1,1425,0.0172382751444994
100.0,6,rtn,1,1450,0.0172382751444994
100.0,6,rtn,1,1475,0.0172382751444994
100.0,6,rtn,1,1500,0.0172382751444994
100.0,6,rtn,1,1525,0.0172382751444994
100.0,6,rtn,1,1550,0.0172382751444994
100.0,6,rtn,1,1575,0.0172382751444994
100.0,6,rtn,1,1600,0.0172382751444994
100.0,6,rtn,1,1625,0.0172382751444994
100.0,6,rtn,1,1650,0.0172382751444994
100.0,6,rtn,1,1675,0.0172382751444994
100.0,6,rtn,1,1700,0.0172382751444994
100.0,6,rtn,1,1725,0.0172382751444994
100.0,6,rtn,1,1750,0.0172382751444994
100.0,6,rtn,1,1775,0.0172382751444994
100.0,6,rtn,1,1800,0.0172382751444994
100.0,6,rtn,1,1825,0.0172382751444994
100.0,6,rtn,1,1850,0.0172382751444994
100.0,6,rtn,1,1875,0.0172382751444994
100.0,6,rtn,1,1900,0.0172382751444994
100.0,6,rtn,1,1925,0.0172382751444994
100.0,6,rtn,1,1950,0.0172382751444994
100.0,6,rtn,1,1975,0.0172382751444994
100.0,6,rtn,1,2000,0.0172382751444994
100.0,6,rtn,1,2025,0.0172382751444994
100.0,6,rtn,1,2050,0.0172382751444994
100.0,6,rtn,1,2075,0.0172382751444994
100.0,6,rtn,1,2100,0.0172382751444994
100.0,6,rtn,1,2125,0.0172382751444994
100.0,6,rtn,1,2150,0.0172382751444994
100.0,6,rtn,1,2175,0.0172382751444994
100.0,6,rtn,1,2200,0.0172382751444994
100.0,6,rtn,1,2225,0.0172382751444994
100.0,6,rtn,1,2250,0.0172382751444994
100.0,6,rtn,1,2275,0.0172382751444994
100.0,6,rtn,1,2300,0.0172382751444994
100.0,6,rtn,1,2325,0.0172382751444994
100.0,6,rtn,1,2350,0.0172382751444994
100.0,6,rtn,1,2375,0.0172382751444994
100.0,6,rtn,1,2400,0.0172382751444994
100.0,6,rtn,1,2425,0.0172382751444994
100.0,6,rtn,1,2450,0.0172382751444994
100.0,6,rtn,1,2475,0.0172382751444994
100.0,6,rtn,1,2500,0.0172382751444994
100.0,6,rtn,1,2525,0.0172382751444994
100.0,6,rtn,1,2550,0.0172382751444994
100.0,6,rtn,1,2575,0.0172382751444994
100.0,6,rtn,1,2600,0.0172382751444994
100.0,6,rtn,1,2625,0.0172382751444994
100.0,6,rtn,1,2650,0.0172382751444994
100.0,6,rtn,1,2675,0.0172382751444994
100.0,6,rtn,1,2700,0.0172382751444994
100.0,6,rtn,1,2725,0.0172382751444994
100.0,6,rtn,1,2750,0.0172382751444994
100.0,6,rtn,1,2775,0.0172382751444994
100.0,6,rtn,1,2800,0.0172382751444994
100.0,6,rtn,1,2825,0.0172382751444994
100.0,6,rtn,1,2850,0.0172382751444994
100.0,6,rtn,1,2875,0.0172382751444994
100.0,6,rtn,1,2900,0.0172382751444994
100.0,6,rtn,1,2925,0.0172382751444994
100.0,6,rtn,1,2950,0.0172382751444994
100.0,6,rtn,1,2975,0.0172382751444994
100.0,6,rtn,1,2999,0.0172382751444994
100.0,6,rtn,2,0,0.32740229907816243
100.0,6,rtn,2,25,0.02705597645262029
100.0,6,rtn,2,50,0.0172382751444994
100.0,6,rtn,2,75,0.0172382751444994
100.0,6,rtn,2,100,0.0172382751444994
100.0,6,rtn,2,125,0.0172382751444994
100.0,6,rtn,2,150,0.0172382751444994
100.0,6,rtn,2,175,0.0172382751444994
100.0,6,rtn,2,200,0.0172382751444994
100.0,6,rtn,2,225,0.0172382751444994
100.0,6,rtn,2,250,0.0172382751444994
100.0,6,rtn,2,275,0.0172382751444994
100.0,6,rtn,2,300,0.0172382751444994
100.0,6,rtn,2,325,0.0172382751444994
100.0,6,rtn,2,350,0.0172382751444994
100.0,6,rtn,2,375,0.0172382751444994
100.0,6,rtn,2,400,0.0172382751444994
100.0,6,rtn,2,425,0.0172382751444994
100.0,6,rtn,2,450,0.0172382751444994
100.0,6,rtn,2,475,0.0172382751444994
100.0,6,rtn,2,500,0.0172382751444994
100.0,6,rtn,2,525,0.0172382751444994
100.0,6,rtn,2,550,0.0172382751444994
100.0,6,rtn,2,575,0.0172382751444994
100.0,6,rtn,2,600,0.0172382751444994
100.0,6,rtn,2,625,0.0172382751444994
100.0,6,rtn,2,650,0.0172382751444994
100.0,6,rtn,2,675,0.0172382751444994
100.0,6,rtn,2,700,0.0172382751444994
100.0,6,rtn,2,725,0.0172382751444994
100.0,6,rtn,2,750,0.0172382751444994
100.0,6,rtn,2,775,0.0172382751444994
100.0,6,rtn,2,800,0.0172382751444994
100.0,6,rtn,2,825,0.0172382751444994
100.0,6,rtn,2,850,0.0172382751444994
100.0,6,rtn,2,875,0.0172382751444994
100.0,6,rtn,2,900,0.0172382751444994
100.0,6,rtn,2,925,0.0172382751444994
100.0,6,rtn,2,950,0.0172382751444994
100.0,6,rtn,2,975,0.0172382751444994
100.0,6,rtn,2,1000,0.0172382751444994
100.0,6,rtn,2,1025,0.0172382751444994
100.0,6,rtn,2,1050,0.0172382751444994
100.0,6,rtn,2,1075,0.0172382751444994
100.0,6,rtn,2,1100,0.0172382751444994
100.0,6,rtn,2,1125,0.0172382751444994
100.0,6,rtn,2,1150,0.0172382751444994
100.0,6,rtn,2,1175,0.0172382751444994
100.0,6,rtn,2,1200,0.0172382751444994
100.0,6,rtn,2,1225,0.0172382751444994
100.0,6,rtn,2,1250,0.0172382751444994
100.0,6,rtn,2,1275,0.0172382751444994
100.0,6,rtn,2,1300,0.0172382751444994
100.0,6,rtn,2,1325,0.0172382751444994
100.0,6,rtn,2,1350,0.0172382751444994
100.0,6,rtn,2,1375,0.0172382751444994
100.0,6,rtn,2,1400,0.0172382751444994
100.0,6,rtn,2,1425,0.0172382751444994
100.0,6,rtn,2,1450,0.0172382751444994
100.0,6,rtn,2,1475,0.0172382751444994
100.0,6,rtn,2,1500,0.0172382751444994
100.0,6,rtn,2,1525,0.0172382751444994
100.0,6,rtn,2,1550,0.0172382751444994
100.0,6,rtn,2,1575,0.0172382751444994
100.0,6,rtn,2,1600,0.0172382751444994
100.0,6,rtn,2,1625,0.0172382751444994
100.0,6,rtn,2,1650,0.0172382751444994
100.0,6,rtn,2,1675,0.0172382751444994
100.0,6,rtn,2,1700,0.0172382751444994
100.0,6,rtn,2,1725,0.0172382751444994
100.0,6,rtn,2,1750,0.0172382751444994
100.0,6,rtn,2,1775,0.0172382751444994
100.0,6,rtn,2,1800,0.0172382751444994
100.0,6,rtn,2,1825,0.0172382751444994
100.0,6,rtn,2,1850,0.0172382751444994
100.0,6,rtn,2,1875,0.0172382751444994
100.0,6,rtn,2,1900,0.0172382751444994
100.0,6,rtn,2,1925,0.0172382751444994
100.0,6,rtn,2,1950,0.0172382751444994
100.0,6,rtn,2,1975,0.0172382751444994
100.0,6,rtn,2,2000,0.0172382751444994
100.0,6,rtn,2,2025,0.0172382751444994
100.0,6,rtn,2,2050,0.0172382751444994
100.0,6,rtn,2,2075,0.0172382751444994
100.0,6,rtn,2,2100,0.0172382751444994
100.0,6,rtn,2,2125,0.0172382751444994
100.0,6,rtn,2,2150,0.0172382751444994
100.0,6,rtn,2,2175,0.0172382751444994
100.0,6,rtn,2,2200,0.0172382751444994
100.0,6,rtn,2,2225,0.0172382751444994
100.0,6,rtn,2,2250,0.0172382751444994
100.0,6,rtn,2,2275,0.0172382751444994
100.0,6,rtn,2,2300,0.0172382751444994
100.0,6,rtn,2,2325,0.0172382751444994
100.0,6,rtn,2,2350,0.0172382751444994
100.0,6,rtn,2,2375,0.0172382751444994
100.0,6,rtn,2,2400,0.0172382751444994
100.0,6,rtn,2,2425,0.0172382751444994
100.0,6,rtn,2,2450,0.0172382751444994
100.0,6,rtn,2,2475,0.0172382751444994
100.0,6,rtn,2,2500,0.0172382751444994
100.0,6,rtn,2,2525,0.0172382751444994
100.0,6,rtn,2,2550,0.0172382751444994
100.0,6,rtn,2,2575,0.0172382751444994
100.0,6,rtn,2,2600,0.0172382751444994
100.0,6,rtn,2,2625,0.0172382751444994
100.0,6,rtn,2,2650,0.0172382751444994
100.0,6,rtn,2,2675,0.0172382751444994
100.0,6,rtn,2,2700,0.0172382751444994
100.0,6,rtn,2,2725,0.0172382751444994
100.0,6,rtn,2,2750,0.0172382751444994
100.0,6,rtn,2,2775,0.0172382751444994
100.0,6,rtn,2,2800,0.0172382751444994
100.0,6,rtn,2,2825,0.0172382751444994
100.0,6,rtn,2,2850,0.0172382751444994
100.0,6,rtn,2,2875,0.0172382751444994
100.0,6,rtn,2,2900,0.0172382751444994
100.0,6,rtn,2,2925,0.0172382751444994
100.0,6,rtn,2,2950,0.0172382751444994
100.0,6,rtn,2,2975,0.0172382751444994
100.0,6,rtn,2,2999,0.0172382751444994
100.0,6,sr,0,0,0.33619825618571464
100.0,6,sr,0,25,0.033044583422125136
100.0,6,sr,0,50,0.028941479669450352
100.0,6,sr,0,75,0.029155826316439096
100.0,6,sr,0,100,0.03537700697980613
100.0,6,sr,0,125,0.030962375427859897
100.0,6,sr,0,150,0.029913522232785913
100.0,6,sr,0,175,0.02371770808266413
100.0,6,sr,0,200,0.02535067360936008
100.0,6,sr,0,225,0.023371164721444102
100.0,6,sr,0,250,0.026084042223823645
100.0,6,sr,0,275,0.03446270868767496
100.0,6,sr,0,300,0.02833809333197533
100.0,6,sr,0,325,0.028828349437260443
100.0,6,sr,0,350,0.026335757755118823
100.0,6,sr,0,375,0.03126661076059149
100.0,6,sr,0,400,0.028832039464159905
100.0,6,sr,0,425,0.029167676932664154
100.0,6,sr,0,450,0.027038261247073692
100.0,6,sr,0,475,0.027527850764246905
100.0,6,sr,0,500,0.028735791520847993
100.0,6,sr,0,525,0.027578858665876716
100.0,6,sr,0,550,0.028732482178904905
100.0,6,sr,0,575,0.031112407780272095
100.0,6,sr,0,600,0.031262221406389956
100.0,6,sr,0,625,0.03429963406857354
100.0,6,sr,0,650,0.028315840568823136
100.0,6,sr,0,675,0.027691609037706517
100.0,6,sr,0,700,0.02685023654730875
100.0,6,sr,0,725,0.030221081479113465
100.0,6,sr,0,750,0.027902627919425053
100.0,6,sr,0,775,0.027423281030115487
100.0,6,sr,0,800,0.028433788867973472
100.0,6,sr,0,825,0.019243688367321224
100.0,6,sr,0,850,0.026815123744178757
100.0,6,sr,0,875,0.025353577332841014
100.0,6,sr,0,900,0.02271634862503322
100.0,6,sr,0,925,0.02174011715357947
100.0,6,sr,0,950,0.025778274322137723
100.0,6,sr,0,975,0.02732313564413908
100.0,6,sr,0,1000,0.028484379156433974
100.0,6,sr,0,1025,0.02804617130006823
100.0,6,sr,0,1050,0.028716836738073397
100.0,6,sr,0,1075,0.026484398541579524
100.0,6,sr,0,1100,0.03473470966835177
100.0,6,sr,0,1125,0.030723393001139094
100.0,6,sr,0,1150,0.03212224259689426
100.0,6,sr,0,1175,0.02934917647510215
100.0,6,sr,0,1200,0.027714084039789904
100.0,6,sr,0,1225,0.024137073909676173
100.0,6,sr,0,1250,0.024975190458498116
100.0,6,sr,0,1275,0.03177930718697034
100.0,6,sr,0,1300,0.027084244715896717
100.0,6,sr,0,1325,0.02783030074162369
100.0,6,sr,0,1350,0.020936121992064665
100.0,6,sr,0,1375,0.03260980087369647
100.0,6,sr,0,1400,0.035207161195425406
100.0,6,sr,0,1425,0.03171742338510059
100.0,6,sr,0,1450,0.03593449934907169
100.0,6,sr,0,1475,0.03343203232180056
100.0,6,sr,0,1500,0.027601567357672264
100.0,6,sr,0,1525,0.026431736721079648
100.0,6,sr,0,1550,0.03080553465711084
100.0,6,sr,0,1575,0.025322573988749753
100.0,6,sr,0,1600,0.02576662957075279
100.0,6,sr,0,1625,0.028702251017166593
100.0,6,sr,0,1650,0.024071881822623025
100.0,6,sr,0,1675,0.030113684727126014
100.0,6,sr,0,1700,0.03382283047812317
100.0,6,sr,0,1725,0.02852800843427034
100.0,6,sr,0,1750,0.02117679938948431
100.0,6,sr,0,1775,0.02365514350555564
100.0,6,sr,0,1800,0.032708497323788686
100.0,6,sr,0,1825,0.029003869460147123
100.0,6,sr,0,1850,0.026019062908801332
100.0,6,sr,0,1875,0.024645089724706727
100.0,6,sr,0,1900,0.02526932024226376
100.0,6,sr,0,1925,0.03438926354076706
100.0,6,sr,0,1950,0.033424704422612715
100.0,6,sr,0,1975,0.025903881640221435
100.0,6,sr,0,2000,0.024341118289580747
100.0,6,sr,0,2025,0.026510526906255064
100.0,6,sr,0,2050,0.0336976621303428
100.0,6,sr,0,2075,0.029944819748355795
100.0,6,sr,0,2100,0.03144474620844797
100.0,6,sr,0,2125,0.027142232100033928
100.0,6,sr,0,2150,0.039370256539429827
100.0,6,sr,0,2175,0.02959005790354431
100.0,6,sr,0,2200,0.02791169220185818
100.0,6,sr,0,2225,0.02588211433811995
100.0,6,sr,0,2250,0.0258719466911516
100.0,6,sr,0,2275,0.026378409836406422
100.0,6,sr,0,2300,0.03308727319885204
100.0,6,sr,0,2325,0.02633672171525466
100.0,6,sr,0,2350,0.024710176713278457
100.0,6,sr,0,2375,0.03014161849979999
100.0,6,sr,0,2400,0.02411298172539878
100.0,6,sr,0,2425,0.021663551002511404
100.0,6,sr,0,2450,0.026997515127938507
100.0,6,sr,0,2475,0.02287520622797788
100.0,6,sr,0,2500,0.024264391910649837
100.0,6,sr,0,2525,0.023677759846523712
100.0,6,sr,0,2550,0.027031034664770005
100.0,6,sr,0,2575,0.028464571287428884
100.0,6,sr,0,2600,0.028618621945322557
100.0,6,sr,0,2625,0.024698502931519154
100.0,6,sr,0,2650,0.025881069603596346
100.0,6,sr,0,2675,0.030557576446013465
100.0,6,sr,0,2700,0.02558222896593079
100.0,6,sr,0,2725,0.02797734211164877
100.0,6,sr,0,2750,0.03401876428218079
100.0,6,sr,0,2775,0.0263662192683861
100.0,6,sr,0,2800,0.028126099363415938
100.0,6,sr,0,2825,0.02195884766750898
100.0,6,sr,0,2850,0.026719699416922822
100.0,6,sr,0,2875,0.032575204702590885
100.0,6,sr,0,2900,0.024265846124795765
100.0,6,sr,0,2925,0.02070371944811768
100.0,6,sr,0,2950,0.02623442252824672
100.0,6,sr,0,2975,0.025744073843799942
100.0,6,sr,0,2999,0.02509531779666676
100.0,6,sr,1,0,0.342777784646079
100.0,6,sr,1,25,0.0345259873495208
100.0,6,sr,1,50,0.029188406698776863
100.0,6,sr,1,75,0.032409925173205886
100.0,6,sr,1,100,0.03171136259582257
100.0,6,sr,1,125,0.022408929159107152
100.0,6,sr,1,150,0.023306968364632252
100.0,6,sr,1,175,0.028305624788703646
100.0,6,sr,1,200,0.030740097709582435
100.0,6,sr,1,225,0.029445165063542052
100.0,6,sr,1,250,0.032576381051189485
100.0,6,sr,1,275,0.03594642964908922
100.0,6,sr,1,300,0.027525491230043903
100.0,6,sr,1,325,0.029233473102703404
100.0,6,sr,1,350,0.025734694925152308
100.0,6,sr,1,375,0.025418159262205427
100.0,6,sr,1,400,0.02505869849968206
100.0,6,sr,1,425,0.027359123944564582
100.0,6,sr,1,450,0.029036047544752825
100.0,6,sr,1,475,0.025324464004383627
100.0,6,sr,1,500,0.026117153528692545
100.0,6,sr,1,525,0.025132008226138692
100.0,6,sr,1,550,0.03214451161437624
100.0,6,sr,1,575,0.02612530236284885
100.0,6,sr,1,600,0.02494969161160012
100.0,6,sr,1,625,0.031184845168690384
100.0,6,sr,1,650,0.028086928302555964
100.0,6,sr,1,675,0.029692610883505565
100.0,6,sr,1,700,0.031104910429177988
100.0,6,sr,1,725,0.02457641424320653
100.0,6,sr,1,750,0.033842309202166104
100.0,6,sr,1,775,0.025992397294888944
100.0,6,sr,1,800,0.02205259788539819
100.0,6,sr,1,825,0.029372241217456217
100.0,6,sr,1,850,0.023857407279049118
100.0,6,sr,1,875,0.025902057893379064
100.0,6,sr,1,900,0.022886710779137547
100.0,6,sr,1,925,0.026231859092340534
100.0,6,sr,1,950,0.02770613821688132
100.0,6,sr,1,975,0.026362546828504762
100.0,6,sr,1,1000,0.029274932837255182
100.0,6,sr,1,1025,0.03721043571691931
100.0,6,sr,1,1050,0.027595170678356765
100.0,6,sr,1,1075,0.024942858441016943
100.0,6,sr,1,1100,0.024696356833478712
100.0,6,sr,1,1125,0.024921482723775094
100.0,6,sr,1,1150,0.03616070893745362
100.0,6,sr,1,1175,0.02876768745826936
100.0,6,sr,1,1200,0.025025896168259742
100.0,6,sr,1,1225,0.03435853881337751
100.0,6,sr,1,1250,0.026442007559049064
100.0,6,sr,1,1275,0.028568592906011214
100.0,6,sr,1,1300,0.022909981697221547
100.0,6,sr,1,1325,0.02771925671580605
100.0,6,sr,1,1350,0.031237976179450292
100.0,6,sr,1,1375,0.029333847925316705
100.0,6,sr,1,1400,0.029966247885859346
100.0,6,sr,1,1425,0.025354206108244563
100.0,6,sr,1,1450,0.024398682781290714
100.0,6,sr,1,1475,0.028370926670464203
100.0,6,sr,1,1500,0.020421039521197813
100.0,6,sr,1,1525,0.024691888721845537
100.0,6,sr,1,1550,0.02660451174283955
100.0,6,sr,1,1575,0.019512992530632697
100.0,6,sr,1,1600,0.025642567576996053
100.0,6,sr,1,1625,0.023566107317978157
100.0,6,sr,1,1650,0.026094120273739578
100.0,6,sr,1,1675,0.032342695720680166
100.0,6,sr,1,1700,0.0324433508035458
100.0,6,sr,1,1725,0.031575485419903106
100.0,6,sr,1,1750,0.026111948782330002
100.0,6,sr,1,1775,0.02867256934096585
100.0,6,sr,1,1800,0.025607265424160412
100.0,6,sr,1,1825,0.03793939938759207
100.0,6,sr,1,1850,0.028880361574121383
100.0,6,sr,1,1875,0.0339606024816881
100.0,6,sr,1,1900,0.026179533648870355
100.0,6,sr,1,1925,0.025904542148551733
100.0,6,sr,1,1950,0.027189107915291735
100.0,6,sr,1,1975,0.02945691668787769
100.0,6,sr,1,2000,0.035093598406640766
100.0,6,sr,1,2025,0.02797342932947039
100.0,6,sr,1,2050,0.02422015591730566
100.0,6,sr,1,2075,0.02329633082940088
100.0,6,sr,1,2100,0.031994107543199334
100.0,6,sr,1,2125,0.030180088532100347
100.0,6,sr,1,2150,0.024179197730756302
100.0,6,sr,1,2175,0.027527057298455664
100.0,6,sr,1,2200,0.02303435682526601
100.0,6,sr,1,2225,0.03148739586400268
100.0,6,sr,1,2250,0.02283183969734427
100.0,6,sr,1,2275,0.02709895970147833
100.0,6,sr,1,2300,0.029282862626559554
100.0,6,sr,1,2325,0.03289340381532768
100.0,6,sr,1,2350,0.02585498749173905
100.0,6,sr,1,2375,0.027738516796155018
100.0,6,sr,1,2400,0.026706490918135352
100.0,6,sr,1,2425,0.02496156394116444
100.0,6,sr,1,2450,0.030817891372855368
100.0,6,sr,1,2475,0.033649063343217905
100.0,6,sr,1,2500,0.0320057023147868
100.0,6,sr,1,2525,0.028451245217806058
100.0,6,sr,1,2550,0.028270836833555517
100.0,6,sr,1,2575,0.029194450468724428
100.0,6,sr,1,2600,0.028492350409693216
100.0,6,sr,1,2625,0.02936740720140956
100.0,6,sr,1,2650,0.02754801551758613
100.0,6,sr,1,2675,0.02419943636958466
100.0,6,sr,1,2700,0.026102566705184654
100.0,6,sr,1,2725,0.023898127087007445
100.0,6,sr,1,2750,0.02813482817831496
100.0,6,sr,1,2775,0.027833457182354842
100.0,6,sr,1,2800,0.031505035697119634
100.0,6,sr,1,2825,0.02884744320053328
100.0,6,sr,1,2850,0.024951888509047837
100.0,6,sr,1,2875,0.03175905825346612
100.0,6,sr,1,2900,0.0340453371238851
100.0,6,sr,1,2925,0.027353012883739623
100.0,6,sr,1,2950,0.02660736188704253
100.0,6,sr,1,2975,0.028905910019175737
100.0,6,sr,1,2999,0.024563116633513706
100.0,6,sr,2,0,0.336372378913431
100.0,6,sr,2,25,0.03872012800915051
100.0,6,sr,2,50,0.025456577064315932
100.0,6,sr,2,75,0.02879818665384425
100.0,6,sr,2,100,0.03000214176108021
100.0,6,sr,2,125,0.027318632040822508
100.0,6,sr,2,150,0.03396706503619408
100.0,6,sr,2,175,0.029244058366933487
100.0,6,sr,2,200,0.03176331299415164
100.0,6,sr,2,225,0.02951057242186934
100.0,6,sr,2,250,0.030338787465018304
100.0,6,sr,2,275,0.024369179877507103
100.0,6,sr,2,300,0.032385326098827355
100.0,6,sr,2,325,0.023540753019788935
100.0,6,sr,2,350,0.026716998210123372
100.0,6,sr,2,375,0.027884147375822232
100.0,6,sr,2,400,0.02170600647531686
100.0,6,sr,2,425,0.024791637504746222
100.0,6,sr,2,450,0.027688444355658256
100.0,6,sr,2,475,0.031992496990979995
100.0,6,sr,2,500,0.023077362756260197
100.0,6,sr,2,525,0.022260215377268664
100.0,6,sr,2,550,0.03099555421604969
100.0,6,sr,2,575,0.0356551675908482
100.0,6,sr,2,600,0.03057332726518151
100.0,6,sr,2,625,0.026510063117685976
100.0,6,sr,2,650,0.028597153985220045
100.0,6,sr,2,675,0.022891384846579658
100.0,6,sr,2,700,0.02348638128477042
100.0,6,sr,2,725,0.03133833358209457
100.0,6,sr,2,750,0.03854671789843451
100.0,6,sr,2,775,0.022848529100629657
100.0,6,sr,2,800,0.031527498905189896
100.0,6,sr,2,825,0.026039396786916018
100.0,6,sr,2,850,0.022941138279525677
100.0,6,sr,2,875,0.023965571251479963
100.0,6,sr,2,900,0.026093649261880885
100.0,6,sr,2,925,0.03460703666594677
100.0,6,sr,2,950,0.028089956533003287
100.0,6,sr,2,975,0.02526969018314738
100.0,6,sr,2,1000,0.02518442897680662
100.0,6,sr,2,1025,0.032630169492830825
100.0,6,sr,2,1050,0.02693920814825366
100.0,6,sr,2,1075,0.027027467334103394
100.0,6,sr,2,1100,0.029377844669667887
100.0,6,sr,2,1125,0.02810738589312254
100.0,6,sr,2,1150,0.02536976294223847
100.0,6,sr,2,1175,0.026789074885763094
100.0,6,sr,2,1200,0.028011613091523762
100.0,6,sr,2,1225,0.02693868314019723
100.0,6,sr,2,1250,0.02796713018056802
100.0,6,sr,2,1275,0.027669446794972737
100.0,6,sr,2,1300,0.03369094010940423
100.0,6,sr,2,1325,0.027046621249359134
100.0,6,sr,2,1350,0.02183388721784781
100.0,6,sr,2,1375,0.03150833017373718
100.0,6,sr,2,1400,0.02690370978725251
100.0,6,sr,2,1425,0.03823890041228315
100.0,6,sr,2,1450,0.03390960802775758
100.0,6,sr,2,1475,0.026477023490283885
100.0,6,sr,2,1500,0.03085424881344305
100.0,6,sr,2,1525,0.023947862913225343
100.0,6,sr,2,1550,0.025679368908972263
100.0,6,sr,2,1575,0.02891386979159789
100.0,6,sr,2,1600,0.031996718708414376
100.0,6,sr,2,1625,0.024707271617381683
100.0,6,sr,2,1650,0.023125687459735603
100.0,6,sr,2,1675,0.025153497060775624
100.0,6,sr,2,1700,0.02872938324700205
100.0,6,sr,2,1725,0.02299637204139094
100.0,6,sr,2,1750,0.024807012222389124
100.0,6,sr,2,1775,0.024693627454888945
100.0,6,sr,2,1800,0.028820987060899885
100.0,6,sr,2,1825,0.027113977377467742
100.0,6,sr,2,1850,0.030446378668809896
100.0,6,sr,2,1875,0.027009053528296207
100.0,6,sr,2,1900,0.024877022923512036
100.0,6,sr,2,1925,0.026731525470655843
100.0,6,sr,2,1950,0.023906133483010125
100.0,6,sr,2,1975,0.0250303919917316
100.0,6,sr,2,2000,0.028099336377405994
100.0,6,sr,2,2025,0.025199927783283678
100.0,6,sr,2,2050,0.020224350172976184
100.0,6,sr,2,2075,0.022528752150441467
100.0,6,sr,2,2100,0.02500600910491414
100.0,6,sr,2,2125,0.025560679068521212
100.0,6,sr,2,2150,0.032348877763698186
100.0,6,sr,2,2175,0.03634946278675654
100.0,6,sr,2,2200,0.03021004358692341
100.0,6,sr,2,2225,0.026638299065508894
100.0,6,sr,2,2250,0.02586913565195546
100.0,6,sr,2,2275,0.02459203737979594
100.0,6,sr,2,2300,0.02431569876522876
100.0,6,sr,2,2325,0.023061048026598766
100.0,6,sr,2,2350,0.02570756721153007
100.0,6,sr,2,2375,0.031812343285103635
100.0,6,sr,2,2400,0.02458120814221615
100.0,6,sr,2,2425,0.024805463627496856
100.0,6,sr,2,2450,0.026085840474495477
100.0,6,sr,2,2475,0.023542557981709827
100.0,6,sr,2,2500,0.02591826498070827
100.0,6,sr,2,2525,0.027929010724589302
100.0,6,sr,2,2550,0.02490950512498038
100.0,6,sr,2,2575,0.029024097040164565
100.0,6,sr,2,2600,0.028340383826822104
100.0,6,sr,2,2625,0.029178239436298974
100.0,6,sr,2,2650,0.030258847065586368
100.0,6,sr,2,2675,0.031595238068930484
100.0,6,sr,2,2700,0.027599520614928222
100.0,6,sr,2,2725,0.031195770923690188
100.0,6,sr,2,2750,0.03044824785416593
100.0,6,sr,2,2775,0.030163311254648488
100.0,6,sr,2,2800,0.0308037958289217
100.0,6,sr,2,2825,0.026125321753917942
100.0,6,sr,2,2850,0.025036059954417048
100.0,6,sr,2,2875,0.025553397016281263
100.0,6,sr,2,2900,0.027861731637364533
100.0,6,sr,2,2925,0.028520910548890988
100.0,6,sr,2,2950,0.027924621843156302
100.0,6,sr,2,2975,0.03004997399940057
100.0,6,sr,2,2999,0.024345740633172946
100.0,6,ef,0,0,0.32740229907816243
100.0,6,ef,0,25,0.04126260987638134
100.0,6,ef,0,50,0.03624903184346035
100.0,6,ef,0,75,0.03725113673384562
100.0,6,ef,0,100,0.04900695153928447
100.0,6,ef,0,125,0.05166391002833719
100.0,6,ef,0,150,0.059617004738619604
100.0,6,ef,0,175,0.04607753017979293
100.0,6,ef,0,200,0.040989732253199775
100.0,6,ef,0,225,0.047745550109629976
100.0,6,ef,0,250,0.050436424099363594
100.0,6,ef,0,275,0.062054119969301956
100.0,6,ef,0,300,0.057177108393278976
100.0,6,ef,0,325,0.03407310574933005
100.0,6,ef,0,350,0.04126510926119422
100.0,6,ef,0,375,0.04818680490134288
100.0,6,ef,0,400,0.046558131605781726
100.0,6,ef,0,425,0.06624702955698389
100.0,6,ef,0,450,0.055169059147941096
100.0,6,ef,0,475,0.05424316533800131
100.0,6,ef,0,500,0.041889954205937864
100.0,6,ef,0,525,0.04831550513309813
100.0,6,ef,0,550,0.03566177908031318
100.0,6,ef,0,575,0.03426123992060895
100.0,6,ef,0,600,0.056468917523358225
100.0,6,ef,0,625,0.047290218184242186
100.0,6,ef,0,650,0.03340387519900952
100.0,6,ef,0,675,0.03168131901631942
100.0,6,ef,0,700,0.044493530420544554
100.0,6,ef,0,725,0.04145982427658366
100.0,6,ef,0,750,0.041106874397899514
100.0,6,ef,0,775,0.04655377634555982
100.0,6,ef,0,800,0.042670418057593695
100.0,6,ef,0,825,0.03964396581342504
100.0,6,ef,0,850,0.04655931334215337
100.0,6,ef,0,875,0.04497734104790865
100.0,6,ef,0,900,0.03452443013557642
100.0,6,ef,0,925,0.04665531822680799
100.0,6,ef,0,950,0.04766003179047997
100.0,6,ef,0,975,0.04099926656682135
100.0,6,ef,0,1000,0.04479132541338884
100.0,6,ef,0,1025,0.06805792538263152
100.0,6,ef,0,1050,0.03780674433716442
100.0,6,ef,0,1075,0.03970864668854333
100.0,6,ef,0,1100,0.04139210160662411
100.0,6,ef,0,1125,0.04341278933622074
100.0,6,ef,0,1150,0.05112905706137503
100.0,6,ef,0,1175,0.034307934232340735
100.0,6,ef,0,1200,0.056259313036233896
100.0,6,ef,0,1225,0.05395553671082881
100.0,6,ef,0,1250,0.05547406696035181
100.0,6,ef,0,1275,0.0569785310558158
100.0,6,ef,0,1300,0.05766222326298645
100.0,6,ef,0,1325,0.04822583438478216
100.0,6,ef,0,1350,0.057240980403528464
100.0,6,ef,0,1375,0.07458991641699265
100.0,6,ef,0,1400,0.04218041230643352
100.0,6,ef,0,1425,0.0740529773554476
100.0,6,ef,0,1450,0.0628182008476686
100.0,6,ef,0,1475,0.07915275124712635
100.0,6,ef,0,1500,0.058060486761433806
100.0,6,ef,0,1525,0.036825116751296905
100.0,6,ef,0,1550,0.053396428113018035
100.0,6,ef,0,1575,0.06639404068716102
100.0,6,ef,0,1600,0.04740876598649058
100.0,6,ef,0,1625,0.04985453948469747
100.0,6,ef,0,1650,0.03635753476777608
100.0,6,ef,0,1675,0.03538865342459673
100.0,6,ef,0,1700,0.03833018858473967
100.0,6,ef,0,1725,0.05795808720676961
100.0,6,ef,0,1750,0.07538803894840412
100.0,6,ef,0,1775,0.032728938198269435
100.0,6,ef,0,1800,0.046329477679669225
100.0,6,ef,0,1825,0.05376153633607929
100.0,6,ef,0,1850,0.049209823274630644
100.0,6,ef,0,1875,0.042350272684540474
100.0,6,ef,0,1900,0.03476120112879416
100.0,6,ef,0,1925,0.04195609760921536
100.0,6,ef,0,1950,0.04052282537242414
100.0,6,ef,0,1975,0.04041872296339798
100.0,6,ef,0,2000,0.035558752854514014
100.0,6,ef,0,2025,0.049276254954392175
100.0,6,ef,0,2050,0.05082973389543343
100.0,6,ef,0,2075,0.054977409757262626
100.0,6,ef,0,2100,0.05145159285501703
100.0,6,ef,0,2125,0.04833559305371106
100.0,6,ef,0,2150,0.03198704788252929
100.0,6,ef,0,2175,0.04836918299529644
100.0,6,ef,0,2200,0.03681398991096113
100.0,6,ef,0,2225,0.04026449088111511
100.0,6,ef,0,2250,0.05571542781217935
100.0,6,ef,0,2275,0.08174528060315776
100.0,6,ef,0,2300,0.03306910572427902
100.0,6,ef,0,2325,0.05866818873262579
100.0,6,ef,0,2350,0.04651327701576515
100.0,6,ef,0,2375,0.053476753844462654
100.0,6,ef,0,2400,0.05742945278235063
100.0,6,ef,0,2425,0.03701574649010644
100.0,6,ef,0,2450,0.03467450922618944
100.0,6,ef,0,2475,0.056984389286352306
100.0,6,ef,0,2500,0.034895702296347385
100.0,6,ef,0,2525,0.05097064865454435
100.0,6,ef,0,2550,0.0343877402290778
100.0,6,ef,0,2575,0.032470725429322805
100.0,6,ef,0,2600,0.04629653894120867
100.0,6,ef,0,2625,0.04033185287785646
100.0,6,ef,0,2650,0.05131543667099068
100.0,6,ef,0,2675,0.0396843884020537
100.0,6,ef,0,2700,0.03786008618905401
100.0,6,ef,0,2725,0.05219381077706019
100.0,6,ef,0,2750,0.06611490933803733
100.0,6,ef,0,2775,0.05686112850652974
100.0,6,ef,0,2800,0.03670384304423757
100.0,6,ef,0,2825,0.031612399521386475
100.0,6,ef,0,2850,0.05247477425698714
100.0,6,ef,0,2875,0.05275200705133851
100.0,6,ef,0,2900,0.04411154797342956
100.0,6,ef,0,2925,0.05297146321168383
100.0,6,ef,0,2950,0.03731173052497151
100.0,6,ef,0,2975,0.04363102028628881
100.0,6,ef,0,2999,0.051782963968290636
100.0,6,ef,1,0,0.32740229907816243
100.0,6,ef,1,25,0.04126260987638134
100.0,6,ef,1,50,0.03624903184346035
100.0,6,ef,1,75,0.03725113673384562
100.0,6,ef,1,100,0.04900695153928447
100.0,6,ef,1,125,0.05166391002833719
100.0,6,ef,1,150,0.059617004738619604
100.0,6,ef,1,175,0.04607753017979293
100.0,6,ef,1,200,0.040989732253199775
100.0,6,ef,1,225,0.047745550109629976
100.0,6,ef,1,250,0.050436424099363594
100.0,6,ef,1,275,0.062054119969301956
100.0,6,ef,1,300,0.057177108393278976
100.0,6,ef,1,325,0.03407310574933005
100.0,6,ef,1,350,0.04126510926119422
100.0,6,ef,1,375,0.04818680490134288
100.0,6,ef,1,400,0.046558131605781726
100.0,6,ef,1,425,0.06624702955698389
100.0,6,ef,1,450,0.055169059147941096
100.0,6,ef,1,475,0.05424316533800131
100.0,6,ef,1,500,0.041889954205937864
100.0,6,ef,1,525,0.04831550513309813
100.0,6,ef,1,550,0.03566177908031318
100.0,6,ef,1,575,0.03426123992060895
100.0,6,ef,1,600,0.056468917523358225
100.0,6,ef,1,625,0.047290218184242186
100.0,6,ef,1,650,0.03340387519900952
100.0,6,ef,1,675,0.03168131901631942
100.0,6,ef,1,700,0.044493530420544554
100.0,6,ef,1,725,0.04145982427658366
100.0,6,ef,1,750,0.041106874397899514
100.0,6,ef,1,775,0.04655377634555982
100.0,6,ef,1,800,0.042670418057593695
100.0,6,ef,1,825,0.03964396581342504
100.0,6,ef,1,850,0.04655931334215337
100.0,6,ef,1,875,0.04497734104790865
100.0,6,ef,1,900,0.03452443013557642
100.0,6,ef,1,925,0.04665531822680799
100.0,6,ef,1,950,0.04766003179047997
100.0,6,ef,1,975,0.04099926656682135
100.0,6,ef,1,1000,0.04479132541338884
100.0,6,ef,1,1025,0.06805792538263152
100.0,6,ef,1,1050,0.03780674433716442
100.0,6,ef,1,1075,0.03970864668854333
100.0,6,ef,1,1100,0.04139210160662411
100.0,6,ef,1,1125,0.04341278933622074
100.0,6,ef,1,1150,0.05112905706137503
100.0,6,ef,1,1175,0.034307934232340735
100.0,6,ef,1,1200,0.056259313036233896
100.0,6,ef,1,1225,0.05395553671082881
100.0,6,ef,1,1250,0.05547406696035181
100.0,6,ef,1,1275,0.0569785310558158
100.0,6,ef,1,1300,0.05766222326298645
100.0,6,ef,1,1325,0.04822583438478216
100.0,6,ef,1,1350,0.057240980403528464
100.0,6,ef,1,1375,0.07458991641699265
100.0,6,ef,1,1400,0.04218041230643352
100.0,6,ef,1,1425,0.0740529773554476
100.0,6,ef,1,1450,0.0628182008476686
100.0,6,ef,1,1475,0.07915275124712635
100.0,6,ef,1,1500,0.058060486761433806
100.0,6,ef,1,1525,0.036825116751296905
100.0,6,ef,1,1550,0.053396428113018035
100.0,6,ef,1,1575,0.06639404068716102
100.0,6,ef,1,1600,0.04740876598649058
100.0,6,ef,1,1625,0.04985453948469747
100.0,6,ef,1,1650,0.03635753476777608
100.0,6,ef,1,1675,0.03538865342459673
100.0,6,ef,1,1700,0.03833018858473967
100.0,6,ef,1,1725,0.05795808720676961
100.0,6,ef,1,1750,0.07538803894840412
100.0,6,ef,1,1775,0.032728938198269435
100.0,6,ef,1,1800,0.046329477679669225
100.0,6,ef,1,1825,0.05376153633607929
100.0,6,ef,1,1850,0.049209823274630644
100.0,6,ef,1,1875,0.042350272684540474
100.0,6,ef,1,1900,0.03476120112879416
100.0,6,ef,1,1925,0.04195609760921536
100.0,6,ef,1,1950,0.04052282537242414
100.0,6,ef,1,1975,0.04041872296339798
100.0,6,ef,1,2000,0.035558752854514014
100.0,6,ef,1,2025,0.049276254954392175
100.0,6,ef,1,2050,0.05082973389543343
100.0,6,ef,1,2075,0.054977409757262626
100.0,6,ef,1,2100,0.05145159285501703
100.0,6,ef,1,2125,0.04833559305371106
100.0,6,ef,1,2150,0.03198704788252929
100.0,6,ef,1,2175,0.04836918299529644
100.0,6,ef,1,2200,0.03681398991096113
100.0,6,ef,1,2225,0.04026449088111511
100.0,6,ef,1,2250,0.05571542781217935
100.0,6,ef,1,2275,0.08174528060315776
100.0,6,ef,1,2300,0.03306910572427902
100.0,6,ef,1,2325,0.05866818873262579
100.0,6,ef,1,2350,0.04651327701576515
100.0,6,ef,1,2375,0.053476753844462654
100.0,6,ef,1,2400,0.05742945278235063
100.0,6,ef,1,2425,0.03701574649010644
100.0,6,ef,1,2450,0.03467450922618944
100.0,6,ef,1,2475,0.056984389286352306
100.0,6,ef,1,2500,0.034895702296347385
100.0,6,ef,1,2525,0.05097064865454435
100.0,6,ef,1,2550,0.0343877402290778
100.0,6,ef,1,2575,0.032470725429322805
100.0,6,ef,1,2600,0.04629653894120867
100.0,6,ef,1,2625,0.04033185287785646
100.0,6,ef,1,2650,0.05131543667099068
100.0,6,ef,1,2675,0.0396843884020537
100.0,6,ef,1,2700,0.03786008618905401
100.0,6,ef,1,2725,0.05219381077706019
100.0,6,ef,1,2750,0.06611490933803733
100.0,6,ef,1,2775,0.05686112850652974
100.0,6,ef,1,2800,0.03670384304423757
100.0,6,ef,1,2825,0.031612399521386475
100.0,6,ef,1,2850,0.05247477425698714
100.0,6,ef,1,2875,0.05275200705133851
100.0,6,ef,1,2900,0.04411154797342956
100.0,6,ef,1,2925,0.05297146321168383
100.0,6,ef,1,2950,0.03731173052497151
100.0,6,ef,1,2975,0.04363102028628881
100.0,6,ef,1,2999,0.051782963968290636
100.0,6,ef,2,0,0.32740229907816243
100.0,6,ef,2,25,0.04126260987638134
100.0,6,ef,2,50,0.03624903184346035
100.0,6,ef,2,75,0.03725113673384562
100.0,6,ef,2,100,0.04900695153928447
100.0,6,ef,2,125,0.05166391002833719
100.0,6,ef,2,150,0.059617004738619604
100.0,6,ef,2,175,0.04607753017979293
100.0,6,ef,2,200,0.040989732253199775
100.0,6,ef,2,225,0.047745550109629976
100.0,6,ef,2,250,0.050436424099363594
100.0,6,ef,2,275,0.062054119969301956
100.0,6,ef,2,300,0.057177108393278976
100.0,6,ef,2,325,0.03407310574933005
100.0,6,ef,2,350,0.04126510926119422
100.0,6,ef,2,375,0.04818680490134288
100.0,6,ef,2,400,0.046558131605781726
100.0,6,ef,2,425,0.06624702955698389
100.0,6,ef,2,450,0.055169059147941096
100.0,6,ef,2,475,0.05424316533800131
100.0,6,ef,2,500,0.041889954205937864
100.0,6,ef,2,525,0.04831550513309813
100.0,6,ef,2,550,0.03566177908031318
100.0,6,ef,2,575,0.03426123992060895
100.0,6,ef,2,600,0.056468917523358225
100.0,6,ef,2,625,0.047290218184242186
100.0,6,ef,2,650,0.03340387519900952
100.0,6,ef,2,675,0.03168131901631942
100.0,6,ef,2,700,0.044493530420544554
100.0,6,ef,2,725,0.04145982427658366
100.0,6,ef,2,750,0.041106874397899514
100.0,6,ef,2,775,0.04655377634555982
100.0,6,ef,2,800,0.042670418057593695
100.0,6,ef,2,825,0.03964396581342504
100.0,6,ef,2,850,0.04655931334215337
100.0,6,ef,2,875,0.04497734104790865
100.0,6,ef,2,900,0.03452443013557642
100.0,6,ef,2,925,0.04665531822680799
100.0,6,ef,2,950,0.04766003179047997
100.0,6,ef,2,975,0.04099926656682135
100.0,6,ef,2,1000,0.04479132541338884
100.0,6,ef,2,1025,0.06805792538263152
100.0,6,ef,2,1050,0.03780674433716442
100.0,6,ef,2,1075,0.03970864668854333
100.0,6,ef,2,1100,0.04139210160662411
100.0,6,ef,2,1125,0.04341278933622074
100.0,6,ef,2,1150,0.05112905706137503
100.0,6,ef,2,1175,0.034307934232340735
100.0,6,ef,2,1200,0.056259313036233896
100.0,6,ef,2,1225,0.05395553671082881
100.0,6,ef,2,1250,0.05547406696035181
100.0,6,ef,2,1275,0.0569785310558158
100.0,6,ef,2,1300,0.05766222326298645
100.0,6,ef,2,1325,0.04822583438478216
100.0,6,ef,2,1350,0.057240980403528464
100.0,6,ef,2,1375,0.07458991641699265
100.0,6,ef,2,1400,0.04218041230643352
100.0,6,ef,2,1425,0.0740529773554476
100.0,6,ef,2,1450,0.0628182008476686
100.0,6,ef,2,1475,0.07915275124712635
100.0,6,ef,2,1500,0.058060486761433806
100.0,6,ef,2,1525,0.036825116751296905
100.0,6,ef,2,1550,0.053396428113018035
100.0,6,ef,2,1575,0.06639404068716102
100.0,6,ef,2,1600,0.04740876598649058
100.0,6,ef,2,1625,0.04985453948469747
100.0,6,ef,2,1650,0.03635753476777608
100.0,6,ef,2,1675,0.03538865342459673
100.0,6,ef,2,1700,0.03833018858473967
100.0,6,ef,2,1725,0.05795808720676961
100.0,6,ef,2,1750,0.07538803894840412
100.0,6,ef,2,1775,0.032728938198269435
100.0,6,ef,2,1800,0.046329477679669225
100.0,6,ef,2,1825,0.05376153633607929
100.0,6,ef,2,1850,0.049209823274630644
100.0,6,ef,2,1875,0.042350272684540474
100.0,6,ef,2,1900,0.03476120112879416
100.0,6,ef,2,1925,0.04195609760921536
100.0,6,ef,2,1950,0.04052282537242414
100.0,6,ef,2,1975,0.04041872296339798
100.0,6,ef,2,2000,0.035558752854514014
100.0,6,ef,2,2025,0.049276254954392175
100.0,6,ef,2,2050,0.05082973389543343
100.0,6,ef,2,2075,0.054977409757262626
100.0,6,ef,2,2100,0.05145159285501703
100.0,6,ef,2,2125,0.04833559305371106
100.0,6,ef,2,2150,0.03198704788252929
100.0,6,ef,2,2175,0.04836918299529644
100.0,6,ef,2,2200,0.03681398991096113
100.0,6,ef,2,2225,0.04026449088111511
100.0,6,ef,2,2250,0.05571542781217935
100.0,6,ef,2,2275,0.08174528060315776
100.0,6,ef,2,2300,0.03306910572427902
100.0,6,ef,2,2325,0.05866818873262579
100.0,6,ef,2,2350,0.04651327701576515
100.0,6,ef,2,2375,0.053476753844462654
100.0,6,ef,2,2400,0.05742945278235063
100.0,6,ef,2,2425,0.03701574649010644
100.0,6,ef,2,2450,0.03467450922618944
100.0,6,ef,2,2475,0.056984389286352306
100.0,6,ef,2,2500,0.034895702296347385
100.0,6,ef,2,2525,0.05097064865454435
100.0,6,ef,2,2550,0.0343877402290778
100.0,6,ef,2,2575,0.032470725429322805
100.0,6,ef,2,2600,0.04629653894120867
100.0,6,ef,2,2625,0.04033185287785646
100.0,6,ef,2,2650,0.05131543667099068
100.0,6,ef,2,2675,0.0396843884020537
100.0,6,ef,2,2700,0.03786008618905401
100.0,6,ef,2,2725,0.05219381077706019
100.0,6,ef,2,2750,0.06611490933803733
100.0,6,ef,2,2775,0.05686112850652974
100.0,6,ef,2,2800,0.03670384304423757
100.0,6,ef,2,2825,0.031612399521386475
100.0,6,ef,2,2850,0.05247477425698714
100.0,6,ef,2,2875,0.05275200705133851
100.0,6,ef,2,2900,0.04411154797342956
100.0,6,ef,2,2925,0.05297146321168383
100.0,6,ef,2,2950,0.03731173052497151
100.0,6,ef,2,2975,0.04363102028628881
100.0,6,ef,2,2999,0.051782963968290636
100.0,4,rtn,0,0,0.42800712494161475
100.0,4,rtn,0,25,0.1944781595106022
100.0,4,rtn,0,50,0.1944781595106022
100.0,4,rtn,0,75,0.1944781595106022
100.0,4,rtn,0,100,0.1944781595106022
100.0,4,rtn,0,125,0.1944781595106022
100.0,4,rtn,0,150,0.1944781595106022
100.0,4,rtn,0,175,0.1944781595106022
100.0,4,rtn,0,200,0.1944781595106022
100.0,4,rtn,0,225,0.1944781595106022
100.0,4,rtn,0,250,0.1944781595106022
100.0,4,rtn,0,275,0.1944781595106022
100.0,4,rtn,0,300,0.1944781595106022
100.0,4,rtn,0,325,0.1944781595106022
100.0,4,rtn,0,350,0.1944781595106022
100.0,4,rtn,0,375,0.1944781595106022
100.0,4,rtn,0,400,0.1944781595106022
100.0,4,rtn,0,425,0.1944781595106022
100.0,4,rtn,0,450,0.1944781595106022
100.0,4,rtn,0,475,0.1944781595106022
100.0,4,rtn,0,500,0.1944781595106022
100.0,4,rtn,0,525,0.1944781595106022
100.0,4,rtn,0,550,0.1944781595106022
100.0,4,rtn,0,575,0.1944781595106022
100.0,4,rtn,0,600,0.1944781595106022
100.0,4,rtn,0,625,0.1944781595106022
100.0,4,rtn,0,650,0.1944781595106022
100.0,4,rtn,0,675,0.1944781595106022
100.0,4,rtn,0,700,0.1944781595106022
100.0,4,rtn,0,725,0.1944781595106022
100.0,4,rtn,0,750,0.1944781595106022
100.0,4,rtn,0,775,0.1944781595106022
100.0,4,rtn,0,800,0.1944781595106022
100.0,4,rtn,0,825,0.1944781595106022
100.0,4,rtn,0,850,0.1944781595106022
100.0,4,rtn,0,875,0.1944781595106022
100.0,4,rtn,0,900,0.1944781595106022
100.0,4,rtn,0,925,0.1944781595106022
100.0,4,rtn,0,950,0.1944781595106022
100.0,4,rtn,0,975,0.1944781595106022
100.0,4,rtn,0,1000,0.1944781595106022
100.0,4,rtn,0,1025,0.1944781595106022
100.0,4,rtn,0,1050,0.1944781595106022
100.0,4,rtn,0,1075,0.1944781595106022
100.0,4,rtn,0,1100,0.1944781595106022
100.0,4,rtn,0,1125,0.1944781595106022
100.0,4,rtn,0,1150,0.1944781595106022
100.0,4,rtn,0,1175,0.1944781595106022
100.0,4,rtn,0,1200,0.1944781595106022
100.0,4,rtn,0,1225,0.1944781595106022
100.0,4,rtn,0,1250,0.1944781595106022
100.0,4,rtn,0,1275,0.1944781595106022
100.0,4,rtn,0,1300,0.1944781595106022
100.0,4,rtn,0,1325,0.1944781595106022
100.0,4,rtn,0,1350,0.1944781595106022
100.0,4,rtn,0,1375,0.1944781595106022
100.0,4,rtn,0,1400,0.1944781595106022
100.0,4,rtn,0,1425,0.1944781595106022
100.0,4,rtn,0,1450,0.1944781595106022
100.0,4,rtn,0,1475,0.1944781595106022
100.0,4,rtn,0,1500,0.1944781595106022
100.0,4,rtn,0,1525,0.1944781595106022
100.0,4,rtn,0,1550,0.1944781595106022
100.0,4,rtn,0,1575,0.1944781595106022
100.0,4,rtn,0,1600,0.1944781595106022
100.0,4,rtn,0,1625,0.1944781595106022
100.0,4,rtn,0,1650,0.1944781595106022
100.0,4,rtn,0,1675,0.1944781595106022
100.0,4,rtn,0,1700,0.1944781595106022
100.0,4,rtn,0,1725,0.1944781595106022
100.0,4,rtn,0,1750,0.1944781595106022
100.0,4,rtn,0,1775,0.1944781595106022
100.0,4,rtn,0,1800,0.1944781595106022
100.0,4,rtn,0,1825,0.1944781595106022
100.0,4,rtn,0,1850,0.1944781595106022
100.0,4,rtn,0,1875,0.1944781595106022
100.0,4,rtn,0,1900,0.1944781595106022
100.0,4,rtn,0,1925,0.1944781595106022
100.0,4,rtn,0,1950,0.1944781595106022
100.0,4,rtn,0,1975,0.1944781595106022
100.0,4,rtn,0,2000,0.1944781595106022
100.0,4,rtn,0,2025,0.1944781595106022
100.0,4,rtn,0,2050,0.1944781595106022
100.0,4,rtn,0,2075,0.1944781595106022
100.0,4,rtn,0,2100,0.1944781595106022
100.0,4,rtn,0,2125,0.1944781595106022
100.0,4,rtn,0,2150,0.1944781595106022
100.0,4,rtn,0,2175,0.1944781595106022
100.0,4,rtn,0,2200,0.1944781595106022
100.0,4,rtn,0,2225,0.1944781595106022
100.0,4,rtn,0,2250,0.1944781595106022
100.0,4,rtn,0,2275,0.1944781595106022
100.0,4,rtn,0,2300,0.1944781595106022
100.0,4,rtn,0,2325,0.1944781595106022
100.0,4,rtn,0,2350,0.1944781595106022
100.0,4,rtn,0,2375,0.1944781595106022
100.0,4,rtn,0,2400,0.1944781595106022
100.0,4,rtn,0,2425,0.1944781595106022
100.0,4,rtn,0,2450,0.1944781595106022
100.0,4,rtn,0,2475,0.1944781595106022
100.0,4,rtn,0,2500,0.1944781595106022
100.0,4,rtn,0,2525,0.1944781595106022
100.0,4,rtn,0,2550,0.1944781595106022
100.0,4,rtn,0,2575,0.1944781595106022
100.0,4,rtn,0,2600,0.1944781595106022
100.0,4,rtn,0,2625,0.1944781595106022
100.0,4,rtn,0,2650,0.1944781595106022
100.0,4,rtn,0,2675,0.1944781595106022
100.0,4,rtn,0,2700,0.1944781595106022
100.0,4,rtn,0,2725,0.1944781595106022
100.0,4,rtn,0,2750,0.1944781595106022
100.0,4,rtn,0,2775,0.1944781595106022
100.0,4,rtn,0,2800,0.1944781595106022
100.0,4,rtn,0,2825,0.1944781595106022
100.0,4,rtn,0,2850,0.1944781595106022
100.0,4,rtn,0,2875,0.1944781595106022
100.0,4,rtn,0,2900,0.1944781595106022
100.0,4,rtn,0,2925,0.1944781595106022
100.0,4,rtn,0,2950,0.1944781595106022
100.0,4,rtn,0,2975,0.1944781595106022
100.0,4,rtn,0,2999,0.1944781595106022
100.0,4,rtn,1,0,0.42800712494161475
100.0,4,rtn,1,25,0.1944781595106022
100.0,4,rtn,1,50,0.1944781595106022
100.0,4,rtn,1,75,0.1944781595106022
100.0,4,rtn,1,100,0.1944781595106022
100.0,4,rtn,1,125,0.1944781595106022
100.0,4,rtn,1,150,0.1944781595106022
100.0,4,rtn,1,175,0.1944781595106022
100.0,4,rtn,1,200,0.1944781595106022
100.0,4,rtn,1,225,0.1944781595106022
100.0,4,rtn,1,250,0.1944781595106022
100.0,4,rtn,1,275,0.1944781595106022
100.0,4,rtn,1,300,0.1944781595106022
100.0,4,rtn,1,325,0.1944781595106022
100.0,4,rtn,1,350,0.1944781595106022
100.0,4,rtn,1,375,0.1944781595106022
100.0,4,rtn,1,400,0.1944781595106022
100.0,4,rtn,1,425,0.1944781595106022
100.0,4,rtn,1,450,0.1944781595106022
100.0,4,rtn,1,475,0.1944781595106022
100.0,4,rtn,1,500,0.1944781595106022
100.0,4,rtn,1,525,0.1944781595106022
100.0,4,rtn,1,550,0.1944781595106022
100.0,4,rtn,1,575,0.1944781595106022
100.0,4,rtn,1,600,0.1944781595106022
100.0,4,rtn,1,625,0.1944781595106022
100.0,4,rtn,1,650,0.1944781595106022
100.0,4,rtn,1,675,0.1944781595106022
100.0,4,rtn,1,700,0.1944781595106022
100.0,4,rtn,1,725,0.1944781595106022
100.0,4,rtn,1,750,0.1944781595106022
100.0,4,rtn,1,775,0.1944781595106022
100.0,4,rtn,1,800,0.1944781595106022
100.0,4,rtn,1,825,0.1944781595106022
100.0,4,rtn,1,850,0.1944781595106022
100.0,4,rtn,1,875,0.1944781595106022
100.0,4,rtn,1,900,0.1944781595106022
100.0,4,rtn,1,925,0.1944781595106022
100.0,4,rtn,1,950,0.1944781595106022
100.0,4,rtn,1,975,0.1944781595106022
100.0,4,rtn,1,1000,0.1944781595106022
100.0,4,rtn,1,1025,0.1944781595106022
100.0,4,rtn,1,1050,0.1944781595106022
100.0,4,rtn,1,1075,0.1944781595106022
100.0,4,rtn,1,1100,0.1944781595106022
100.0,4,rtn,1,1125,0.1944781595106022
100.0,4,rtn,1,1150,0.1944781595106022
100.0,4,rtn,1,1175,0.1944781595106022
100.0,4,rtn,1,1200,0.1944781595106022
100.0,4,rtn,1,1225,0.1944781595106022
100.0,4,rtn,1,1250,0.1944781595106022
100.0,4,rtn,1,1275,0.1944781595106022
100.0,4,rtn,1,1300,0.1944781595106022
100.0,4,rtn,1,1325,0.1944781595106022
100.0,4,rtn,1,1350,0.1944781595106022
100.0,4,rtn,1,1375,0.1944781595106022
100.0,4,rtn,1,1400,0.1944781595106022
100.0,4,rtn,1,1425,0.1944781595106022
100.0,4,rtn,1,1450,0.1944781595106022
100.0,4,rtn,1,1475,0.1944781595106022
100.0,4,rtn,1,1500,0.1944781595106022
100.0,4,rtn,1,1525,0.1944781595106022
100.0,4,rtn,1,1550,0.1944781595106022
100.0,4,rtn,1,1575,0.1944781595106022
100.0,4,rtn,1,1600,0.1944781595106022
100.0,4,rtn,1,1625,0.1944781595106022
100.0,4,rtn,1,1650,0.1944781595106022
100.0,4,rtn,1,1675,0.1944781595106022
100.0,4,rtn,1,1700,0.1944781595106022
100.0,4,rtn,1,1725,0.1944781595106022
100.0,4,rtn,1,1750,0.1944781595106022
100.0,4,rtn,1,1775,0.1944781595106022
100.0,4,rtn,1,1800,0.1944781595106022
100.0,4,rtn,1,1825,0.1944781595106022
100.0,4,rtn,1,1850,0.1944781595106022
100.0,4,rtn,1,1875,0.1944781595106022
100.0,4,rtn,1,1900,0.1944781595106022
100.0,4,rtn,1,1925,0.1944781595106022
100.0,4,rtn,1,1950,0.1944781595106022
100.0,4,rtn,1,1975,0.1944781595106022
100.0,4,rtn,1,2000,0.1944781595106022
100.0,4,rtn,1,2025,0.1944781595106022
100.0,4,rtn,1,2050,0.1944781595106022
100.0,4,rtn,1,2075,0.1944781595106022
100.0,4,rtn,1,2100,0.1944781595106022
100.0,4,rtn,1,2125,0.1944781595106022
100.0,4,rtn,1,2150,0.1944781595106022
100.0,4,rtn,1,2175,0.1944781595106022
100.0,4,rtn,1,2200,0.1944781595106022
100.0,4,rtn,1,2225,0.1944781595106022
100.0,4,rtn,1,2250,0.1944781595106022
100.0,4,rtn,1,2275,0.1944781595106022
100.0,4,rtn,1,2300,0.1944781595106022
100.0,4,rtn,1,2325,0.1944781595106022
100.0,4,rtn,1,2350,0.1944781595106022
100.0,4,rtn,1,2375,0.1944781595106022
100.0,4,rtn,1,2400,0.1944781595106022
100.0,4,rtn,1,2425,0.1944781595106022
100.0,4,rtn,1,2450,0.1944781595106022
100.0,4,rtn,1,2475,0.1944781595106022
100.0,4,rtn,1,2500,0.1944781595106022
100.0,4,rtn,1,2525,0.1944781595106022
100.0,4,rtn,1,2550,0.1944781595106022
100.0,4,rtn,1,2575,0.1944781595106022
100.0,4,rtn,1,2600,0.1944781595106022
100.0,4,rtn,1,2625,0.1944781595106022
100.0,4,rtn,1,2650,0.1944781595106022
100.0,4,rtn,1,2675,0.1944781595106022
100.0,4,rtn,1,2700,0.1944781595106022
100.0,4,rtn,1,2725,0.1944781595106022
100.0,4,rtn,1,2750,0.1944781595106022
100.0,4,rtn,1,2775,0.1944781595106022
100.0,4,rtn,1,2800,0.1944781595106022
100.0,4,rtn,1,2825,0.1944781595106022
100.0,4,rtn,1,2850,0.1944781595106022
100.0,4,rtn,1,2875,0.1944781595106022
100.0,4,rtn,1,2900,0.1944781595106022
100.0,4,rtn,1,2925,0.1944781595106022
100.0,4,rtn,1,2950,0.1944781595106022
100.0,4,rtn,1,2975,0.1944781595106022
100.0,4,rtn,1,2999,0.1944781595106022
100.0,4,rtn,2,0,0.42800712494161475
100.0,4,rtn,2,25,0.1944781595106022
100.0,4,rtn,2,50,0.1944781595106022
100.0,4,rtn,2,75,0.1944781595106022
100.0,4,rtn,2,100,0.1944781595106022
100.0,4,rtn,2,125,0.1944781595106022
100.0,4,rtn,2,150,0.1944781595106022
100.0,4,rtn,2,175,0.1944781595106022
100.0,4,rtn,2,200,0.1944781595106022
100.0,4,rtn,2,225,0.1944781595106022
100.0,4,rtn,2,250,0.1944781595106022
100.0,4,rtn,2,275,0.1944781595106022
100.0,4,rtn,2,300,0.1944781595106022
100.0,4,rtn,2,325,0.1944781595106022
100.0,4,rtn,2,350,0.1944781595106022
100.0,4,rtn,2,375,0.1944781595106022
100.0,4,rtn,2,400,0.1944781595106022
100.0,4,rtn,2,425,0.1944781595106022
100.0,4,rtn,2,450,0.1944781595106022
100.0,4,rtn,2,475,0.1944781595106022
100.0,4,rtn,2,500,0.1944781595106022
100.0,4,rtn,2,525,0.1944781595106022
100.0,4,rtn,2,550,0.1944781595106022
100.0,4,rtn,2,575,0.1944781595106022
100.0,4,rtn,2,600,0.1944781595106022
100.0,4,rtn,2,625,0.1944781595106022
100.0,4,rtn,2,650,0.1944781595106022
100.0,4,rtn,2,675,0.1944781595106022
100.0,4,rtn,2,700,0.1944781595106022
100.0,4,rtn,2,725,0.1944781595106022
100.0,4,rtn,2,750,0.1944781595106022
100.0,4,rtn,2,775,0.1944781595106022
100.0,4,rtn,2,800,0.1944781595106022
100.0,4,rtn,2,825,0.1944781595106022
100.0,4,rtn,2,850,0.1944781595106022
100.0,4,rtn,2,875,0.1944781595106022
100.0,4,rtn,2,900,0.1944781595106022
100.0,4,rtn,2,925,0.1944781595106022
100.0,4,rtn,2,950,0.1944781595106022
100.0,4,rtn,2,975,0.1944781595106022
100.0,4,rtn,2,1000,0.1944781595106022
100.0,4,rtn,2,1025,0.1944781595106022
100.0,4,rtn,2,1050,0.1944781595106022
100.0,4,rtn,2,1075,0.1944781595106022
100.0,4,rtn,2,1100,0.1944781595106022
100.0,4,rtn,2,1125,0.1944781595106022
100.0,4,rtn,2,1150,0.1944781595106022
100.0,4,rtn,2,1175,0.1944781595106022
100.0,4,rtn,2,1200,0.1944781595106022
100.0,4,rtn,2,1225,0.1944781595106022
100.0,4,rtn,2,1250,0.1944781595106022
100.0,4,rtn,2,1275,0.1944781595106022
100.0,4,rtn,2,1300,0.1944781595106022
100.0,4,rtn,2,1325,0.1944781595106022
100.0,4,rtn,2,1350,0.1944781595106022
100.0,4,rtn,2,1375,0.1944781595106022
100.0,4,rtn,2,1400,0.1944781595106022
100.0,4,rtn,2,1425,0.1944781595106022
100.0,4,rtn,2,1450,0.1944781595106022
100.0,4,rtn,2,1475,0.1944781595106022
100.0,4,rtn,2,1500,0.1944781595106022
100.0,4,rtn,2,1525,0.1944781595106022
100.0,4,rtn,2,1550,0.1944781595106022
100.0,4,rtn,2,1575,0.1944781595106022
100.0,4,rtn,2,1600,0.1944781595106022
100.0,4,rtn,2,1625,0.1944781595106022
100.0,4,rtn,2,1650,0.1944781595106022
100.0,4,rtn,2,1675,0.1944781595106022
100.0,4,rtn,2,1700,0.1944781595106022
100.0,4,rtn,2,1725,0.1944781595106022
100.0,4,rtn,2,1750,0.1944781595106022
100.0,4,rtn,2,1775,0.1944781595106022
100.0,4,rtn,2,1800,0.1944781595106022
100.0,4,rtn,2,1825,0.1944781595106022
100.0,4,rtn,2,1850,0.1944781595106022
100.0,4,rtn,2,1875,0.1944781595106022
100.0,4,rtn,2,1900,0.1944781595106022
100.0,4,rtn,2,1925,0.1944781595106022
100.0,4,rtn,2,1950,0.1944781595106022
100.0,4,rtn,2,1975,0.1944781595106022
100.0,4,rtn,2,2000,0.1944781595106022
100.0,4,rtn,2,2025,0.1944781595106022
100.0,4,rtn,2,2050,0.1944781595106022
100.0,4,rtn,2,2075,0.1944781595106022
100.0,4,rtn,2,2100,0.1944781595106022
100.0,4,rtn,2,2125,0.1944781595106022
100.0,4,rtn,2,2150,0.1944781595106022
100.0,4,rtn,2,2175,0.1944781595106022
100.0,4,rtn,2,2200,0.1944781595106022
100.0,4,rtn,2,2225,0.1944781595106022
100.0,4,rtn,2,2250,0.1944781595106022
100.0,4,rtn,2,2275,0.1944781595106022
100.0,4,rtn,2,2300,0.1944781595106022
100.0,4,rtn,2,2325,0.1944781595106022
100.0,4,rtn,2,2350,0.1944781595106022
100.0,4,rtn,2,2375,0.1944781595106022
100.0,4,rtn,2,2400,0.1944781595106022
100.0,4,rtn,2,2425,0.1944781595106022
100.0,4,rtn,2,2450,0.1944781595106022
100.0,4,rtn,2,2475,0.1944781595106022
100.0,4,rtn,2,2500,0.1944781595106022
100.0,4,rtn,2,2525,0.1944781595106022
100.0,4,rtn,2,2550,0.1944781595106022
100.0,4,rtn,2,2575,0.1944781595106022
100.0,4,rtn,2,2600,0.1944781595106022
100.0,4,rtn,2,2625,0.1944781595106022
100.0,4,rtn,2,2650,0.1944781595106022
100.0,4,rtn,2,2675,0.1944781595106022
100.0,4,rtn,2,2700,0.1944781595106022
100.0,4,rtn,2,2725,0.1944781595106022
100.0,4,rtn,2,2750,0.1944781595106022
100.0,4,rtn,2,2775,0.1944781595106022
100.0,4,rtn,2,2800,0.1944781595106022
100.0,4,rtn,2,2825,0.1944781595106022
100.0,4,rtn,2,2850,0.1944781595106022
100.0,4,rtn,2,2875,0.1944781595106022
100.0,4,rtn,2,2900,0.1944781595106022
100.0,4,rtn,2,2925,0.1944781595106022
100.0,4,rtn,2,2950,0.1944781595106022
100.0,4,rtn,2,2975,0.1944781595106022
100.0,4,rtn,2,2999,0.1944781595106022
100.0,4,sr,0,0,0.6022974374587216
100.0,4,sr,0,25,0.4960068415783182
100.0,4,sr,0,50,0.43941771683404124
100.0,4,sr,0,75,0.5210329964545312
100.0,4,sr,0,100,0.5168772415223029
100.0,4,sr,0,125,0.542067819643479
100.0,4,sr,0,150,0.5926487709191719
100.0,4,sr,0,175,0.524118858926731
100.0,4,sr,0,200,0.42497113270071396
100.0,4,sr,0,225,0.6261429286212826
100.0,4,sr,0,250,0.5273552480939783
100.0,4,sr,0,275,0.5892248606303055
100.0,4,sr,0,300,0.6228473847116508
100.0,4,sr,0,325,0.6367993998665733
100.0,4,sr,0,350,0.6610391270665757
100.0,4,sr,0,375,0.5359254187742023
100.0,4,sr,0,400,0.5670259078260993
100.0,4,sr,0,425,0.5008073545182341
100.0,4,sr,0,450,0.5906516988799413
100.0,4,sr,0,475,0.5210443809433348
100.0,4,sr,0,500,0.44310183761539157
100.0,4,sr,0,525,0.4465085397956934
100.0,4,sr,0,550,0.5467652769903198
100.0,4,sr,0,575,0.6124431246512797
100.0,4,sr,0,600,0.5850292421671232
100.0,4,sr,0,625,0.5549474100231895
100.0,4,sr,0,650,0.481800013546899
100.0,4,sr,0,675,0.5574701698953052
100.0,4,sr,0,700,0.5227412647314317
100.0,4,sr,0,725,0.5377878800283856
100.0,4,sr,0,750,0.4893164267042939
100.0,4,sr,0,775,0.5664761567669476
100.0,4,sr,0,800,0.5990276182107176
100.0,4,sr,0,825,0.5328404203492277
100.0,4,sr,0,850,0.5855236815699644
100.0,4,sr,0,875,0.5119116144749913
100.0,4,sr,0,900,0.5133290437684426
100.0,4,sr,0,925,0.4768640324743527
100.0,4,sr,0,950,0.5659903414204732
100.0,4,sr,0,975,0.6119259724984145
100.0,4,sr,0,1000,0.6090989312601517
100.0,4,sr,0,1025,0.456231183706926
100.0,4,sr,0,1050,0.5777760088210924
100.0,4,sr,0,1075,0.545674087301511
100.0,4,sr,0,1100,0.8328158216025064
100.0,4,sr,0,1125,0.559173015570577
100.0,4,sr,0,1150,0.4796628009997863
100.0,4,sr,0,1175,0.6586532422691014
100.0,4,sr,0,1200,0.6461200418242756
100.0,4,sr,0,1225,0.6532440928261103
100.0,4,sr,0,1250,0.5204565703091092
100.0,4,sr,0,1275,0.4502150836790998
100.0,4,sr,0,1300,0.47178163376565735
100.0,4,sr,0,1325,0.4401354153452061
100.0,4,sr,0,1350,0.4485653341951208
100.0,4,sr,0,1375,0.5229725968271638
100.0,4,sr,0,1400,0.5253416788151387
100.0,4,sr,0,1425,0.5261321378756803
100.0,4,sr,0,1450,0.537195302342766
100.0,4,sr,0,1475,0.4254563165504834
100.0,4,sr,0,1500,0.5300224807876168
100.0,4,sr,0,1525,0.5076318282220278
100.0,4,sr,0,1550,0.6188118411454239
100.0,4,sr,0,1575,0.5173624410210733
100.0,4,sr,0,1600,0.5453224618722337
100.0,4,sr,0,1625,0.5227805196417665
100.0,4,sr,0,1650,0.5591373115448914
100.0,4,sr,0,1675,0.49716203358629807
100.0,4,sr,0,1700,0.5678449901882837
100.0,4,sr,0,1725,0.5997746906898102
100.0,4,sr,0,1750,0.5175765999098412
100.0,4,sr,0,1775,0.44701195935024285
100.0,4,sr,0,1800,0.6513966238086487
100.0,4,sr,0,1825,0.5622512565875565
100.0,4,sr,0,1850,0.5523201496952839
100.0,4,sr,0,1875,0.5125284867176405
100.0,4,sr,0,1900,0.4864082518784172
100.0,4,sr,0,1925,0.6634171450353538
100.0,4,sr,0,1950,0.650856434008351
100.0,4,sr,0,1975,0.5338741639248873
100.0,4,sr,0,2000,0.4918865865022865
100.0,4,sr,0,2025,0.4694335245459649
100.0,4,sr,0,2050,0.5634253869594693
100.0,4,sr,0,2075,0.4674978355579835
100.0,4,sr,0,2100,0.49136662647638013
100.0,4,sr,0,2125,0.5342259803956061
100.0,4,sr,0,2150,0.6091171934751918
100.0,4,sr,0,2175,0.47229370893884354
100.0,4,sr,0,2200,0.5231632134916858
100.0,4,sr,0,2225,0.4745397144285303
100.0,4,sr,0,2250,0.5491441955209113
100.0,4,sr,0,2275,0.5591891577023702
100.0,4,sr,0,2300,0.5169502216795143
100.0,4,sr,0,2325,0.4678760230105382
100.0,4,sr,0,2350,0.49381302944867583
100.0,4,sr,0,2375,0.5097366264494411
100.0,4,sr,0,2400,0.4874924472189219
100.0,4,sr,0,2425,0.4920850213923559
100.0,4,sr,0,2450,0.5276712982732266
100.0,4,sr,0,2475,0.38635869538678974
100.0,4,sr,0,2500,0.575642989255509
100.0,4,sr,0,2525,0.6168723028364486
100.0,4,sr,0,2550,0.6117757268053283
100.0,4,sr,0,2575,0.5535066553511647
100.0,4,sr,0,2600,0.6070700795197251
100.0,4,sr,0,2625,0.5186831143205025
100.0,4,sr,0,2650,0.46375400621123414
100.0,4,sr,0,2675,0.609631414152227
100.0,4,sr,0,2700,0.5589569894312101
100.0,4,sr,0,2725,0.5801468749619193
100.0,4,sr,0,2750,0.48774701939654475
100.0,4,sr,0,2775,0.5367171442542316
100.0,4,sr,0,2800,0.539153328182381
100.0,4,sr,0,2825,0.5552157672769918
100.0,4,sr,0,2850,0.5149865541937316
100.0,4,sr,0,2875,0.6082278436839206
100.0,4,sr,0,2900,0.4637275775445535
100.0,4,sr,0,2925,0.4589251216055914
100.0,4,sr,0,2950,0.6357976272475255
100.0,4,sr,0,2975,0.5303902378910391
100.0,4,sr,0,2999,0.5129191482226906
100.0,4,sr,1,0,0.5790284957990968
100.0,4,sr,1,25,0.49638638226338994
100.0,4,sr,1,50,0.5921937090160949
100.0,4,sr,1,75,0.4832728750587876
100.0,4,sr,1,100,0.5189056506746134
100.0,4,sr,1,125,0.43819626041728266
100.0,4,sr,1,150,0.5051737560940839
100.0,4,sr,1,175,0.6099653773520128
100.0,4,sr,1,200,0.5228116664777102
100.0,4,sr,1,225,0.4378245785404518
100.0,4,sr,1,250,0.6647357257835469
100.0,4,sr,1,275,0.6496191652547971
100.0,4,sr,1,300,0.5691509504523928
100.0,4,sr,1,325,0.5590674054741227
100.0,4,sr,1,350,0.6122316144952342
100.0,4,sr,1,375,0.5457001992066078
100.0,4,sr,1,400,0.42448662303577334
100.0,4,sr,1,425,0.6739916133631021
100.0,4,sr,1,450,0.5431996008040876
100.0,4,sr,1,475,0.6076004223450682
100.0,4,sr,1,500,0.491560290965366
100.0,4,sr,1,525,0.543025835972484
100.0,4,sr,1,550,0.47655754798765376
100.0,4,sr,1,575,0.5070990050032254
100.0,4,sr,1,600,0.557004726367789
100.0,4,sr,1,625,0.5983269617287637
100.0,4,sr,1,650,0.610280745725698
100.0,4,sr,1,675,0.6588075203508047
100.0,4,sr,1,700,0.5977127398960617
100.0,4,sr,1,725,0.541844682162482
100.0,4,sr,1,750,0.6002297702501175
100.0,4,sr,1,775,0.4923379901244294
100.0,4,sr,1,800,0.48508665223713204
100.0,4,sr,1,825,0.5243800298498482
100.0,4,sr,1,850,0.5484146468862584
100.0,4,sr,1,875,0.40467656542062264
100.0,4,sr,1,900,0.5475954095284216
100.0,4,sr,1,925,0.4741527439848088
100.0,4,sr,1,950,0.4780787301544104
100.0,4,sr,1,975,0.4627385989420814
100.0,4,sr,1,1000,0.4739692447418586
100.0,4,sr,1,1025,0.5139381923684113
100.0,4,sr,1,1050,0.4931076819767298
100.0,4,sr,1,1075,0.8748090377186294
100.0,4,sr,1,1100,0.6009148081532749
100.0,4,sr,1,1125,0.6512414770192031
100.0,4,sr,1,1150,0.6089142793499539
100.0,4,sr,1,1175,0.5048389105695728
100.0,4,sr,1,1200,0.547058292274715
100.0,4,sr,1,1225,0.7691904926763613
100.0,4,sr,1,1250,0.5105871956766718
100.0,4,sr,1,1275,0.4635866473850095
100.0,4,sr,1,1300,0.4842308629142974
100.0,4,sr,1,1325,0.5411737020238762
100.0,4,sr,1,1350,0.5585346720049854
100.0,4,sr,1,1375,0.6108643212968233
100.0,4,sr,1,1400,0.4924710068876377
100.0,4,sr,1,1425,0.4504121947941128
100.0,4,sr,1,1450,0.5376446279156696
100.0,4,sr,1,1475,0.5743182466159251
100.0,4,sr,1,1500,0.5149756923524009
100.0,4,sr,1,1525,0.4359771445490728
100.0,4,sr,1,1550,0.5138011358727261
100.0,4,sr,1,1575,0.49416573713185163
100.0,4,sr,1,1600,0.5593365369305489
100.0,4,sr,1,1625,0.5399866910713401
100.0,4,sr,1,1650,0.535686911524154
100.0,4,sr,1,1675,0.49705065284689853
100.0,4,sr,1,1700,0.5996072769740232
100.0,4,sr,1,1725,0.5368478996463905
100.0,4,sr,1,1750,0.4157148631594341
100.0,4,sr,1,1775,0.48122474625901823
100.0,4,sr,1,1800,0.44974214605966095
100.0,4,sr,1,1825,0.4803857197016005
100.0,4,sr,1,1850,0.5622374611250509
100.0,4,sr,1,1875,0.5418416852647067
100.0,4,sr,1,1900,0.6022790342332595
100.0,4,sr,1,1925,0.4944249947070324
100.0,4,sr,1,1950,0.47565714483556826
100.0,4,sr,1,1975,0.48222556986319987
100.0,4,sr,1,2000,0.509089479960805
100.0,4,sr,1,2025,0.47779121837054556
100.0,4,sr,1,2050,0.5719543601264235
100.0,4,sr,1,2075,0.4785908929867874
100.0,4,sr,1,2100,0.5934010852295502
100.0,4,sr,1,2125,0.5659586971107806
100.0,4,sr,1,2150,0.5327630945906336
100.0,4,sr,1,2175,0.4863319709328835
100.0,4,sr,1,2200,0.4927398095599126
100.0,4,sr,1,2225,0.530186970953055
100.0,4,sr,1,2250,0.4413737086424824
100.0,4,sr,1,2275,0.5485996928184136
100.0,4,sr,1,2300,0.5080631941267638
100.0,4,sr,1,2325,0.47413155574410826
100.0,4,sr,1,2350,0.6296261253720813
100.0,4,sr,1,2375,0.656743586873241
100.0,4,sr,1,2400,0.6375442917695788
100.0,4,sr,1,2425,0.5917389572714957
100.0,4,sr,1,2450,0.5617472978397201
100.0,4,sr,1,2475,0.6808410253062015
100.0,4,sr,1,2500,0.5893259263258354
100.0,4,sr,1,2525,0.5624839135174929
100.0,4,sr,1,2550,0.5044491728720139
100.0,4,sr,1,2575,0.5898818368229264
100.0,4,sr,1,2600,0.5504223740457702
100.0,4,sr,1,2625,0.4673100534927328
100.0,4,sr,1,2650,0.594350790491464
100.0,4,sr,1,2675,0.5303069822098956
100.0,4,sr,1,2700,0.5151186093468217
100.0,4,sr,1,2725,0.6349754223016303
100.0,4,sr,1,2750,0.5644258186618072
100.0,4,sr,1,2775,0.44995279990313164
100.0,4,sr,1,2800,0.5766708548076467
100.0,4,sr,1,2825,0.5087674435450553
100.0,4,sr,1,2850,0.5937219943972255
100.0,4,sr,1,2875,0.6904249877065733
100.0,4,sr,1,2900,0.5337571234338745
100.0,4,sr,1,2925,0.585568397983687
100.0,4,sr,1,2950,0.6309579801024618
100.0,4,sr,1,2975,0.4661953459308037
100.0,4,sr,1,2999,0.5161044734452944
100.0,4,sr,2,0,0.5245377714937068
100.0,4,sr,2,25,0.5906735910422063
100.0,4,sr,2,50,0.5844935119199605
100.0,4,sr,2,75,0.5268529804808766
100.0,4,sr,2,100,0.5402534457238852
100.0,4,sr,2,125,0.5740724234743708
100.0,4,sr,2,150,0.77876228261788
100.0,4,sr,2,175,0.5388802944790299
100.0,4,sr,2,200,0.5321940996864803
100.0,4,sr,2,225,0.6443914637431608
100.0,4,sr,2,250,0.5818385916378475
100.0,4,sr,2,275,0.5245171959151541
100.0,4,sr,2,300,0.4998812981275944
100.0,4,sr,2,325,0.45592588623604213
100.0,4,sr,2,350,0.6097966838364434
100.0,4,sr,2,375,0.5028740131122844
100.0,4,sr,2,400,0.5401876815261082
100.0,4,sr,2,425,0.5941377568003484
100.0,4,sr,2,450,0.5955632321131092
100.0,4,sr,2,475,0.5867115358751033
100.0,4,sr,2,500,0.41512346259401167
100.0,4,sr,2,525,0.5556634014756131
100.0,4,sr,2,550,0.5897359899668078
100.0,4,sr,2,575,0.5009489478319856
100.0,4,sr,2,600,0.7000127568442793
100.0,4,sr,2,625,0.574502611865556
100.0,4,sr,2,650,0.5605335628761771
100.0,4,sr,2,675,0.719861610589777
100.0,4,sr,2,700,0.46491047803062197
100.0,4,sr,2,725,0.5590095523381271
100.0,4,sr,2,750,0.40453136286234564
100.0,4,sr,2,775,0.45869132811720986
100.0,4,sr,2,800,0.6314895140503358
100.0,4,sr,2,825,0.5801466015150041
100.0,4,sr,2,850,0.5294476102376291
100.0,4,sr,2,875,0.5850609905172305
100.0,4,sr,2,900,0.4775719626875222
100.0,4,sr,2,925,0.5926651664718514
100.0,4,sr,2,950,0.6530810896495376
100.0,4,sr,2,975,0.4995503586376359
100.0,4,sr,2,1000,0.462541086375396
100.0,4,sr,2,1025,0.6465467467979764
100.0,4,sr,2,1050,0.5472505308397078
100.0,4,sr,2,1075,0.47543448937275695
100.0,4,sr,2,1100,0.509928323112298
100.0,4,sr,2,1125,0.4779941951051016
100.0,4,sr,2,1150,0.4231930923800862
100.0,4,sr,2,1175,0.5197927445339127
100.0,4,sr,2,1200,0.5231980148178206
100.0,4,sr,2,1225,0.6122852742085517
100.0,4,sr,2,1250,0.5681383930119523
100.0,4,sr,2,1275,0.4729147203982627
100.0,4,sr,2,1300,0.49283521159237725
100.0,4,sr,2,1325,0.4665741363688036
100.0,4,sr,2,1350,0.5500024828929724
100.0,4,sr,2,1375,0.6191638917707942
100.0,4,sr,2,1400,0.6463822783923543
100.0,4,sr,2,1425,0.6321519516797212
100.0,4,sr,2,1450,0.6566916667086078
100.0,4,sr,2,1475,0.5108048232411819
100.0,4,sr,2,1500,0.5560330357565135
100.0,4,sr,2,1525,0.5223337918541594
100.0,4,sr,2,1550,0.5478309972344387
100.0,4,sr,2,1575,0.470822979864311
100.0,4,sr,2,1600,0.5365191211134357
100.0,4,sr,2,1625,0.5477356447037627
100.0,4,sr,2,1650,0.49606881541779124
100.0,4,sr,2,1675,0.4659848771446236
100.0,4,sr,2,1700,0.5872945297822031
100.0,4,sr,2,1725,0.5742032649931855
100.0,4,sr,2,1750,0.5283410616029085
100.0,4,sr,2,1775,0.44309071182315574
100.0,4,sr,2,1800,0.5395314782797203
100.0,4,sr,2,1825,0.5845824581740647
100.0,4,sr,2,1850,0.5495809573619027
100.0,4,sr,2,1875,0.5557918218751464
100.0,4,sr,2,1900,0.4894832955653269
100.0,4,sr,2,1925,0.5930534514985103
100.0,4,sr,2,1950,0.5462023410144602
100.0,4,sr,2,1975,0.4117624984058588
100.0,4,sr,2,2000,0.45117026173824926
100.0,4,sr,2,2025,0.5480354257232252
100.0,4,sr,2,2050,0.5197359989945896
100.0,4,sr,2,2075,0.530036265229172
100.0,4,sr,2,2100,0.48838636539697244
100.0,4,sr,2,2125,0.48492326293181404
100.0,4,sr,2,2150,0.6191351391075094
100.0,4,sr,2,2175,0.6514133415832031
100.0,4,sr,2,2200,0.5055998430471648
100.0,4,sr,2,2225,0.5533194610404352
100.0,4,sr,2,2250,0.5549330396258926
100.0,4,sr,2,2275,0.5157118202935479
100.0,4,sr,2,2300,0.4459235156708507
100.0,4,sr,2,2325,0.4856799843990122
100.0,4,sr,2,2350,0.500979608609423
100.0,4,sr,2,2375,0.561015209929722
100.0,4,sr,2,2400,0.4781178987108636
100.0,4,sr,2,2425,0.5572626975258418
100.0,4,sr,2,2450,0.6573505219166197
100.0,4,sr,2,2475,0.5464246041787784
100.0,4,sr,2,2500,0.4707060650943065
100.0,4,sr,2,2525,0.6903882987738243
100.0,4,sr,2,2550,0.5910825101748758
100.0,4,sr,2,2575,0.647232566881162
100.0,4,sr,2,2600,0.5463287580926959
100.0,4,sr,2,2625,0.5106497540845253
100.0,4,sr,2,2650,0.5642576761751668
100.0,4,sr,2,2675,0.46564502663806573
100.0,4,sr,2,2700,0.47942473894076376
100.0,4,sr,2,2725,0.5055881501138941
100.0,4,sr,2,2750,0.5061746765562037
100.0,4,sr,2,2775,0.6922081892143844
100.0,4,sr,2,2800,0.57823921136498
100.0,4,sr,2,2825,0.5434619114178614
100.0,4,sr,2,2850,0.5391083814996253
100.0,4,sr,2,2875,0.5038223233069125
100.0,4,sr,2,2900,0.4845146798093422
100.0,4,sr,2,2925,0.4612508229907796
100.0,4,sr,2,2950,0.5466373438387394
100.0,4,sr,2,2975,0.5123227154762492
100.0,4,sr,2,2999,0.46767068767517106
100.0,4,ef,0,0,0.42800712494161475
100.0,4,ef,0,25,0.7213412501260411
100.0,4,ef,0,50,1.0038577186992166
100.0,4,ef,0,75,0.8330568922303909
100.0,4,ef,0,100,0.7688986320684689
100.0,4,ef,0,125,0.799534558994321
100.0,4,ef,0,150,1.0153225270584474
100.0,4,ef,0,175,0.8242309822876229
100.0,4,ef,0,200,1.2437788094802682
100.0,4,ef,0,225,0.6881642445717548
100.0,4,ef,0,250,0.7588074616146809
100.0,4,ef,0,275,1.210739580482281
100.0,4,ef,0,300,0.7429454484724306
100.0,4,ef,0,325,0.8589762779634535
100.0,4,ef,0,350,0.8455215851749036
100.0,4,ef,0,375,1.0573368834367802
100.0,4,ef,0,400,1.10491643633323
100.0,4,ef,0,425,0.9725744354248069
100.0,4,ef,0,450,1.3461599293730757
100.0,4,ef,0,475,0.9445583232453931
100.0,4,ef,0,500,0.7483754595637899
100.0,4,ef,0,525,0.6077959070366004
100.0,4,ef,0,550,1.1982531249491353
100.0,4,ef,0,575,0.8496728410807587
100.0,4,ef,0,600,1.33575180110912
100.0,4,ef,0,625,1.0397483047702454
100.0,4,ef,0,650,0.7552954881172329
100.0,4,ef,0,675,0.9997646473927383
100.0,4,ef,0,700,0.900220152180931
100.0,4,ef,0,725,0.8507534892897957
100.0,4,ef,0,750,0.8690929519407682
100.0,4,ef,0,775,0.5980521296084088
100.0,4,ef,0,800,0.6341152128212448
100.0,4,ef,0,825,0.8071094426730185
100.0,4,ef,0,850,1.045766781820136
100.0,4,ef,0,875,0.8779133634437709
100.0,4,ef,0,900,1.2304092478694557
100.0,4,ef,0,925,0.5929924496695373
100.0,4,ef,0,950,0.8543787451623613
100.0,4,ef,0,975,0.5930451486127475
100.0,4,ef,0,1000,1.0260625161587416
100.0,4,ef,0,1025,1.0439589773470395
100.0,4,ef,0,1050,0.7367290231012481
100.0,4,ef,0,1075,1.220816545995089
100.0,4,ef,0,1100,1.2901234377141246
100.0,4,ef,0,1125,0.9830692836738698
100.0,4,ef,0,1150,0.7027866281646188
100.0,4,ef,0,1175,0.9151457749821705
100.0,4,ef,0,1200,0.8626907155686538
100.0,4,ef,0,1225,0.7200604473960946
100.0,4,ef,0,1250,0.8090049452284209
100.0,4,ef,0,1275,0.6876857452541124
100.0,4,ef,0,1300,0.947221416180119
100.0,4,ef,0,1325,1.0335918591008086
100.0,4,ef,0,1350,1.1181133151677884
100.0,4,ef,0,1375,0.7931073489486844
100.0,4,ef,0,1400,0.9464104511521764
100.0,4,ef,0,1425,0.974597621602787
100.0,4,ef,0,1450,0.7327110519016095
100.0,4,ef,0,1475,1.3114260211248783
100.0,4,ef,0,1500,0.7707505043407843
100.0,4,ef,0,1525,0.6801362769013872
100.0,4,ef,0,1550,0.7932073706778215
100.0,4,ef,0,1575,0.7953286824976139
100.0,4,ef,0,1600,1.139266815029455
100.0,4,ef,0,1625,0.940038777000352
100.0,4,ef,0,1650,0.6765741337977649
100.0,4,ef,0,1675,1.061852806806714
100.0,4,ef,0,1700,0.8477561623820745
100.0,4,ef,0,1725,0.8523259955305483
100.0,4,ef,0,1750,1.0650679600002533
100.0,4,ef,0,1775,0.8165816115100933
100.0,4,ef,0,1800,0.6665620434918607
100.0,4,ef,0,1825,0.8874693112143573
100.0,4,ef,0,1850,0.8020186035269946
100.0,4,ef,0,1875,0.73027065629169
100.0,4,ef,0,1900,0.6911296256144472
100.0,4,ef,0,1925,0.8179288507468501
100.0,4,ef,0,1950,0.816194676566339
100.0,4,ef,0,1975,0.7214051170604053
100.0,4,ef,0,2000,0.9848889659041291
100.0,4,ef,0,2025,0.7029621098363048
100.0,4,ef,0,2050,0.7855896961484088
100.0,4,ef,0,2075,0.7583963031766103
100.0,4,ef,0,2100,0.9816566622789675
100.0,4,ef,0,2125,0.9110798998581922
100.0,4,ef,0,2150,0.8684098412989196
100.0,4,ef,0,2175,0.9508993693022548
100.0,4,ef,0,2200,1.0302318815931106
100.0,4,ef,0,2225,0.8306208017296545
100.0,4,ef,0,2250,0.7795081628753073
100.0,4,ef,0,2275,1.028453755261122
100.0,4,ef,0,2300,0.8011897396343142
100.0,4,ef,0,2325,0.8436425299202562
100.0,4,ef,0,2350,0.9965656124359487
100.0,4,ef,0,2375,0.9384576272714166
100.0,4,ef,0,2400,1.024148851917829
100.0,4,ef,0,2425,0.8066119252488696
100.0,4,ef,0,2450,0.7245637102626453
100.0,4,ef,0,2475,0.9450931970918484
100.0,4,ef,0,2500,0.7941316481617792
100.0,4,ef,0,2525,0.7165505815521686
100.0,4,ef,0,2550,0.6071662070343536
100.0,4,ef,0,2575,1.140572356601091
100.0,4,ef,0,2600,0.8003683443384074
100.0,4,ef,0,2625,0.9027593227591996
100.0,4,ef,0,2650,0.7275300090297357
100.0,4,ef,0,2675,1.0032325022823503
100.0,4,ef,0,2700,0.8964776085311243
100.0,4,ef,0,2725,0.8230752235986889
100.0,4,ef,0,2750,0.692287609705849
100.0,4,ef,0,2775,0.8133717779862927
100.0,4,ef,0,2800,0.7140799562023838
100.0,4,ef,0,2825,0.9968867033136612
100.0,4,ef,0,2850,0.9051623369018971
100.0,4,ef,0,2875,0.7679628368739148
100.0,4,ef,0,2900,0.8958042379428495
100.0,4,ef,0,2925,0.8482108650248856
100.0,4,ef,0,2950,0.7309679517886246
100.0,4,ef,0,2975,1.0623837305761596
100.0,4,ef,0,2999,0.8341924205032301
100.0,4,ef,1,0,0.42800712494161475
100.0,4,ef,1,25,0.7213412501260411
100.0,4,ef,1,50,1.0038577186992166
100.0,4,ef,1,75,0.8330568922303909
100.0,4,ef,1,100,0.7688986320684689
100.0,4,ef,1,125,0.799534558994321
100.0,4,ef,1,150,1.0153225270584474
100.0,4,ef,1,175,0.8242309822876229
100.0,4,ef,1,200,1.2437788094802682
100.0,4,ef,1,225,0.6881642445717548
100.0,4,ef,1,250,0.7588074616146809
100.0,4,ef,1,275,1.210739580482281
100.0,4,ef,1,300,0.7429454484724306
100.0,4,ef,1,325,0.8589762779634535
100.0,4,ef,1,350,0.8455215851749036
100.0,4,ef,1,375,1.0573368834367802
100.0,4,ef,1,400,1.10491643633323
100.0,4,ef,1,425,0.9725744354248069
100.0,4,ef,1,450,1.3461599293730757
100.0,4,ef,1,475,0.9445583232453931
100.0,4,ef,1,500,0.7483754595637899
100.0,4,ef,1,525,0.6077959070366004
100.0,4,ef,1,550,1.1982531249491353
100.0,4,ef,1,575,0.8496728410807587
100.0,4,ef,1,600,1.33575180110912
100.0,4,ef,1,625,1.0397483047702454
100.0,4,ef,1,650,0.7552954881172329
100.0,4,ef,1,675,0.9997646473927383
100.0,4,ef,1,700,0.900220152180931
100.0,4,ef,1,725,0.8507534892897957
100.0,4,ef,1,750,0.8690929519407682
100.0,4,ef,1,775,0.5980521296084088
100.0,4,ef,1,800,0.6341152128212448
100.0,4,ef,1,825,0.8071094426730185
100.0,4,ef,1,850,1.045766781820136
100.0,4,ef,1,875,0.8779133634437709
100.0,4,ef,1,900,1.2304092478694557
100.0,4,ef,1,925,0.5929924496695373
100.0,4,ef,1,950,0.8543787451623613
100.0,4,ef,1,975,0.5930451486127475
100.0,4,ef,1,1000,1.0260625161587416
100.0,4,ef,1,1025,1.0439589773470395
100.0,4,ef,1,1050,0.7367290231012481
100.0,4,ef,1,1075,1.220816545995089
100.0,4,ef,1,1100,1.2901234377141246
100.0,4,ef,1,1125,0.9830692836738698
100.0,4,ef,1,1150,0.7027866281646188
100.0,4,ef,1,1175,0.9151457749821705
100.0,4,ef,1,1200,0.8626907155686538
100.0,4,ef,1,1225,0.7200604473960946
100.0,4,ef,1,1250,0.8090049452284209
100.0,4,ef,1,1275,0.6876857452541124
100.0,4,ef,1,1300,0.947221416180119
100.0,4,ef,1,1325,1.0335918591008086
100.0,4,ef,1,1350,1.1181133151677884
100.0,4,ef,1,1375,0.7931073489486844
100.0,4,ef,1,1400,0.9464104511521764
100.0,4,ef,1,1425,0.974597621602787
100.0,4,ef,1,1450,0.7327110519016095
100.0,4,ef,1,1475,1.3114260211248783
100.0,4,ef,1,1500,0.7707505043407843
100.0,4,ef,1,1525,0.6801362769013872
100.0,4,ef,1,1550,0.7932073706778215
100.0,4,ef,1,1575,0.7953286824976139
100.0,4,ef,1,1600,1.139266815029455
100.0,4,ef,1,1625,0.940038777000352
100.0,4,ef,1,1650,0.6765741337977649
100.0,4,ef,1,1675,1.061852806806714
100.0,4,ef,1,1700,0.8477561623820745
100.0,4,ef,1,1725,0.8523259955305483
100.0,4,ef,1,1750,1.0650679600002533
100.0,4,ef,1,1775,0.8165816115100933
100.0,4,ef,1,1800,0.6665620434918607
100.0,4,ef,1,1825,0.8874693112143573
100.0,4,ef,1,1850,0.8020186035269946
100.0,4,ef,1,1875,0.73027065629169
100.0,4,ef,1,1900,0.6911296256144472
100.0,4,ef,1,1925,0.8179288507468501
100.0,4,ef,1,1950,0.816194676566339
100.0,4,ef,1,1975,0.7214051170604053
100.0,4,ef,1,2000,0.9848889659041291
100.0,4,ef,1,2025,0.7029621098363048
100.0,4,ef,1,2050,0.7855896961484088
100.0,4,ef,1,2075,0.7583963031766103
100.0,4,ef,1,2100,0.9816566622789675
100.0,4,ef,1,2125,0.9110798998581922
100.0,4,ef,1,2150,0.8684098412989196
100.0,4,ef,1,2175,0.9508993693022548
100.0,4,ef,1,2200,1.0302318815931106
100.0,4,ef,1,2225,0.8306208017296545
100.0,4,ef,1,2250,0.7795081628753073
100.0,4,ef,1,2275,1.028453755261122
100.0,4,ef,1,2300,0.8011897396343142
100.0,4,ef,1,2325,0.8436425299202562
100.0,4,ef,1,2350,0.9965656124359487
100.0,4,ef,1,2375,0.9384576272714166
100.0,4,ef,1,2400,1.024148851917829
100.0,4,ef,1,2425,0.8066119252488696
100.0,4,ef,1,2450,0.7245637102626453
100.0,4,ef,1,2475,0.9450931970918484
100.0,4,ef,1,2500,0.7941316481617792
100.0,4,ef,1,2525,0.7165505815521686
100.0,4,ef,1,2550,0.6071662070343536
100.0,4,ef,1,2575,1.140572356601091
100.0,4,ef,1,2600,0.8003683443384074
100.0,4,ef,1,2625,0.9027593227591996
100.0,4,ef,1,2650,0.7275300090297357
100.0,4,ef,1,2675,1.0032325022823503
100.0,4,ef,1,2700,0.8964776085311243
100.0,4,ef,1,2725,0.8230752235986889
100.0,4,ef,1,2750,0.692287609705849
100.0,4,ef,1,2775,0.8133717779862927
100.0,4,ef,1,2800,0.7140799562023838
100.0,4,ef,1,2825,0.9968867033136612
100.0,4,ef,1,2850,0.9051623369018971
100.0,4,ef,1,2875,0.7679628368739148
100.0,4,ef,1,2900,0.8958042379428495
100.0,4,ef,1,2925,0.8482108650248856
100.0,4,ef,1,2950,0.7309679517886246
100.0,4,ef,1,2975,1.0623837305761596
100.0,4,ef,1,2999,0.8341924205032301
100.0,4,ef,2,0,0.42800712494161475
100.0,4,ef,2,25,0.7213412501260411
100.0,4,ef,2,50,1.0038577186992166
100.0,4,ef,2,75,0.8330568922303909
100.0,4,ef,2,100,0.7688986320684689
100.0,4,ef,2,125,0.799534558994321
100.0,4,ef,2,150,1.0153225270584474
100.0,4,ef,2,175,0.8242309822876229
100.0,4,ef,2,200,1.2437788094802682
100.0,4,ef,2,225,0.6881642445717548
100.0,4,ef,2,250,0.7588074616146809
100.0,4,ef,2,275,1.210739580482281
100.0,4,ef,2,300,0.7429454484724306
100.0,4,ef,2,325,0.8589762779634535
100.0,4,ef,2,350,0.8455215851749036
100.0,4,ef,2,375,1.0573368834367802
100.0,4,ef,2,400,1.10491643633323
100.0,4,ef,2,425,0.9725744354248069
100.0,4,ef,2,450,1.3461599293730757
100.0,4,ef,2,475,0.9445583232453931
100.0,4,ef,2,500,0.7483754595637899
100.0,4,ef,2,525,0.6077959070366004
100.0,4,ef,2,550,1.1982531249491353
100.0,4,ef,2,575,0.8496728410807587
100.0,4,ef,2,600,1.33575180110912
100.0,4,ef,2,625,1.0397483047702454
100.0,4,ef,2,650,0.7552954881172329
100.0,4,ef,2,675,0.9997646473927383
100.0,4,ef,2,700,0.900220152180931
100.0,4,ef,2,725,0.8507534892897957
100.0,4,ef,2,750,0.8690929519407682
100.0,4,ef,2,775,0.5980521296084088
100.0,4,ef,2,800,0.6341152128212448
100.0,4,ef,2,825,0.8071094426730185
100.0,4,ef,2,850,1.045766781820136
100.0,4,ef,2,875,0.8779133634437709
100.0,4,ef,2,900,1.2304092478694557
100.0,4,ef,2,925,0.5929924496695373
100.0,4,ef,2,950,0.8543787451623613
100.0,4,ef,2,975,0.5930451486127475
100.0,4,ef,2,1000,1.0260625161587416
100.0,4,ef,2,1025,1.0439589773470395
100.0,4,ef,2,1050,0.7367290231012481
100.0,4,ef,2,1075,1.220816545995089
100.0,4,ef,2,1100,1.2901234377141246
100.0,4,ef,2,1125,0.9830692836738698
100.0,4,ef,2,1150,0.7027866281646188
100.0,4,ef,2,1175,0.9151457749821705
100.0,4,ef,2,1200,0.8626907155686538
100.0,4,ef,2,1225,0.7200604473960946
100.0,4,ef,2,1250,0.8090049452284209
100.0,4,ef,2,1275,0.6876857452541124
100.0,4,ef,2,1300,0.947221416180119
100.0,4,ef,2,1325,1.0335918591008086
100.0,4,ef,2,1350,1.1181133151677884
100.0,4,ef,2,1375,0.7931073489486844
100.0,4,ef,2,1400,0.9464104511521764
100.0,4,ef,2,1425,0.974597621602787
100.0,4,ef,2,1450,0.7327110519016095
100.0,4,ef,2,1475,1.3114260211248783
100.0,4,ef,2,1500,0.7707505043407843
100.0,4,ef,2,1525,0.6801362769013872
100.0,4,ef,2,1550,0.7932073706778215
100.0,4,ef,2,1575,0.7953286824976139
100.0,4,ef,2,1600,1.139266815029455
100.0,4,ef,2,1625,0.940038777000352
100.0,4,ef,2,1650,0.6765741337977649
100.0,4,ef,2,1675,1.061852806806714
100.0,4,ef,2,1700,0.8477561623820745
100.0,4,ef,2,1725,0.8523259955305483
100.0,4,ef,2,1750,1.0650679600002533
100.0,4,ef,2,1775,0.8165816115100933
100.0,4,ef,2,1800,0.6665620434918607
100.0,4,ef,2,1825,0.8874693112143573
100.0,4,ef,2,1850,0.8020186035269946
100.0,4,ef,2,1875,0.73027065629169
100.0,4,ef,2,1900,0.6911296256144472
100.0,4,ef,2,1925,0.8179288507468501
100.0,4,ef,2,1950,0.816194676566339
100.0,4,ef,2,1975,0.7214051170604053
100.0,4,ef,2,2000,0.9848889659041291
100.0,4,ef,2,2025,0.7029621098363048
100.0,4,ef,2,2050,0.7855896961484088
100.0,4,ef,2,2075,0.7583963031766103
100.0,4,ef,2,2100,0.9816566622789675
100.0,4,ef,2,2125,0.9110798998581922
100.0,4,ef,2,2150,0.8684098412989196
100.0,4,ef,2,2175,0.9508993693022548
100.0,4,ef,2,2200,1.0302318815931106
100.0,4,ef,2,2225,0.8306208017296545
100.0,4,ef,2,2250,0.7795081628753073
100.0,4,ef,2,2275,1.028453755261122
100.0,4,ef,2,2300,0.8011897396343142
100.0,4,ef,2,2325,0.8436425299202562
100.0,4,ef,2,2350,0.9965656124359487
100.0,4,ef,2,2375,0.9384576272714166
100.0,4,ef,2,2400,1.024148851917829
100.0,4,ef,2,2425,0.8066119252488696
100.0,4,ef,2,2450,0.7245637102626453
100.0,4,ef,2,2475,0.9450931970918484
100.0,4,ef,2,2500,0.7941316481617792
100.0,4,ef,2,2525,0.7165505815521686
100.0,4,ef,2,2550,0.6071662070343536
100.0,4,ef,2,2575,1.140572356601091
100.0,4,ef,2,2600,0.8003683443384074
100.0,4,ef,2,2625,0.9027593227591996
100.0,4,ef,2,2650,0.7275300090297357
100.0,4,ef,2,2675,1.0032325022823503
100.0,4,ef,2,2700,0.8964776085311243
100.0,4,ef,2,2725,0.8230752235986889
100.0,4,ef,2,2750,0.692287609705849
100.0,4,ef,2,2775,0.8133717779862927
100.0,4,ef,2,2800,0.7140799562023838
100.0,4,ef,2,2825,0.9968867033136612
100.0,4,ef,2,2850,0.9051623369018971
100.0,4,ef,2,2875,0.7679628368739148
100.0,4,ef,2,2900,0.8958042379428495
100.0,4,ef,2,2925,0.8482108650248856
100.0,4,ef,2,2950,0.7309679517886246
100.0,4,ef,2,2975,1.0623837305761596
100.0,4,ef,2,2999,0.8341924205032301
